shipment_id,ship_date_key,customer_id,carrier_id,route_id,planned_mode,actual_mode,weight_kg,promised_delivery_date,actual_delivery_date,base_freight_inr,fuel_surcharge_inr,handling_charge_inr,expedite_fee_inr,recorded_freight_inr,baseline_rate_inr_kg,baseline_fuel_inr,baseline_handling_inr,modeled_baseline_inr,expedited_flag,delay_reason,data_type
SIM-00001,20250101,7,2,7,Sea,Air,785.72,2025-01-25,2025-01-11,139500.77,21734.22,1933.23,8844.35,172012.57,25.60,2413.73,1800.00,24328.16,1,None,SYNTHETIC
SIM-00002,20250101,6,2,4,Road,Road,5415.15,2025-01-06,2025-01-06,73238.34,6335.12,2576.43,0.00,82149.89,14.40,9357.38,1800.00,89135.54,0,None,SYNTHETIC
SIM-00003,20250101,10,2,5,Sea,Sea,4409.72,2025-01-25,2025-01-25,177336.71,22308.96,2213.51,0.00,201859.18,38.40,20319.99,1800.00,191453.24,0,None,SYNTHETIC
SIM-00004,20250102,4,1,7,Sea,Sea,2883.92,2025-01-26,2025-01-25,66121.17,5838.50,2845.82,0.00,74805.49,25.60,8859.40,1800.00,84487.75,0,None,SYNTHETIC
SIM-00005,20250102,9,4,2,Road,Road,4210.65,2025-01-07,2025-01-07,117639.76,10975.79,1187.44,0.00,129802.99,25.20,12733.01,1800.00,120641.39,0,None,SYNTHETIC
SIM-00006,20250102,6,2,5,Air,Air,452.86,2025-01-06,2025-01-06,120619.04,11072.83,2190.42,0.00,133882.29,252.00,13694.49,1800.00,129615.21,0,None,SYNTHETIC
SIM-00007,20250103,6,5,5,Sea,Sea,5805.21,2025-01-27,2025-01-31,210773.28,18000.04,2046.51,0.00,230819.83,38.40,26750.41,1800.00,251470.47,0,Weather,SYNTHETIC
SIM-00008,20250103,10,5,3,Road,Road,1584.93,2025-01-08,2025-01-12,28181.85,2688.55,1393.71,0.00,32264.11,19.80,3765.79,1800.00,36947.40,0,Weather,SYNTHETIC
SIM-00009,20250104,1,3,6,Sea,Sea,5781.73,2025-01-31,2025-02-01,284694.48,38519.16,2103.60,0.00,325317.24,51.20,35522.95,1800.00,333347.53,0,Weather,SYNTHETIC
SIM-00010,20250104,6,2,2,Road,Road,5341.21,2025-01-09,2025-01-09,118878.09,13112.25,1609.95,0.00,133600.29,25.20,16151.82,1800.00,152550.31,0,None,SYNTHETIC
SIM-00011,20250104,9,3,3,Road,Road,2761.20,2025-01-09,2025-01-09,54658.75,8477.57,2851.50,0.00,65987.82,19.80,6560.61,1800.00,63032.37,0,None,SYNTHETIC
SIM-00012,20250105,8,3,5,Sea,Sea,4971.66,2025-01-29,2025-01-29,204161.97,34421.71,1505.67,0.00,240089.35,38.40,22909.41,1800.00,215621.15,0,None,SYNTHETIC
SIM-00013,20250106,7,5,8,Air,Air,699.81,2025-01-10,2025-01-08,135703.63,21848.28,2071.26,20681.23,180304.40,189.00,15871.69,1800.00,149935.78,1,None,SYNTHETIC
SIM-00014,20250106,4,1,2,Road,Road,5795.14,2025-01-11,2025-01-10,148997.35,15078.53,2343.46,0.00,166419.34,25.20,17524.50,1800.00,165362.03,0,None,SYNTHETIC
SIM-00015,20250107,6,5,6,Sea,Sea,5010.14,2025-02-03,2025-02-03,222374.16,27507.68,2521.33,0.00,252403.17,51.20,30782.30,1800.00,289101.47,0,None,SYNTHETIC
SIM-00016,20250107,12,5,1,Road,Road,2874.13,2025-01-12,2025-01-12,45101.42,5389.62,2174.62,0.00,52665.66,18.00,6208.12,1800.00,59742.46,0,None,SYNTHETIC
SIM-00017,20250107,9,2,4,Road,Road,5893.17,2025-01-12,2025-01-12,80886.73,7417.31,2718.84,0.00,91022.88,14.40,10183.40,1800.00,96845.05,0,None,SYNTHETIC
SIM-00018,20250107,12,4,2,Road,Road,2205.79,2025-01-12,2025-01-19,59100.81,5986.91,1325.83,0.00,66413.55,25.20,6670.31,1800.00,64056.22,0,Documentation,SYNTHETIC
SIM-00019,20250108,5,1,5,Sea,Sea,4138.62,2025-02-01,2025-02-01,151403.80,13111.57,2679.41,0.00,167194.78,38.40,19070.76,1800.00,179793.77,0,None,SYNTHETIC
SIM-00020,20250108,6,3,2,Road,Road,5460.99,2025-01-13,2025-01-19,157433.27,24575.33,1244.35,0.00,183252.95,25.20,16514.03,1800.00,155930.98,0,Capacity constraint,SYNTHETIC
SIM-00021,20250109,1,2,1,Road,Road,4118.64,2025-01-14,2025-01-13,65130.53,10531.61,2174.18,0.00,77836.32,18.00,8896.26,1800.00,84831.78,0,None,SYNTHETIC
SIM-00022,20250109,11,3,7,Sea,Sea,4882.86,2025-02-02,2025-02-02,135397.59,16098.77,1252.48,0.00,152748.84,25.60,15000.15,1800.00,141801.37,0,None,SYNTHETIC
SIM-00023,20250109,12,4,8,Air,Air,810.74,2025-01-13,2025-01-11,149347.05,22118.30,1214.64,13247.08,185927.07,189.00,18387.58,1800.00,173417.44,1,None,SYNTHETIC
SIM-00024,20250109,10,4,7,Air,Air,164.25,2025-01-13,2025-01-13,27702.25,3454.47,1864.34,0.00,33021.06,168.00,3311.28,1800.00,32705.28,0,None,SYNTHETIC
SIM-00025,20250110,1,5,4,Road,Road,683.36,2025-01-15,2025-01-14,9113.39,1070.82,1971.66,0.00,12155.87,14.40,1180.85,1800.00,12821.23,0,None,SYNTHETIC
SIM-00026,20250110,2,3,4,Road,Road,676.68,2025-01-15,2025-01-17,11049.87,930.40,1625.11,1822.12,15427.50,14.40,1169.30,1800.00,12713.49,1,Weather,SYNTHETIC
SIM-00027,20250110,7,2,7,Sea,Sea,1771.13,2025-02-03,2025-02-09,46709.95,5413.68,2381.19,0.00,54504.82,25.60,5440.91,1800.00,52581.84,0,Capacity constraint,SYNTHETIC
SIM-00028,20250110,8,5,1,Road,Road,3862.38,2025-01-15,2025-01-15,62086.88,8692.16,2281.70,0.00,73060.74,18.00,8342.74,1800.00,79665.58,0,None,SYNTHETIC
SIM-00029,20250110,7,4,7,Sea,Sea,2424.32,2025-02-03,2025-02-02,62573.74,10161.98,2302.49,0.00,75038.21,25.60,7447.51,1800.00,71310.10,0,None,SYNTHETIC
SIM-00030,20250110,3,5,7,Air,Air,589.98,2025-01-14,2025-01-16,95542.39,9955.52,2718.40,0.00,108216.31,168.00,11894.00,1800.00,112810.64,0,Documentation,SYNTHETIC
SIM-00031,20250111,9,5,6,Air,Air,247.96,2025-01-18,2025-01-18,80657.26,9727.27,1435.19,0.00,91819.72,336.00,9997.75,1800.00,95112.31,0,None,SYNTHETIC
SIM-00032,20250112,12,5,3,Road,Road,1438.31,2025-01-17,2025-01-16,29985.25,3565.25,1582.86,0.00,35133.36,19.80,3417.42,1800.00,33695.96,0,None,SYNTHETIC
SIM-00033,20250113,9,4,1,Road,Road,1850.23,2025-01-18,2025-01-22,35457.21,4467.61,2332.57,0.00,42257.39,18.00,3996.50,1800.00,39100.64,0,Capacity constraint,SYNTHETIC
SIM-00034,20250113,6,5,4,Road,Road,4910.76,2025-01-18,2025-01-18,67025.21,10670.41,2171.31,0.00,79866.93,14.40,8485.79,1800.00,81000.73,0,None,SYNTHETIC
SIM-00035,20250115,3,3,2,Road,Road,4006.62,2025-01-20,2025-01-23,105427.21,16541.53,2398.31,0.00,124367.05,25.20,12116.02,1800.00,114882.84,0,Weather,SYNTHETIC
SIM-00036,20250115,10,2,2,Road,Road,4098.15,2025-01-20,2025-01-20,111956.24,12136.06,2253.98,0.00,126346.28,25.20,12392.81,1800.00,117466.19,0,None,SYNTHETIC
SIM-00037,20250115,12,1,1,Road,Road,5317.41,2025-01-20,2025-01-19,79233.00,12716.90,2159.85,0.00,94109.75,18.00,11485.61,1800.00,108998.99,0,None,SYNTHETIC
SIM-00038,20250115,7,1,4,Road,Road,3757.76,2025-01-20,2025-01-20,52009.74,8841.66,1726.97,0.00,62578.37,14.40,6493.41,1800.00,62405.15,0,None,SYNTHETIC
SIM-00039,20250116,6,1,5,Sea,Sea,1328.45,2025-02-09,2025-02-08,45425.65,7104.57,2237.09,0.00,54767.31,38.40,6121.50,1800.00,58933.98,0,None,SYNTHETIC
SIM-00040,20250116,10,4,1,Road,Road,5469.73,2025-01-21,2025-01-21,109451.17,15235.60,2280.17,0.00,126966.94,18.00,11814.62,1800.00,112069.76,0,None,SYNTHETIC
SIM-00041,20250117,8,2,2,Road,Road,2352.38,2025-01-22,2025-01-22,57528.97,6075.06,2647.85,0.00,66251.88,25.20,7113.60,1800.00,68193.58,0,None,SYNTHETIC
SIM-00042,20250117,12,1,2,Road,Road,939.70,2025-01-22,2025-01-28,22324.11,1850.67,2023.03,0.00,26197.81,25.20,2841.65,1800.00,28322.09,0,Capacity constraint,SYNTHETIC
SIM-00043,20250117,4,2,2,Road,Road,4470.09,2025-01-22,2025-01-22,101826.68,11923.90,1931.35,0.00,115681.93,25.20,13517.55,1800.00,127963.82,0,None,SYNTHETIC
SIM-00044,20250118,10,3,6,Sea,Sea,5481.08,2025-02-14,2025-02-13,270920.91,43916.28,2683.17,0.00,317520.36,51.20,33675.76,1800.00,316107.06,0,None,SYNTHETIC
SIM-00045,20250118,6,3,8,Sea,Sea,4441.28,2025-02-11,2025-02-13,121325.06,14267.83,2289.58,0.00,137882.47,28.80,15349.06,1800.00,145057.92,0,Weather,SYNTHETIC
SIM-00046,20250118,3,1,8,Sea,Sea,809.06,2025-02-11,2025-02-11,21717.57,2056.65,1238.61,0.00,25012.83,28.80,2796.11,1800.00,27897.04,0,None,SYNTHETIC
SIM-00047,20250118,9,3,2,Road,Road,3537.79,2025-01-23,2025-01-22,92275.45,11663.62,1859.05,0.00,105798.12,25.20,10698.28,1800.00,101650.59,0,None,SYNTHETIC
SIM-00048,20250118,2,2,1,Road,Road,2807.28,2025-01-23,2025-01-23,48727.56,7430.95,2223.25,0.00,58381.76,18.00,6063.72,1800.00,58394.76,0,None,SYNTHETIC
SIM-00049,20250120,6,4,5,Sea,Sea,5046.94,2025-02-13,2025-02-13,193533.30,15985.85,2727.31,0.00,212246.46,38.40,23256.30,1800.00,218858.80,0,None,SYNTHETIC
SIM-00050,20250120,1,5,6,Air,Air,659.07,2025-01-27,2025-01-27,209740.24,35592.92,2760.29,0.00,248093.45,336.00,26573.70,1800.00,249821.22,0,None,SYNTHETIC
SIM-00051,20250120,11,3,5,Air,Air,604.54,2025-01-24,2025-01-24,139838.08,12305.75,2676.47,0.00,154820.30,252.00,18281.29,1800.00,172425.37,0,None,SYNTHETIC
SIM-00052,20250121,2,5,4,Road,Road,2536.50,2025-01-26,2025-01-29,36254.34,5412.77,1369.43,0.00,43036.54,14.40,4383.07,1800.00,42708.67,0,Weather,SYNTHETIC
SIM-00053,20250121,9,5,7,Sea,Sea,5397.54,2025-02-14,2025-02-13,116974.99,15136.56,1213.80,0.00,133325.35,25.60,16581.24,1800.00,156558.26,0,None,SYNTHETIC
SIM-00054,20250121,9,3,8,Sea,Sea,4541.85,2025-02-14,2025-02-18,119156.44,14179.62,1762.14,0.00,135098.20,28.80,15696.63,1800.00,148301.91,0,Weather,SYNTHETIC
SIM-00055,20250122,2,1,7,Sea,Sea,2891.89,2025-02-15,2025-02-15,71355.38,10553.46,1921.01,0.00,83829.85,25.60,8883.89,1800.00,84716.27,0,None,SYNTHETIC
SIM-00056,20250122,11,4,2,Road,Road,5366.33,2025-01-27,2025-01-27,160016.56,16321.69,1363.77,0.00,177702.02,25.20,16227.78,1800.00,153259.30,0,None,SYNTHETIC
SIM-00057,20250122,7,3,4,Road,Road,1766.66,2025-01-27,2025-01-26,23472.48,2736.89,2151.07,0.00,28360.44,14.40,3052.79,1800.00,30292.69,0,None,SYNTHETIC
SIM-00058,20250122,7,1,4,Road,Road,1580.83,2025-01-27,2025-01-29,20381.35,2877.85,2849.46,2678.11,28786.77,14.40,2731.67,1800.00,27295.62,1,Documentation,SYNTHETIC
SIM-00059,20250123,6,4,5,Air,Air,855.55,2025-01-27,2025-01-28,249112.74,27825.89,2276.13,0.00,279214.76,252.00,25871.83,1800.00,243270.43,0,Documentation,SYNTHETIC
SIM-00060,20250123,2,4,2,Road,Road,5248.23,2025-01-28,2025-01-27,155523.43,17060.92,2774.18,0.00,175358.53,25.20,15870.65,1800.00,149926.05,0,None,SYNTHETIC
SIM-00061,20250123,9,3,2,Road,Road,3348.64,2025-01-28,2025-01-27,77537.92,8156.99,2584.44,0.00,88279.35,25.20,10126.29,1800.00,96312.02,0,None,SYNTHETIC
SIM-00062,20250123,12,4,3,Road,Road,5985.35,2025-01-28,2025-01-28,119793.79,19801.91,1357.29,0.00,140952.99,19.80,14221.19,1800.00,134531.12,0,None,SYNTHETIC
SIM-00063,20250123,2,1,2,Road,Road,1845.18,2025-01-28,2025-01-28,48442.04,4761.85,1609.85,0.00,54813.74,25.20,5579.82,1800.00,53878.36,0,None,SYNTHETIC
SIM-00064,20250123,2,4,6,Air,Air,433.67,2025-01-30,2025-01-30,143644.98,22020.78,1738.83,0.00,167404.59,336.00,17485.57,1800.00,164998.69,0,None,SYNTHETIC
SIM-00065,20250124,12,2,2,Road,Road,1721.44,2025-01-29,2025-01-29,39729.00,4342.38,2318.19,0.00,46389.57,25.20,5205.63,1800.00,50385.92,0,None,SYNTHETIC
SIM-00066,20250124,12,2,6,Sea,Sea,3530.98,2025-02-20,2025-02-19,173224.66,17149.24,1428.49,0.00,191802.39,51.20,21694.34,1800.00,204280.52,0,None,SYNTHETIC
SIM-00067,20250124,4,4,4,Road,Road,2109.88,2025-01-29,2025-01-29,34016.62,5034.46,2678.67,0.00,41729.75,14.40,3645.87,1800.00,35828.14,0,None,SYNTHETIC
SIM-00068,20250124,6,3,2,Road,Road,1685.42,2025-01-29,2025-02-03,46433.19,7814.71,1541.48,0.00,55789.38,25.20,5096.71,1800.00,49369.29,0,Weather,SYNTHETIC
SIM-00069,20250124,4,4,4,Road,Road,1579.24,2025-01-29,2025-02-02,25115.51,3272.55,2009.81,0.00,30397.87,14.40,2728.93,1800.00,27269.99,0,Capacity constraint,SYNTHETIC
SIM-00070,20250124,8,1,7,Sea,Sea,654.32,2025-02-17,2025-02-17,16241.08,2260.76,2283.72,0.00,20785.56,25.60,2010.07,1800.00,20560.66,0,None,SYNTHETIC
SIM-00071,20250125,3,5,7,Sea,Sea,2086.98,2025-02-18,2025-02-18,48570.08,7562.36,2272.98,0.00,58405.42,25.60,6411.20,1800.00,61637.89,0,None,SYNTHETIC
SIM-00072,20250125,9,2,3,Road,Road,721.37,2025-01-30,2025-01-28,12809.52,1271.99,2677.21,1407.77,18166.49,19.80,1713.98,1800.00,17797.11,1,None,SYNTHETIC
SIM-00073,20250126,10,1,8,Air,Air,338.21,2025-01-30,2025-01-30,58806.06,8032.91,2512.10,0.00,69351.07,189.00,7670.60,1800.00,73392.29,0,None,SYNTHETIC
SIM-00074,20250126,9,5,1,Road,Road,3476.16,2025-01-31,2025-01-30,54267.14,8069.52,2045.23,0.00,64381.89,18.00,7508.51,1800.00,71879.39,0,None,SYNTHETIC
SIM-00075,20250126,8,4,6,Sea,Sea,4947.40,2025-02-22,2025-02-22,268900.89,24443.09,2436.41,0.00,295780.39,51.20,30396.83,1800.00,285503.71,0,None,SYNTHETIC
SIM-00076,20250126,2,2,3,Road,Road,5063.93,2025-01-31,2025-01-30,90309.74,7351.21,2307.26,0.00,99968.21,19.80,12031.90,1800.00,114097.71,0,None,SYNTHETIC
SIM-00077,20250126,4,4,4,Road,Road,2291.03,2025-01-31,2025-01-29,32070.56,3989.58,1557.43,5407.10,43024.67,14.40,3958.90,1800.00,38749.73,1,None,SYNTHETIC
SIM-00078,20250126,5,5,2,Road,Road,2891.82,2025-01-31,2025-01-30,69178.31,11421.34,1705.73,0.00,82305.38,25.20,8744.86,1800.00,83418.72,0,None,SYNTHETIC
SIM-00079,20250126,7,2,5,Sea,Sea,5600.37,2025-02-19,2025-02-22,216066.79,18214.43,2472.83,0.00,236754.05,38.40,25806.51,1800.00,242660.72,0,Capacity constraint,SYNTHETIC
SIM-00080,20250127,5,5,2,Road,Road,4131.53,2025-02-01,2025-02-01,104441.13,10391.89,1506.86,0.00,116339.88,25.20,12493.75,1800.00,118408.31,0,None,SYNTHETIC
SIM-00081,20250127,11,3,5,Air,Air,166.30,2025-01-31,2025-02-07,39533.30,6420.21,1966.19,0.00,47919.70,252.00,5028.91,1800.00,48736.51,0,Weather,SYNTHETIC
SIM-00082,20250127,8,4,7,Sea,Sea,4738.74,2025-02-20,2025-02-20,129866.53,15324.25,1893.64,0.00,147084.42,25.60,14557.41,1800.00,137669.15,0,None,SYNTHETIC
SIM-00083,20250128,2,5,7,Sea,Sea,4280.79,2025-02-21,2025-02-21,101342.97,14806.21,1199.80,0.00,117348.98,25.60,13150.59,1800.00,124538.81,0,None,SYNTHETIC
SIM-00084,20250128,6,3,8,Sea,Sea,3867.75,2025-02-21,2025-02-21,121528.48,16637.25,1299.56,0.00,139465.29,28.80,13366.94,1800.00,126558.14,0,None,SYNTHETIC
SIM-00085,20250129,12,5,8,Air,Air,233.50,2025-02-02,2025-02-02,44640.97,4499.81,2896.03,0.00,52036.81,189.00,5295.78,1800.00,51227.28,0,None,SYNTHETIC
SIM-00086,20250130,11,1,2,Road,Road,4536.14,2025-02-04,2025-02-04,105628.51,10436.10,2639.73,0.00,118704.34,25.20,13717.29,1800.00,129828.02,0,None,SYNTHETIC
SIM-00087,20250130,3,2,2,Road,Road,984.98,2025-02-04,2025-02-04,22595.73,2566.87,1741.50,0.00,26904.10,25.20,2978.58,1800.00,29600.08,0,None,SYNTHETIC
SIM-00088,20250130,9,1,7,Sea,Sea,1934.44,2025-02-23,2025-02-23,48008.26,3946.28,2175.44,0.00,54129.98,25.60,5942.60,1800.00,57264.26,0,None,SYNTHETIC
SIM-00089,20250131,7,3,4,Road,Road,2541.09,2025-02-05,2025-02-11,35886.05,2971.36,2804.73,0.00,41662.14,14.40,4391.00,1800.00,42782.70,0,Documentation,SYNTHETIC
SIM-00090,20250131,1,2,8,Sea,Sea,4407.81,2025-02-24,2025-02-24,123027.95,13434.65,2179.44,0.00,138642.04,28.80,15233.39,1800.00,143978.32,0,None,SYNTHETIC
SIM-00091,20250201,8,3,8,Sea,Sea,3355.90,2025-02-25,2025-02-25,101842.73,14970.88,2643.93,0.00,119457.54,28.80,11597.99,1800.00,110047.91,0,None,SYNTHETIC
SIM-00092,20250201,12,2,6,Sea,Sea,4478.04,2025-02-28,2025-02-28,199601.20,28882.29,2625.61,0.00,231109.10,51.20,27513.08,1800.00,258588.73,0,None,SYNTHETIC
SIM-00093,20250201,10,2,7,Sea,Sea,4620.96,2025-02-25,2025-02-25,116643.15,12224.20,2462.63,0.00,131329.98,25.60,14195.59,1800.00,134292.17,0,None,SYNTHETIC
SIM-00094,20250202,8,4,1,Road,Road,5163.62,2025-02-07,2025-02-07,106303.77,12108.00,1142.64,0.00,119554.41,18.00,11153.42,1800.00,105898.58,0,None,SYNTHETIC
SIM-00095,20250202,7,5,3,Road,Road,3087.25,2025-02-07,2025-02-11,52624.73,6078.16,1761.33,0.00,60464.22,19.80,7335.31,1800.00,70262.86,0,Weather,SYNTHETIC
SIM-00096,20250202,12,2,3,Road,Road,709.49,2025-02-07,2025-02-06,14588.66,2299.17,1579.15,0.00,18466.98,19.80,1685.75,1800.00,17533.65,0,None,SYNTHETIC
SIM-00097,20250202,1,1,4,Road,Road,4646.72,2025-02-07,2025-02-07,65838.61,10988.46,2232.72,0.00,79059.79,14.40,8029.53,1800.00,76742.30,0,None,SYNTHETIC
SIM-00098,20250203,4,4,6,Sea,Sea,3288.26,2025-03-02,2025-03-08,194736.25,32267.80,1924.28,0.00,228928.33,51.20,20203.07,1800.00,190361.98,0,Capacity constraint,SYNTHETIC
SIM-00099,20250203,1,5,5,Sea,Sea,2933.22,2025-02-27,2025-03-04,118168.38,13920.24,1440.42,0.00,133529.04,38.40,13516.28,1800.00,127951.93,0,Weather,SYNTHETIC
SIM-00100,20250203,4,5,5,Sea,Sea,4169.61,2025-02-27,2025-02-27,159130.71,18729.68,1944.40,0.00,179804.79,38.40,19213.56,1800.00,181126.58,0,None,SYNTHETIC
SIM-00101,20250203,10,3,4,Road,Road,5557.51,2025-02-08,2025-02-07,85994.25,12598.16,2461.10,0.00,101053.51,14.40,9603.38,1800.00,91431.52,0,None,SYNTHETIC
SIM-00102,20250204,6,2,4,Road,Road,3301.74,2025-02-09,2025-02-15,50276.62,4348.93,2803.86,0.00,57429.41,14.40,5705.41,1800.00,55050.47,0,Capacity constraint,SYNTHETIC
SIM-00103,20250204,8,1,7,Sea,Air,776.31,2025-02-28,2025-02-08,134471.86,18812.61,1209.80,18288.17,172782.44,25.60,2384.82,1800.00,24058.36,1,None,SYNTHETIC
SIM-00104,20250204,11,4,5,Sea,Sea,2652.94,2025-02-28,2025-02-28,106481.13,13682.83,1953.36,0.00,122117.32,38.40,12224.75,1800.00,115897.65,0,None,SYNTHETIC
SIM-00105,20250204,2,4,6,Sea,Sea,5804.10,2025-03-03,2025-03-03,292059.51,41501.66,1569.78,0.00,335130.95,51.20,35660.39,1800.00,334630.31,0,None,SYNTHETIC
SIM-00106,20250205,9,2,1,Road,Road,4069.98,2025-02-10,2025-02-10,69851.58,11371.84,1602.29,0.00,82825.71,18.00,8791.16,1800.00,83850.80,0,None,SYNTHETIC
SIM-00107,20250206,12,5,8,Sea,Sea,3110.16,2025-03-02,2025-03-08,82992.12,6946.44,1729.47,0.00,91668.03,28.80,10748.71,1800.00,102121.32,0,Documentation,SYNTHETIC
SIM-00108,20250206,6,1,3,Road,Road,1699.86,2025-02-11,2025-02-17,31481.97,3743.21,2146.71,0.00,37371.89,19.80,4038.87,1800.00,39496.10,0,Documentation,SYNTHETIC
SIM-00109,20250207,9,3,4,Road,Road,5640.57,2025-02-12,2025-02-10,89118.62,14455.04,2777.16,6443.28,112794.10,14.40,9746.91,1800.00,92771.12,1,None,SYNTHETIC
SIM-00110,20250207,7,1,5,Sea,Sea,2170.32,2025-03-03,2025-03-07,77628.78,9928.72,2842.00,0.00,90399.50,38.40,10000.83,1800.00,95141.12,0,Documentation,SYNTHETIC
SIM-00111,20250207,6,5,2,Road,Road,1846.17,2025-02-12,2025-02-11,45461.81,7555.75,1631.04,0.00,54648.60,25.20,5582.82,1800.00,53906.30,0,None,SYNTHETIC
SIM-00112,20250207,3,5,1,Road,Road,820.46,2025-02-12,2025-02-11,15518.61,1734.98,1572.38,0.00,18825.97,18.00,1772.19,1800.00,18340.47,0,None,SYNTHETIC
SIM-00113,20250207,9,5,3,Road,Road,3985.36,2025-02-12,2025-02-09,80560.11,6855.67,2479.14,5864.78,95759.70,19.80,9469.22,1800.00,90179.35,1,None,SYNTHETIC
SIM-00114,20250208,1,3,5,Sea,Sea,3592.34,2025-03-04,2025-03-04,136460.81,21547.16,2673.32,0.00,160681.29,38.40,16553.50,1800.00,156299.36,0,None,SYNTHETIC
SIM-00115,20250208,3,4,4,Road,Road,4642.88,2025-02-13,2025-02-10,68329.16,8261.00,2204.57,11431.47,90226.20,14.40,8022.90,1800.00,76680.37,1,None,SYNTHETIC
SIM-00116,20250208,4,4,5,Sea,Sea,2082.38,2025-03-04,2025-03-04,81173.01,7963.07,1453.01,0.00,90589.09,38.40,9595.61,1800.00,91359.00,0,None,SYNTHETIC
SIM-00117,20250208,8,3,7,Sea,Sea,3928.43,2025-03-04,2025-03-04,91124.26,7517.75,2545.24,0.00,101187.25,25.60,12068.14,1800.00,114435.95,0,None,SYNTHETIC
SIM-00118,20250208,1,5,3,Road,Road,858.65,2025-02-13,2025-02-12,18313.64,2772.69,2777.47,0.00,23863.80,19.80,2040.15,1800.00,20841.42,0,None,SYNTHETIC
SIM-00119,20250208,1,2,6,Sea,Sea,5322.32,2025-03-07,2025-03-07,252086.58,38216.33,2502.73,0.00,292805.64,51.20,32700.33,1800.00,307003.11,0,None,SYNTHETIC
SIM-00120,20250209,4,5,2,Road,Road,1189.55,2025-02-14,2025-02-14,29519.63,4117.99,2238.49,0.00,35876.11,25.20,3597.20,1800.00,35373.86,0,None,SYNTHETIC
SIM-00121,20250209,4,3,6,Sea,Sea,4268.95,2025-03-08,2025-03-07,210212.25,23775.01,1644.84,0.00,235632.10,51.20,26228.43,1800.00,246598.67,0,None,SYNTHETIC
SIM-00122,20250209,11,3,6,Sea,Air,648.16,2025-03-08,2025-02-16,207873.84,25755.57,1271.29,28707.38,263608.08,51.20,3982.29,1800.00,38968.08,1,None,SYNTHETIC
SIM-00123,20250210,6,1,7,Sea,Air,331.86,2025-03-06,2025-02-15,52714.91,7807.08,2786.93,6847.67,70156.59,25.60,1019.47,1800.00,11315.09,1,None,SYNTHETIC
SIM-00124,20250210,9,1,8,Sea,Sea,2093.58,2025-03-06,2025-03-06,57843.31,9659.83,2284.84,0.00,69787.98,28.80,7235.41,1800.00,69330.51,0,None,SYNTHETIC
SIM-00125,20250210,7,4,8,Sea,Sea,5925.89,2025-03-06,2025-03-09,187642.84,22911.19,2067.53,0.00,212621.56,28.80,20479.88,1800.00,192945.51,0,Capacity constraint,SYNTHETIC
SIM-00126,20250210,8,1,1,Road,Road,1611.45,2025-02-15,2025-02-15,25383.40,3068.85,2402.30,0.00,30854.55,18.00,3480.73,1800.00,34286.83,0,None,SYNTHETIC
SIM-00127,20250211,1,4,5,Sea,Sea,5765.86,2025-03-07,2025-03-06,240561.00,22540.57,2590.24,0.00,265691.81,38.40,26569.08,1800.00,249778.10,0,None,SYNTHETIC
SIM-00128,20250211,1,1,5,Sea,Air,111.99,2025-03-07,2025-02-16,23473.76,2854.41,2047.05,3971.76,32346.98,38.40,516.05,1800.00,6616.47,1,None,SYNTHETIC
SIM-00129,20250212,3,1,6,Air,Air,409.78,2025-02-19,2025-02-17,138039.49,16550.93,2551.31,22845.54,179987.27,336.00,16522.33,1800.00,156008.41,1,None,SYNTHETIC
SIM-00130,20250212,7,2,8,Sea,Sea,3522.71,2025-03-08,2025-03-07,110029.93,16515.49,2123.57,0.00,128668.99,28.80,12174.49,1800.00,115428.54,0,None,SYNTHETIC
SIM-00131,20250212,10,3,4,Road,Road,3787.77,2025-02-17,2025-02-17,60161.87,10191.42,1251.31,0.00,71604.60,14.40,6545.27,1800.00,62889.16,0,None,SYNTHETIC
SIM-00132,20250212,5,2,4,Road,Road,5009.97,2025-02-17,2025-02-17,71947.93,7806.35,1144.92,0.00,80899.20,14.40,8657.23,1800.00,82600.80,0,None,SYNTHETIC
SIM-00133,20250212,8,1,8,Sea,Air,424.73,2025-03-08,2025-02-16,70418.97,10224.83,2352.33,11633.21,94629.34,28.80,1467.87,1800.00,15500.09,1,None,SYNTHETIC
SIM-00134,20250212,5,2,2,Road,Road,3367.42,2025-02-17,2025-02-16,83084.39,7103.72,2678.79,0.00,92866.90,25.20,10183.08,1800.00,96842.06,0,None,SYNTHETIC
SIM-00135,20250212,12,1,6,Sea,Sea,2204.67,2025-03-11,2025-03-11,110361.49,16741.84,1582.54,0.00,128685.87,51.20,13545.49,1800.00,128224.59,0,None,SYNTHETIC
SIM-00136,20250212,9,1,8,Sea,Sea,611.82,2025-03-08,2025-03-08,16977.14,2765.58,1175.61,0.00,20918.33,28.80,2114.45,1800.00,21534.87,0,None,SYNTHETIC
SIM-00137,20250213,11,5,2,Road,Road,3230.84,2025-02-18,2025-02-18,72145.83,6478.70,2088.49,0.00,80713.02,25.20,9770.06,1800.00,92987.23,0,None,SYNTHETIC
SIM-00138,20250213,5,4,4,Road,Road,1767.35,2025-02-18,2025-02-17,29983.32,3996.78,1565.53,0.00,35545.63,14.40,3053.98,1800.00,30303.82,0,None,SYNTHETIC
SIM-00139,20250213,5,5,7,Air,Air,545.07,2025-02-17,2025-02-17,79720.23,7278.46,1116.17,0.00,88114.86,168.00,10988.61,1800.00,104360.37,0,None,SYNTHETIC
SIM-00140,20250213,5,2,8,Sea,Sea,5980.38,2025-03-09,2025-03-08,177578.53,20936.51,1549.16,0.00,200064.20,28.80,20668.19,1800.00,194703.13,0,None,SYNTHETIC
SIM-00141,20250214,6,3,7,Sea,Sea,5112.51,2025-03-10,2025-03-10,136861.22,20104.91,1134.66,0.00,158100.79,25.60,15705.63,1800.00,148385.89,0,None,SYNTHETIC
SIM-00142,20250214,11,2,5,Air,Air,296.69,2025-02-18,2025-02-17,76378.51,10983.23,2354.10,0.00,89715.84,252.00,8971.91,1800.00,85537.79,0,None,SYNTHETIC
SIM-00143,20250214,4,2,3,Road,Road,2369.64,2025-02-19,2025-02-19,44480.74,5133.08,1223.40,0.00,50837.22,19.80,5630.26,1800.00,54349.13,0,None,SYNTHETIC
SIM-00144,20250215,9,4,1,Road,Road,3803.37,2025-02-20,2025-02-20,74330.29,7559.39,1869.79,0.00,83759.47,18.00,8215.28,1800.00,78475.94,0,None,SYNTHETIC
SIM-00145,20250215,2,5,2,Road,Road,4060.20,2025-02-20,2025-02-20,109044.03,10642.70,2194.42,0.00,121881.15,25.20,12278.04,1800.00,116395.08,0,None,SYNTHETIC
SIM-00146,20250215,3,3,2,Road,Road,1995.66,2025-02-20,2025-02-26,48374.90,7009.52,1112.28,0.00,56496.70,25.20,6034.88,1800.00,58125.51,0,Capacity constraint,SYNTHETIC
SIM-00147,20250216,5,4,4,Road,Road,1200.14,2025-02-21,2025-02-24,20547.10,2732.76,2603.25,1637.60,27520.71,14.40,2073.84,1800.00,21155.86,1,Capacity constraint,SYNTHETIC
SIM-00148,20250216,3,3,3,Road,Road,1049.55,2025-02-21,2025-02-24,21830.62,2082.64,1705.65,0.00,25618.91,19.80,2493.73,1800.00,25074.82,0,Documentation,SYNTHETIC
SIM-00149,20250216,2,5,8,Sea,Sea,3100.45,2025-03-12,2025-03-16,78191.33,7959.88,2421.83,0.00,88573.04,28.80,10715.16,1800.00,101808.12,0,Capacity constraint,SYNTHETIC
SIM-00150,20250216,6,1,1,Road,Road,2298.34,2025-02-21,2025-02-25,41846.36,3381.19,1435.49,3515.09,50178.13,18.00,4964.41,1800.00,48134.53,1,Weather,SYNTHETIC
SIM-00151,20250216,4,5,5,Sea,Sea,3570.82,2025-03-12,2025-03-13,141245.69,11921.14,2508.96,0.00,155675.79,38.40,16454.34,1800.00,155373.83,0,Documentation,SYNTHETIC
SIM-00152,20250216,10,3,6,Sea,Air,177.38,2025-03-15,2025-02-28,62585.93,5983.21,1688.88,8148.69,78406.71,51.20,1089.82,1800.00,11971.68,1,None,SYNTHETIC
SIM-00153,20250216,8,2,5,Sea,Sea,4517.41,2025-03-12,2025-03-11,159057.03,22363.42,2246.27,0.00,183666.72,38.40,20816.22,1800.00,196084.76,0,None,SYNTHETIC
SIM-00154,20250217,7,4,1,Road,Road,1718.61,2025-02-22,2025-02-21,29776.76,2822.84,1684.39,0.00,34283.99,18.00,3712.20,1800.00,36447.18,0,None,SYNTHETIC
SIM-00155,20250217,10,2,4,Road,Road,1431.10,2025-02-22,2025-02-21,18356.51,2272.54,2093.83,0.00,22722.88,14.40,2472.94,1800.00,24880.78,0,None,SYNTHETIC
SIM-00156,20250217,12,3,8,Sea,Sea,1677.05,2025-03-13,2025-03-13,50483.83,6164.08,2432.22,0.00,59080.13,28.80,5795.88,1800.00,55894.92,0,None,SYNTHETIC
SIM-00157,20250218,1,4,5,Sea,Sea,2713.45,2025-03-14,2025-03-14,120002.87,20220.48,1655.32,0.00,141878.67,38.40,12503.58,1800.00,118500.06,0,None,SYNTHETIC
SIM-00158,20250218,5,2,6,Sea,Sea,5223.69,2025-03-17,2025-03-20,258515.22,40586.89,1788.26,0.00,300890.37,51.20,32094.35,1800.00,301347.28,0,Weather,SYNTHETIC
SIM-00159,20250218,1,2,8,Air,Air,354.25,2025-02-22,2025-02-22,70867.28,6583.57,2270.00,0.00,79720.85,189.00,8034.39,1800.00,76787.64,0,None,SYNTHETIC
SIM-00160,20250218,5,2,8,Air,Air,191.75,2025-02-22,2025-02-20,38115.34,5869.76,1939.51,5610.58,51535.19,189.00,4348.89,1800.00,42389.64,1,None,SYNTHETIC
SIM-00161,20250219,4,4,4,Road,Road,1436.21,2025-02-24,2025-03-01,21566.73,3157.37,2658.15,0.00,27382.25,14.40,2481.77,1800.00,24963.19,0,Weather,SYNTHETIC
SIM-00162,20250219,1,2,4,Road,Road,4743.79,2025-02-24,2025-02-22,69316.02,10404.33,1589.25,8200.09,89509.69,14.40,8197.27,1800.00,78307.85,1,None,SYNTHETIC
SIM-00163,20250219,7,2,5,Sea,Sea,5478.94,2025-03-15,2025-03-15,216642.34,22899.10,2807.41,0.00,242348.85,38.40,25246.96,1800.00,237438.26,0,None,SYNTHETIC
SIM-00164,20250221,10,2,5,Sea,Sea,2047.77,2025-03-17,2025-03-17,76428.18,7849.17,2732.73,0.00,87010.08,38.40,9436.12,1800.00,89870.49,0,None,SYNTHETIC
SIM-00165,20250221,11,3,1,Road,Road,4877.52,2025-02-26,2025-02-24,98326.86,11828.72,1557.60,17049.88,128763.06,18.00,10535.44,1800.00,100130.80,1,None,SYNTHETIC
SIM-00166,20250221,7,2,2,Road,Road,1931.58,2025-02-26,2025-02-26,48818.42,5389.55,2018.74,0.00,56226.71,25.20,5841.10,1800.00,56316.92,0,None,SYNTHETIC
SIM-00167,20250221,12,3,6,Air,Air,553.54,2025-02-28,2025-02-28,196052.34,24447.73,1305.96,0.00,221806.03,336.00,22318.73,1800.00,210108.17,0,None,SYNTHETIC
SIM-00168,20250222,5,2,6,Sea,Air,591.85,2025-03-21,2025-03-01,197747.94,20961.28,1152.49,19992.32,239854.03,51.20,3636.33,1800.00,35739.05,1,None,SYNTHETIC
SIM-00169,20250222,7,4,7,Sea,Sea,1313.41,2025-03-18,2025-03-18,31940.42,5279.75,2170.89,0.00,39391.06,25.60,4034.80,1800.00,39458.10,0,None,SYNTHETIC
SIM-00170,20250223,10,4,8,Sea,Sea,3178.64,2025-03-19,2025-03-23,104924.14,15581.23,2219.22,0.00,122724.59,28.80,10985.38,1800.00,104330.21,0,Capacity constraint,SYNTHETIC
SIM-00171,20250223,8,5,7,Sea,Sea,4484.20,2025-03-19,2025-03-18,99463.46,12383.20,2086.10,0.00,113932.76,25.60,13775.46,1800.00,130370.98,0,None,SYNTHETIC
SIM-00172,20250224,12,5,5,Sea,Sea,1049.40,2025-03-20,2025-03-25,41146.16,5316.08,1401.34,0.00,47863.58,38.40,4835.64,1800.00,46932.60,0,Weather,SYNTHETIC
SIM-00173,20250224,5,3,3,Road,Road,4396.85,2025-03-01,2025-03-01,93441.46,7839.74,2788.18,0.00,104069.38,19.80,10446.92,1800.00,99304.55,0,None,SYNTHETIC
SIM-00174,20250224,4,1,6,Sea,Air,454.68,2025-03-23,2025-03-03,154568.09,17419.82,1421.60,21299.48,194708.99,51.20,2793.55,1800.00,27873.17,1,None,SYNTHETIC
SIM-00175,20250224,6,5,8,Air,Air,871.36,2025-02-28,2025-02-28,145061.50,12083.62,2549.94,0.00,159695.06,189.00,19762.44,1800.00,186249.48,0,None,SYNTHETIC
SIM-00176,20250224,8,2,5,Sea,Sea,2731.91,2025-03-20,2025-03-20,108721.31,16395.17,1254.40,0.00,126370.88,38.40,12588.64,1800.00,119293.98,0,None,SYNTHETIC
SIM-00177,20250225,12,2,6,Air,Air,445.91,2025-03-04,2025-03-03,133821.26,16486.78,1718.02,0.00,152026.06,336.00,17979.09,1800.00,169604.85,0,None,SYNTHETIC
SIM-00178,20250226,4,2,7,Sea,Sea,3690.24,2025-03-22,2025-03-21,102775.13,14162.41,2696.65,0.00,119634.19,25.60,11336.42,1800.00,107606.56,0,None,SYNTHETIC
SIM-00179,20250226,9,3,7,Sea,Sea,622.04,2025-03-22,2025-03-21,17104.37,1951.61,1335.05,0.00,20391.03,25.60,1910.91,1800.00,19635.13,0,None,SYNTHETIC
SIM-00180,20250226,10,3,8,Sea,Sea,5085.42,2025-03-22,2025-03-22,155606.42,23263.16,1405.65,0.00,180275.23,28.80,17575.21,1800.00,165835.31,0,None,SYNTHETIC
SIM-00181,20250226,10,4,3,Road,Road,3658.81,2025-03-03,2025-02-28,71390.25,10637.15,1707.64,4654.64,88389.68,19.80,8693.33,1800.00,82937.77,1,None,SYNTHETIC
SIM-00182,20250228,6,2,3,Road,Road,4593.91,2025-03-05,2025-03-05,90712.84,8381.87,2779.98,0.00,101874.69,19.80,10915.13,1800.00,103674.55,0,None,SYNTHETIC
SIM-00183,20250228,1,5,6,Air,Air,314.98,2025-03-07,2025-03-05,112333.44,17018.52,2315.43,8009.37,139676.76,336.00,12699.99,1800.00,120333.27,1,None,SYNTHETIC
SIM-00184,20250228,10,3,8,Sea,Sea,5533.67,2025-03-24,2025-03-25,170752.02,19158.38,1725.60,0.00,191636.00,28.80,19124.36,1800.00,180294.06,0,Capacity constraint,SYNTHETIC
SIM-00185,20250301,12,3,4,Road,Road,5719.54,2025-03-06,2025-03-13,94779.82,11269.32,2629.88,0.00,108679.02,14.40,9883.37,1800.00,94044.75,0,Capacity constraint,SYNTHETIC
SIM-00186,20250301,11,3,3,Road,Road,2232.49,2025-03-06,2025-03-05,47785.88,7048.42,1996.36,0.00,56830.66,19.80,5304.40,1800.00,51307.70,0,None,SYNTHETIC
SIM-00187,20250301,1,1,5,Sea,Sea,1670.59,2025-03-25,2025-03-24,64566.10,9523.50,2851.43,0.00,76941.03,38.40,7698.08,1800.00,73648.74,0,None,SYNTHETIC
SIM-00188,20250302,4,3,5,Sea,Sea,4841.65,2025-03-26,2025-03-26,205419.02,23417.77,1329.91,0.00,230166.70,38.40,22310.32,1800.00,210029.68,0,None,SYNTHETIC
SIM-00189,20250302,6,4,6,Sea,Air,632.98,2025-03-29,2025-03-08,243571.41,35853.71,1209.50,30081.07,310715.69,51.20,3889.03,1800.00,38097.61,1,None,SYNTHETIC
SIM-00190,20250302,2,2,8,Sea,Sea,2648.83,2025-03-26,2025-03-26,67329.63,8658.59,1243.01,0.00,77231.23,28.80,9154.36,1800.00,87240.66,0,None,SYNTHETIC
SIM-00191,20250302,9,2,5,Sea,Sea,944.17,2025-03-26,2025-03-25,38859.16,5584.06,2403.50,0.00,46846.72,38.40,4350.74,1800.00,42406.87,0,None,SYNTHETIC
SIM-00192,20250302,9,4,6,Sea,Sea,3301.11,2025-03-29,2025-03-29,176413.75,18188.26,2767.73,0.00,197369.74,51.20,20282.02,1800.00,191098.85,0,None,SYNTHETIC
SIM-00193,20250303,2,3,1,Road,Road,2663.70,2025-03-08,2025-03-07,46805.63,6398.33,1226.12,0.00,54430.08,18.00,5753.59,1800.00,55500.19,0,None,SYNTHETIC
SIM-00194,20250304,10,4,4,Road,Road,1978.13,2025-03-09,2025-03-09,28070.80,3840.09,2803.27,0.00,34714.16,14.40,3418.21,1800.00,33703.28,0,None,SYNTHETIC
SIM-00195,20250304,9,5,6,Sea,Sea,1295.25,2025-03-31,2025-03-31,62397.53,6632.86,1511.96,0.00,70542.35,51.20,7958.02,1800.00,76074.82,0,None,SYNTHETIC
SIM-00196,20250304,11,2,3,Road,Road,5273.51,2025-03-09,2025-03-14,106083.83,12655.80,1820.32,0.00,120559.95,19.80,12529.86,1800.00,118745.36,0,Documentation,SYNTHETIC
SIM-00197,20250304,10,5,1,Road,Road,3042.12,2025-03-09,2025-03-09,58736.92,7518.33,2429.52,0.00,68684.77,18.00,6570.98,1800.00,63129.14,0,None,SYNTHETIC
SIM-00198,20250304,11,5,5,Air,Air,401.06,2025-03-08,2025-03-07,86381.92,9847.54,2589.06,0.00,98818.52,252.00,12128.05,1800.00,114995.17,0,None,SYNTHETIC
SIM-00199,20250304,10,3,3,Road,Road,1347.27,2025-03-09,2025-03-08,24229.95,2406.03,1820.63,0.00,28456.61,19.80,3201.11,1800.00,31677.06,0,None,SYNTHETIC
SIM-00200,20250305,2,5,5,Sea,Sea,1984.92,2025-03-29,2025-03-29,79636.12,8234.37,1346.12,0.00,89216.61,38.40,9146.51,1800.00,87167.44,0,None,SYNTHETIC
SIM-00201,20250305,5,1,5,Sea,Sea,5533.72,2025-03-29,2025-03-29,215071.37,23700.86,1188.96,0.00,239961.19,38.40,25499.38,1800.00,239794.23,0,None,SYNTHETIC
SIM-00202,20250305,9,3,4,Road,Road,5554.34,2025-03-10,2025-03-10,72678.48,7703.92,2710.15,0.00,83092.55,14.40,9597.90,1800.00,91380.40,0,None,SYNTHETIC
SIM-00203,20250306,10,2,6,Air,Air,482.98,2025-03-13,2025-03-12,149644.85,14784.91,1491.90,0.00,165921.66,336.00,19473.75,1800.00,183555.03,0,None,SYNTHETIC
SIM-00204,20250306,6,3,7,Sea,Sea,2363.61,2025-03-30,2025-03-30,54784.68,8393.01,2578.80,0.00,65756.49,25.60,7261.01,1800.00,69569.43,0,None,SYNTHETIC
SIM-00205,20250307,6,5,3,Road,Road,3854.12,2025-03-12,2025-03-12,70808.78,9283.03,2145.75,0.00,82237.56,19.80,9157.39,1800.00,87268.97,0,None,SYNTHETIC
SIM-00206,20250308,10,1,1,Road,Road,1201.48,2025-03-13,2025-03-17,18096.28,2446.62,1279.45,0.00,21822.35,18.00,2595.20,1800.00,26021.84,0,Documentation,SYNTHETIC
SIM-00207,20250308,10,5,6,Sea,Sea,3782.02,2025-04-04,2025-04-10,209837.08,29167.35,2331.56,0.00,241335.99,51.20,23236.73,1800.00,218676.15,0,Weather,SYNTHETIC
SIM-00208,20250308,3,2,5,Sea,Sea,1550.48,2025-04-01,2025-03-31,54070.93,7261.73,2092.21,0.00,63424.87,38.40,7144.61,1800.00,68483.04,0,None,SYNTHETIC
SIM-00209,20250308,7,4,7,Sea,Sea,1576.88,2025-04-01,2025-04-01,44099.10,4427.55,2634.91,0.00,51161.56,25.60,4844.18,1800.00,47012.31,0,None,SYNTHETIC
SIM-00210,20250308,9,1,8,Sea,Sea,1005.96,2025-04-01,2025-04-01,25988.85,3248.61,1187.13,0.00,30424.59,28.80,3476.60,1800.00,34248.25,0,None,SYNTHETIC
SIM-00211,20250308,11,1,3,Road,Road,2267.06,2025-03-13,2025-03-11,39912.00,6421.84,1928.63,5962.85,54225.32,19.80,5386.53,1800.00,52074.32,1,None,SYNTHETIC
SIM-00212,20250309,3,4,7,Sea,Sea,2012.78,2025-04-02,2025-04-01,52514.18,5718.79,2252.19,0.00,60485.16,25.60,6183.26,1800.00,59510.43,0,None,SYNTHETIC
SIM-00213,20250309,10,5,7,Sea,Sea,526.79,2025-04-02,2025-04-01,14044.55,2178.31,2088.47,0.00,18311.33,25.60,1618.30,1800.00,16904.12,0,None,SYNTHETIC
SIM-00214,20250309,2,2,8,Air,Air,602.73,2025-03-13,2025-03-13,101532.16,10122.76,2436.33,0.00,114091.25,189.00,13669.92,1800.00,129385.89,0,None,SYNTHETIC
SIM-00215,20250310,2,2,6,Sea,Sea,3711.25,2025-04-06,2025-04-06,202879.57,20044.50,1632.36,0.00,224556.43,51.20,22801.92,1800.00,214617.92,0,None,SYNTHETIC
SIM-00216,20250310,4,5,8,Sea,Sea,5705.34,2025-04-03,2025-04-03,153357.73,20304.56,1934.01,0.00,175596.30,28.80,19717.65,1800.00,185831.44,0,None,SYNTHETIC
SIM-00217,20250311,6,2,6,Sea,Sea,5315.70,2025-04-07,2025-04-07,246737.96,25562.05,2685.20,0.00,274985.21,51.20,32659.66,1800.00,306623.50,0,None,SYNTHETIC
SIM-00218,20250311,5,3,2,Road,Road,2369.81,2025-03-16,2025-03-18,64330.61,7468.78,2018.82,6555.29,80373.50,25.20,7166.31,1800.00,68685.52,1,Capacity constraint,SYNTHETIC
SIM-00219,20250312,10,2,8,Sea,Sea,1514.63,2025-04-05,2025-04-05,45559.19,5189.19,1741.62,0.00,52490.00,28.80,5234.56,1800.00,50655.90,0,None,SYNTHETIC
SIM-00220,20250312,6,4,5,Sea,Sea,2504.55,2025-04-05,2025-04-05,99549.74,12145.07,1107.76,0.00,112802.57,38.40,11540.97,1800.00,109515.69,0,None,SYNTHETIC
SIM-00221,20250312,2,3,3,Road,Road,1966.93,2025-03-17,2025-03-17,41053.17,3600.36,1488.56,0.00,46142.09,19.80,4673.43,1800.00,45418.64,0,None,SYNTHETIC
SIM-00222,20250313,11,3,8,Sea,Sea,1061.15,2025-04-06,2025-04-06,31435.71,3184.44,2181.31,0.00,36801.46,28.80,3667.33,1800.00,36028.45,0,None,SYNTHETIC
SIM-00223,20250313,10,2,7,Air,Air,433.87,2025-03-17,2025-03-14,72603.61,9598.20,1527.14,8908.46,92637.41,168.00,8746.82,1800.00,83436.98,1,None,SYNTHETIC
SIM-00224,20250313,2,2,8,Sea,Sea,806.13,2025-04-06,2025-04-11,24452.86,3868.44,2216.91,0.00,30538.21,28.80,2785.98,1800.00,27802.52,0,Weather,SYNTHETIC
SIM-00225,20250314,3,1,1,Road,Road,961.74,2025-03-19,2025-03-18,15605.18,1594.85,1740.27,0.00,18940.30,18.00,2077.36,1800.00,21188.68,0,None,SYNTHETIC
SIM-00226,20250314,6,4,1,Road,Road,4541.25,2025-03-19,2025-03-18,77756.74,8903.15,1731.26,0.00,88391.15,18.00,9809.10,1800.00,93351.60,0,None,SYNTHETIC
SIM-00227,20250314,7,3,1,Road,Road,1938.32,2025-03-19,2025-03-19,35552.96,3647.73,1573.47,0.00,40774.16,18.00,4186.77,1800.00,40876.53,0,None,SYNTHETIC
SIM-00228,20250314,1,3,3,Road,Road,4141.17,2025-03-19,2025-03-25,88023.58,10835.70,1209.55,0.00,100068.83,19.80,9839.42,1800.00,93634.59,0,Documentation,SYNTHETIC
SIM-00229,20250314,4,3,4,Road,Road,2351.77,2025-03-19,2025-03-25,38437.52,4366.50,1998.37,0.00,44802.39,14.40,4063.86,1800.00,39729.35,0,Weather,SYNTHETIC
SIM-00230,20250314,8,5,4,Road,Road,3485.38,2025-03-19,2025-03-19,43184.93,4400.54,2471.12,0.00,50056.59,14.40,6022.74,1800.00,58012.21,0,None,SYNTHETIC
SIM-00231,20250314,10,1,1,Road,Road,2835.69,2025-03-19,2025-03-21,45623.90,4530.45,2127.47,0.00,52281.82,18.00,6125.09,1800.00,58967.51,0,Weather,SYNTHETIC
SIM-00232,20250314,3,1,3,Road,Road,5730.50,2025-03-19,2025-03-19,112043.63,17097.86,1612.18,0.00,130753.67,19.80,13615.67,1800.00,128879.57,0,None,SYNTHETIC
SIM-00233,20250315,12,3,7,Sea,Sea,1893.77,2025-04-08,2025-04-07,46507.96,5655.37,2729.06,0.00,54892.39,25.60,5817.66,1800.00,56098.17,0,None,SYNTHETIC
SIM-00234,20250315,10,1,5,Sea,Sea,3135.45,2025-04-08,2025-04-08,103938.64,12805.24,2480.72,0.00,119224.60,38.40,14448.15,1800.00,136649.43,0,None,SYNTHETIC
SIM-00235,20250315,2,4,8,Air,Air,296.35,2025-03-19,2025-03-19,58552.84,6235.88,1498.89,0.00,66287.61,189.00,6721.22,1800.00,64531.37,0,None,SYNTHETIC
SIM-00236,20250315,11,3,1,Road,Road,4855.20,2025-03-20,2025-03-20,99880.52,10347.62,2274.51,0.00,112502.65,18.00,10487.23,1800.00,99680.83,0,None,SYNTHETIC
SIM-00237,20250316,3,5,6,Air,Air,436.90,2025-03-23,2025-03-21,132755.64,21679.00,1428.70,17483.92,173347.26,336.00,17615.81,1800.00,166214.21,1,None,SYNTHETIC
SIM-00238,20250316,4,1,7,Air,Air,763.72,2025-03-20,2025-03-20,121858.82,18083.85,2538.45,0.00,142481.12,168.00,15396.60,1800.00,145501.56,0,None,SYNTHETIC
SIM-00239,20250317,12,2,4,Road,Road,1205.85,2025-03-22,2025-03-22,15939.18,1990.80,1464.27,0.00,19394.25,14.40,2083.71,1800.00,21247.95,0,None,SYNTHETIC
SIM-00240,20250318,7,5,1,Road,Road,4356.53,2025-03-23,2025-03-27,76325.94,6922.76,1588.76,0.00,84837.46,18.00,9410.10,1800.00,89627.64,0,Capacity constraint,SYNTHETIC
SIM-00241,20250318,2,4,3,Road,Road,3015.57,2025-03-23,2025-03-23,66895.43,6107.55,1466.97,0.00,74469.95,19.80,7164.99,1800.00,68673.28,0,None,SYNTHETIC
SIM-00242,20250318,12,1,6,Sea,Air,676.53,2025-04-14,2025-03-25,205175.70,26795.95,1489.30,18465.81,251926.76,51.20,4156.60,1800.00,40594.94,1,None,SYNTHETIC
SIM-00243,20250318,6,1,4,Road,Road,2970.96,2025-03-23,2025-03-22,37549.03,4671.10,2377.11,0.00,44597.24,14.40,5133.82,1800.00,49715.64,0,None,SYNTHETIC
SIM-00244,20250319,6,1,6,Sea,Sea,941.71,2025-04-15,2025-04-15,47163.56,5555.87,1451.53,0.00,54170.96,51.20,5785.87,1800.00,55801.42,0,None,SYNTHETIC
SIM-00245,20250319,8,2,8,Sea,Sea,1450.84,2025-04-12,2025-04-11,41657.55,4490.68,1830.71,0.00,47978.94,28.80,5014.10,1800.00,48598.29,0,None,SYNTHETIC
SIM-00246,20250319,6,1,1,Road,Road,3556.83,2025-03-24,2025-03-23,54427.06,5197.78,2300.60,0.00,61925.44,18.00,7682.75,1800.00,73505.69,0,None,SYNTHETIC
SIM-00247,20250320,4,1,5,Sea,Sea,4923.36,2025-04-13,2025-04-12,163615.86,24836.89,1879.08,0.00,190331.83,38.40,22686.84,1800.00,213543.86,0,None,SYNTHETIC
SIM-00248,20250320,12,4,2,Road,Road,1296.74,2025-03-25,2025-03-22,36159.19,3688.24,1249.58,2484.14,43581.15,25.20,3921.34,1800.00,38399.19,1,None,SYNTHETIC
SIM-00249,20250320,5,1,2,Road,Road,4863.77,2025-03-25,2025-03-25,117925.74,18938.87,2225.63,0.00,139090.24,25.20,14708.04,1800.00,139075.04,0,None,SYNTHETIC
SIM-00250,20250320,9,4,4,Road,Road,2135.23,2025-03-25,2025-03-25,32748.88,5121.92,1883.29,0.00,39754.09,14.40,3689.68,1800.00,36236.99,0,None,SYNTHETIC
SIM-00251,20250320,9,5,5,Sea,Sea,4089.62,2025-04-13,2025-04-13,151710.33,20086.45,1254.02,0.00,173050.80,38.40,18844.97,1800.00,177686.38,0,None,SYNTHETIC
SIM-00252,20250321,7,1,1,Road,Road,4249.38,2025-03-26,2025-03-26,68900.59,5512.05,2273.73,0.00,76686.37,18.00,9178.66,1800.00,87467.50,0,None,SYNTHETIC
SIM-00253,20250321,4,4,5,Sea,Air,790.73,2025-04-14,2025-03-25,233655.88,20421.52,1505.85,29464.01,285047.26,38.40,3643.68,1800.00,35807.71,1,None,SYNTHETIC
SIM-00254,20250322,8,3,6,Sea,Sea,4117.19,2025-04-18,2025-04-18,200233.17,27051.50,1398.92,0.00,228683.59,51.20,25296.02,1800.00,237896.15,0,None,SYNTHETIC
SIM-00255,20250322,9,1,4,Road,Road,1403.48,2025-03-27,2025-04-03,20396.09,2696.36,1770.64,0.00,24863.09,14.40,2425.21,1800.00,24435.32,0,Capacity constraint,SYNTHETIC
SIM-00256,20250323,4,1,8,Sea,Sea,642.45,2025-04-16,2025-04-15,16924.54,2474.37,1250.75,0.00,20649.66,28.80,2220.31,1800.00,22522.87,0,None,SYNTHETIC
SIM-00257,20250323,6,2,1,Road,Road,5458.93,2025-03-28,2025-03-26,92971.47,12430.29,1619.40,6879.89,113901.05,18.00,11791.29,1800.00,111852.03,1,None,SYNTHETIC
SIM-00258,20250323,9,4,4,Road,Road,5796.88,2025-03-28,2025-03-27,93713.45,14984.78,1968.32,0.00,110666.55,14.40,10017.01,1800.00,95292.08,0,None,SYNTHETIC
SIM-00259,20250323,4,4,6,Sea,Sea,3217.17,2025-04-19,2025-04-23,192410.04,19471.90,2703.18,0.00,214585.12,51.20,19766.29,1800.00,186285.39,0,Documentation,SYNTHETIC
SIM-00260,20250323,3,2,4,Road,Road,3084.50,2025-03-28,2025-03-25,46834.09,6617.66,1428.07,5704.39,60584.21,14.40,5330.02,1800.00,51546.82,1,None,SYNTHETIC
SIM-00261,20250324,8,2,5,Air,Air,372.92,2025-03-28,2025-03-26,96661.57,14470.24,2679.79,17118.76,130930.36,252.00,11277.10,1800.00,107052.94,1,None,SYNTHETIC
SIM-00262,20250324,5,1,6,Sea,Sea,1634.47,2025-04-20,2025-04-23,73139.37,11950.97,1505.61,0.00,86595.95,51.20,10042.18,1800.00,95527.04,0,Documentation,SYNTHETIC
SIM-00263,20250324,4,1,3,Road,Road,4586.62,2025-03-29,2025-03-29,81002.07,12393.32,2565.08,0.00,95960.47,19.80,10897.81,1800.00,103512.89,0,None,SYNTHETIC
SIM-00264,20250324,2,4,3,Road,Road,1409.37,2025-03-29,2025-03-28,26823.20,4390.96,1891.09,0.00,33105.25,19.80,3348.66,1800.00,33054.19,0,None,SYNTHETIC
SIM-00265,20250324,2,1,2,Road,Road,1265.62,2025-03-29,2025-04-04,30147.84,3988.56,2087.91,0.00,36224.31,25.20,3827.23,1800.00,37520.85,0,Weather,SYNTHETIC
SIM-00266,20250325,11,2,1,Road,Road,873.86,2025-03-30,2025-03-29,13760.49,1417.33,2648.86,0.00,17826.68,18.00,1887.54,1800.00,19417.02,0,None,SYNTHETIC
SIM-00267,20250325,4,2,4,Road,Road,4658.33,2025-03-30,2025-03-28,64178.77,7136.68,2177.08,10364.87,83857.40,14.40,8049.59,1800.00,76929.54,1,None,SYNTHETIC
SIM-00268,20250325,12,3,7,Sea,Sea,1451.06,2025-04-18,2025-04-18,36610.14,5216.94,1892.36,0.00,43719.44,25.60,4457.66,1800.00,43404.80,0,None,SYNTHETIC
SIM-00269,20250325,1,4,3,Road,Road,2538.30,2025-03-30,2025-03-30,58472.11,6490.40,2242.64,0.00,67205.15,19.80,6031.00,1800.00,58089.34,0,None,SYNTHETIC
SIM-00270,20250325,4,5,8,Air,Air,84.11,2025-03-29,2025-03-29,17101.38,1946.14,1383.26,0.00,20430.78,189.00,1907.61,1800.00,19604.40,0,None,SYNTHETIC
SIM-00271,20250326,1,2,4,Road,Road,1092.36,2025-03-31,2025-03-31,15116.73,2560.77,1144.97,0.00,18822.47,14.40,1887.60,1800.00,19417.58,0,None,SYNTHETIC
SIM-00272,20250326,3,1,1,Road,Road,5089.96,2025-03-31,2025-03-31,92938.70,12593.19,2697.98,0.00,108229.87,18.00,10994.31,1800.00,104413.59,0,None,SYNTHETIC
SIM-00273,20250326,11,5,3,Road,Road,5295.08,2025-03-31,2025-04-05,103146.62,15513.25,2705.87,0.00,121365.74,19.80,12581.11,1800.00,119223.69,0,Documentation,SYNTHETIC
SIM-00274,20250327,7,4,3,Road,Road,2329.93,2025-04-01,2025-04-06,54984.17,4519.70,2473.36,0.00,61977.23,19.80,5535.91,1800.00,53468.52,0,Documentation,SYNTHETIC
SIM-00275,20250327,12,1,2,Road,Road,5738.17,2025-04-01,2025-04-01,142722.87,19096.32,1265.94,0.00,163085.13,25.20,17352.23,1800.00,163754.11,0,None,SYNTHETIC
SIM-00276,20250327,12,5,3,Road,Road,3641.65,2025-04-01,2025-03-30,67369.04,6184.48,1370.39,5396.26,80320.17,19.80,8652.56,1800.00,82557.23,1,None,SYNTHETIC
SIM-00277,20250327,2,3,4,Road,Road,1325.66,2025-04-01,2025-04-01,20703.56,2387.12,1485.83,0.00,24576.51,14.40,2290.74,1800.00,23180.24,0,None,SYNTHETIC
SIM-00278,20250327,12,2,4,Road,Road,4444.77,2025-04-01,2025-03-30,61880.40,7134.81,1635.72,10773.38,81424.31,14.40,7680.56,1800.00,73485.25,1,None,SYNTHETIC
SIM-00279,20250328,4,5,3,Road,Road,2532.61,2025-04-02,2025-03-31,42838.03,5783.13,1121.24,5980.19,55722.59,19.80,6017.48,1800.00,57963.16,1,None,SYNTHETIC
SIM-00280,20250328,8,2,8,Air,Air,567.02,2025-04-01,2025-04-01,111591.35,9686.13,2728.54,0.00,124006.02,189.00,12860.01,1800.00,121826.79,0,None,SYNTHETIC
SIM-00281,20250328,2,5,4,Road,Road,5228.67,2025-04-02,2025-04-07,63923.50,10419.53,2057.59,0.00,76400.62,14.40,9035.14,1800.00,86127.99,0,Capacity constraint,SYNTHETIC
SIM-00282,20250328,12,4,1,Road,Road,731.19,2025-04-02,2025-04-01,13093.67,1698.25,1452.72,0.00,16244.64,18.00,1579.37,1800.00,16540.79,0,None,SYNTHETIC
SIM-00283,20250328,6,4,7,Sea,Sea,2048.34,2025-04-21,2025-04-21,58882.25,5835.23,2836.77,0.00,67554.25,25.60,6292.50,1800.00,60530.00,0,None,SYNTHETIC
SIM-00284,20250328,1,4,6,Sea,Sea,2289.20,2025-04-24,2025-04-24,129998.08,11517.83,1700.45,0.00,143216.36,51.20,14064.84,1800.00,133071.88,0,None,SYNTHETIC
SIM-00285,20250329,5,2,7,Sea,Sea,4703.25,2025-04-22,2025-04-21,123825.68,15193.41,2214.01,0.00,141233.10,25.60,14448.38,1800.00,136651.58,0,None,SYNTHETIC
SIM-00286,20250329,1,4,2,Road,Road,5231.45,2025-04-03,2025-04-01,143288.97,18871.16,1569.63,16951.09,180680.85,25.20,15819.90,1800.00,149452.44,1,None,SYNTHETIC
SIM-00287,20250329,4,2,2,Road,Road,5621.78,2025-04-03,2025-04-03,145114.38,21781.67,2111.69,0.00,169007.74,25.20,17000.26,1800.00,160469.12,0,None,SYNTHETIC
SIM-00288,20250329,3,3,4,Road,Road,642.71,2025-04-03,2025-04-03,9170.98,1493.04,2382.37,0.00,13046.39,14.40,1110.60,1800.00,12165.62,0,None,SYNTHETIC
SIM-00289,20250330,12,4,6,Sea,Sea,824.42,2025-04-26,2025-04-26,45264.11,5010.74,2831.44,0.00,53106.29,51.20,5065.24,1800.00,49075.54,0,None,SYNTHETIC
SIM-00290,20250330,6,2,6,Sea,Sea,4776.08,2025-04-26,2025-04-26,264194.71,38651.69,2094.92,0.00,304941.32,51.20,29344.24,1800.00,275679.54,0,None,SYNTHETIC
SIM-00291,20250331,3,4,8,Sea,Sea,3602.04,2025-04-24,2025-04-23,107089.70,17444.91,1252.50,0.00,125787.11,28.80,12448.65,1800.00,117987.40,0,None,SYNTHETIC
SIM-00292,20250401,10,3,2,Road,Road,1232.73,2025-04-06,2025-04-06,33317.74,5330.84,2664.97,0.00,41313.55,25.20,3727.78,1800.00,36592.58,0,None,SYNTHETIC
SIM-00293,20250402,8,3,5,Sea,Sea,1933.56,2025-04-26,2025-04-26,82887.16,12607.14,1694.42,0.00,97188.72,38.40,8909.84,1800.00,84958.54,0,None,SYNTHETIC
SIM-00294,20250402,3,4,4,Road,Road,4413.15,2025-04-07,2025-04-06,60369.94,7184.02,2082.65,0.00,69636.61,14.40,7625.92,1800.00,72975.28,0,None,SYNTHETIC
SIM-00295,20250402,4,5,2,Road,Road,1004.96,2025-04-07,2025-04-06,23142.11,2876.56,2690.87,0.00,28709.54,25.20,3039.00,1800.00,30163.99,0,None,SYNTHETIC
SIM-00296,20250402,6,4,6,Air,Air,429.42,2025-04-09,2025-04-08,168945.84,18499.57,1350.52,0.00,188795.93,336.00,17314.21,1800.00,163399.33,0,None,SYNTHETIC
SIM-00297,20250403,11,1,2,Road,Road,3126.17,2025-04-08,2025-04-10,66876.49,7142.41,1478.24,0.00,75497.14,25.20,9453.54,1800.00,90033.02,0,Weather,SYNTHETIC
SIM-00298,20250403,4,2,3,Road,Road,4670.04,2025-04-08,2025-04-08,85732.09,12782.65,1707.76,0.00,100222.50,19.80,11096.01,1800.00,105362.80,0,None,SYNTHETIC
SIM-00299,20250403,2,2,5,Sea,Sea,3695.53,2025-04-27,2025-04-27,149595.63,19327.76,2060.77,0.00,170984.16,38.40,17029.00,1800.00,160737.35,0,None,SYNTHETIC
SIM-00300,20250404,7,1,7,Sea,Sea,2393.36,2025-04-28,2025-04-28,59317.80,9906.07,1352.22,0.00,70576.09,25.60,7352.40,1800.00,70422.42,0,None,SYNTHETIC
SIM-00301,20250404,5,1,5,Sea,Sea,4479.46,2025-04-28,2025-05-05,164031.98,16271.97,2724.86,0.00,183028.81,38.40,20641.35,1800.00,194452.61,0,Weather,SYNTHETIC
SIM-00302,20250404,11,2,1,Road,Road,5967.99,2025-04-09,2025-04-09,114999.04,16801.36,1789.20,0.00,133589.60,18.00,12890.86,1800.00,122114.68,0,None,SYNTHETIC
SIM-00303,20250404,10,2,7,Sea,Air,130.06,2025-04-28,2025-04-12,24103.61,3285.32,2682.07,3039.47,33110.47,25.60,399.54,1800.00,5529.08,1,None,SYNTHETIC
SIM-00304,20250405,7,4,6,Sea,Sea,774.28,2025-05-02,2025-05-05,45652.18,5176.96,1510.31,0.00,52339.45,51.20,4757.18,1800.00,46200.32,0,Documentation,SYNTHETIC
SIM-00305,20250405,5,1,5,Sea,Sea,4958.99,2025-04-29,2025-04-29,167283.83,15540.67,1413.99,0.00,184238.49,38.40,22851.03,1800.00,215076.25,0,None,SYNTHETIC
SIM-00306,20250405,8,4,1,Road,Road,2373.88,2025-04-10,2025-04-10,46095.86,3816.74,2760.87,0.00,52673.47,18.00,5127.58,1800.00,49657.42,0,None,SYNTHETIC
SIM-00307,20250406,8,3,5,Sea,Sea,1134.60,2025-04-30,2025-05-05,47121.72,5583.92,1418.75,0.00,54124.39,38.40,5228.24,1800.00,50596.88,0,Weather,SYNTHETIC
SIM-00308,20250407,3,2,6,Air,Air,750.70,2025-04-14,2025-04-16,220938.42,28191.74,1128.47,0.00,250258.63,336.00,30268.22,1800.00,284303.42,0,Weather,SYNTHETIC
SIM-00309,20250407,10,5,1,Road,Road,3483.37,2025-04-12,2025-04-12,63036.14,7060.05,2689.35,0.00,72785.54,18.00,7524.08,1800.00,72024.74,0,None,SYNTHETIC
SIM-00310,20250407,11,1,6,Sea,Sea,1599.05,2025-05-04,2025-05-03,69791.70,8040.00,2698.47,0.00,80530.17,51.20,9824.56,1800.00,93495.92,0,None,SYNTHETIC
SIM-00311,20250407,2,2,4,Road,Road,2943.78,2025-04-12,2025-04-12,38527.32,5463.17,1262.18,0.00,45252.67,14.40,5086.85,1800.00,49277.28,0,None,SYNTHETIC
SIM-00312,20250408,12,3,7,Sea,Sea,3400.65,2025-05-02,2025-05-06,99428.70,8968.47,2009.22,0.00,110406.39,25.60,10446.80,1800.00,99303.44,0,Weather,SYNTHETIC
SIM-00313,20250408,7,4,2,Road,Road,5543.75,2025-04-13,2025-04-12,139209.24,20770.02,2653.79,0.00,162633.05,25.20,16764.30,1800.00,158266.80,0,None,SYNTHETIC
SIM-00314,20250408,11,2,4,Road,Road,5196.33,2025-04-13,2025-04-16,70624.58,9823.88,2731.90,0.00,83180.36,14.40,8979.26,1800.00,85606.41,0,Weather,SYNTHETIC
SIM-00315,20250409,10,2,1,Road,Road,1222.05,2025-04-14,2025-04-14,20730.08,2580.89,1859.68,0.00,25170.65,18.00,2639.63,1800.00,26436.53,0,None,SYNTHETIC
SIM-00316,20250409,4,4,5,Sea,Sea,5445.82,2025-05-03,2025-05-03,228889.24,35134.50,1905.89,0.00,265929.63,38.40,25094.34,1800.00,236013.83,0,None,SYNTHETIC
SIM-00317,20250410,8,4,2,Road,Road,3804.98,2025-04-15,2025-04-15,91258.49,14364.09,2548.48,0.00,108171.06,25.20,11506.26,1800.00,109191.76,0,None,SYNTHETIC
SIM-00318,20250410,10,3,1,Road,Road,3757.20,2025-04-15,2025-04-15,62823.62,8650.81,1491.20,0.00,72965.63,18.00,8115.55,1800.00,77545.15,0,None,SYNTHETIC
SIM-00319,20250410,9,3,3,Road,Road,2858.12,2025-04-15,2025-04-15,58861.96,5203.40,2884.53,0.00,66949.89,19.80,6790.89,1800.00,65181.67,0,None,SYNTHETIC
SIM-00320,20250410,6,2,1,Road,Road,5144.79,2025-04-15,2025-04-14,95690.63,15721.97,1628.37,0.00,113040.97,18.00,11112.75,1800.00,105518.97,0,None,SYNTHETIC
SIM-00321,20250411,3,4,5,Air,Air,356.68,2025-04-15,2025-04-14,88151.64,7404.74,2816.11,0.00,98372.49,252.00,10786.00,1800.00,102469.36,0,None,SYNTHETIC
SIM-00322,20250411,7,2,1,Road,Road,2149.13,2025-04-16,2025-04-14,36114.62,3784.81,2878.76,5698.89,48477.08,18.00,4642.12,1800.00,45126.46,1,None,SYNTHETIC
SIM-00323,20250411,10,4,1,Road,Road,5015.53,2025-04-16,2025-04-16,99649.37,8649.57,1474.44,0.00,109773.38,18.00,10833.54,1800.00,102913.08,0,None,SYNTHETIC
SIM-00324,20250412,6,5,5,Sea,Sea,1240.00,2025-05-06,2025-05-06,50861.39,4272.36,2616.34,0.00,57750.09,38.40,5713.92,1800.00,55129.92,0,None,SYNTHETIC
SIM-00325,20250412,1,1,8,Air,Air,864.37,2025-04-16,2025-04-16,155874.83,15057.51,1862.07,0.00,172794.41,189.00,19603.91,1800.00,184769.84,0,None,SYNTHETIC
SIM-00326,20250412,11,4,1,Road,Road,5093.32,2025-04-17,2025-04-15,96722.21,8627.62,2055.99,6973.67,114379.49,18.00,11001.57,1800.00,104481.33,1,None,SYNTHETIC
SIM-00327,20250412,12,4,6,Sea,Sea,990.56,2025-05-09,2025-05-08,47877.44,6362.91,2314.66,0.00,56555.01,51.20,6086.00,1800.00,58602.67,0,None,SYNTHETIC
SIM-00328,20250413,9,4,3,Road,Road,681.08,2025-04-18,2025-04-18,15836.30,2156.90,1119.82,0.00,19113.02,19.80,1618.25,1800.00,16903.63,0,None,SYNTHETIC
SIM-00329,20250413,4,3,4,Road,Road,5177.33,2025-04-18,2025-04-15,83560.88,12099.62,1627.38,12458.93,109746.81,14.40,8946.43,1800.00,85299.98,1,None,SYNTHETIC
SIM-00330,20250413,7,3,6,Air,Air,577.86,2025-04-20,2025-04-20,190686.97,31348.94,2236.08,0.00,224271.99,336.00,23299.32,1800.00,219260.28,0,None,SYNTHETIC
SIM-00331,20250414,6,3,4,Road,Road,3086.76,2025-04-19,2025-04-16,45115.86,5504.13,1983.32,5860.55,58463.86,14.40,5333.92,1800.00,51583.26,1,None,SYNTHETIC
SIM-00332,20250414,4,5,1,Road,Road,732.78,2025-04-19,2025-04-18,13367.17,1320.68,1762.95,0.00,16450.80,18.00,1582.80,1800.00,16572.84,0,None,SYNTHETIC
SIM-00333,20250415,2,5,8,Sea,Sea,4066.51,2025-05-09,2025-05-08,115732.62,16387.74,2503.98,0.00,134624.34,28.80,14053.86,1800.00,132969.35,0,None,SYNTHETIC
SIM-00334,20250415,10,3,7,Sea,Sea,1655.85,2025-05-09,2025-05-08,44667.67,6718.02,2241.62,0.00,53627.31,25.60,5086.77,1800.00,49276.53,0,None,SYNTHETIC
SIM-00335,20250415,11,4,5,Sea,Sea,1499.28,2025-05-09,2025-05-08,61680.25,8598.23,1288.91,0.00,71567.39,38.40,6908.68,1800.00,66281.03,0,None,SYNTHETIC
SIM-00336,20250415,8,1,5,Sea,Sea,724.82,2025-05-09,2025-05-09,28081.11,3027.14,2135.94,0.00,33244.19,38.40,3339.97,1800.00,32973.06,0,None,SYNTHETIC
SIM-00337,20250416,9,2,3,Road,Road,615.00,2025-04-21,2025-04-21,11986.94,1034.47,1519.40,0.00,14540.81,19.80,1461.24,1800.00,15438.24,0,None,SYNTHETIC
SIM-00338,20250416,7,5,2,Road,Road,2184.74,2025-04-21,2025-04-21,46970.04,4950.64,1895.78,0.00,53816.46,25.20,6606.65,1800.00,63462.10,0,None,SYNTHETIC
SIM-00339,20250417,8,2,1,Road,Road,5855.48,2025-04-22,2025-04-25,105319.56,11500.90,2679.75,0.00,119500.21,18.00,12647.84,1800.00,119846.48,0,Documentation,SYNTHETIC
SIM-00340,20250417,9,4,5,Sea,Sea,3836.84,2025-05-11,2025-05-18,139729.40,19534.17,2412.81,0.00,161676.38,38.40,17680.16,1800.00,166814.82,0,Capacity constraint,SYNTHETIC
SIM-00341,20250417,3,2,5,Sea,Sea,3536.87,2025-05-11,2025-05-10,136978.94,12095.24,2625.72,0.00,151699.90,38.40,16297.90,1800.00,153913.71,0,None,SYNTHETIC
SIM-00342,20250419,10,2,7,Sea,Air,242.85,2025-05-13,2025-04-28,36184.52,5521.76,2511.05,5728.01,49945.34,25.60,746.04,1800.00,8763.00,1,None,SYNTHETIC
SIM-00343,20250419,12,4,3,Road,Road,2811.33,2025-04-24,2025-04-24,63241.26,6886.97,1655.75,0.00,71783.98,19.80,6679.72,1800.00,64144.05,0,None,SYNTHETIC
SIM-00344,20250419,9,2,8,Sea,Sea,4709.91,2025-05-13,2025-05-13,146479.65,17767.98,1263.99,0.00,165511.62,28.80,16277.45,1800.00,153722.86,0,None,SYNTHETIC
SIM-00345,20250419,11,4,1,Road,Road,5639.73,2025-04-24,2025-04-23,113454.27,15781.49,2795.58,0.00,132031.34,18.00,12181.82,1800.00,115496.96,0,None,SYNTHETIC
SIM-00346,20250419,10,1,3,Road,Road,2385.97,2025-04-24,2025-04-30,41733.00,6184.83,1935.06,0.00,49852.89,19.80,5669.07,1800.00,54711.28,0,Weather,SYNTHETIC
SIM-00347,20250419,4,4,5,Sea,Sea,5630.45,2025-05-13,2025-05-13,224328.47,35174.70,2421.39,0.00,261924.56,38.40,25945.11,1800.00,243954.39,0,None,SYNTHETIC
SIM-00348,20250420,8,2,7,Sea,Sea,1915.77,2025-05-14,2025-05-14,43140.79,7070.78,1412.64,0.00,51624.21,25.60,5885.25,1800.00,56728.96,0,None,SYNTHETIC
SIM-00349,20250420,4,5,2,Road,Road,929.87,2025-04-25,2025-04-24,19944.76,2826.17,1160.44,0.00,23931.37,25.20,2811.93,1800.00,28044.65,0,None,SYNTHETIC
SIM-00350,20250420,10,1,6,Sea,Air,895.36,2025-05-17,2025-04-27,297632.94,49615.41,1413.68,45091.39,393753.42,51.20,5501.09,1800.00,53143.52,1,None,SYNTHETIC
SIM-00351,20250420,1,3,8,Sea,Sea,1650.76,2025-05-14,2025-05-13,47034.52,6269.70,2143.81,0.00,55448.03,28.80,5705.03,1800.00,55046.92,0,None,SYNTHETIC
SIM-00352,20250420,5,4,8,Air,Air,794.70,2025-04-24,2025-04-24,150225.52,16404.63,1606.64,0.00,168236.79,189.00,18023.80,1800.00,170022.10,0,None,SYNTHETIC
SIM-00353,20250420,4,3,6,Air,Air,744.74,2025-04-27,2025-04-27,271444.49,40825.25,1506.52,0.00,313776.26,336.00,30027.92,1800.00,282060.56,0,None,SYNTHETIC
SIM-00354,20250420,1,3,7,Sea,Sea,3741.83,2025-05-14,2025-05-14,107986.31,17763.75,1949.58,0.00,127699.64,25.60,11494.90,1800.00,109085.75,0,None,SYNTHETIC
SIM-00355,20250421,12,3,8,Sea,Sea,789.48,2025-05-15,2025-05-15,20676.94,2214.50,2605.09,0.00,25496.53,28.80,2728.44,1800.00,27265.46,0,None,SYNTHETIC
SIM-00356,20250421,10,5,4,Road,Road,5213.02,2025-04-26,2025-05-01,76431.44,10547.54,2446.97,0.00,89425.95,14.40,9008.10,1800.00,85875.59,0,Documentation,SYNTHETIC
SIM-00357,20250421,5,2,3,Road,Road,4934.09,2025-04-26,2025-04-26,103753.59,13799.23,2842.78,0.00,120395.60,19.80,11723.40,1800.00,111218.38,0,None,SYNTHETIC
SIM-00358,20250421,6,2,3,Road,Road,1260.12,2025-04-26,2025-04-29,22289.79,2536.58,1424.11,0.00,26250.48,19.80,2994.05,1800.00,29744.43,0,Weather,SYNTHETIC
SIM-00359,20250421,8,2,8,Sea,Sea,3380.81,2025-05-15,2025-05-15,107229.19,9918.70,1146.93,0.00,118294.82,28.80,11684.08,1800.00,110851.41,0,None,SYNTHETIC
SIM-00360,20250422,8,3,4,Road,Road,3215.91,2025-04-27,2025-04-27,49358.08,5167.79,2308.83,0.00,56834.70,14.40,5557.09,1800.00,53666.19,0,None,SYNTHETIC
SIM-00361,20250422,12,1,2,Road,Road,2155.56,2025-04-27,2025-04-24,49269.56,8306.85,2203.72,5927.13,65707.26,25.20,6518.41,1800.00,62638.52,1,None,SYNTHETIC
SIM-00362,20250422,10,1,4,Road,Road,4375.20,2025-04-27,2025-04-27,60987.43,9257.89,2005.76,0.00,72251.08,14.40,7560.35,1800.00,72363.23,0,None,SYNTHETIC
SIM-00363,20250422,3,4,5,Sea,Sea,5453.18,2025-05-16,2025-05-16,229213.68,24457.10,1629.81,0.00,255300.59,38.40,25128.25,1800.00,236330.36,0,None,SYNTHETIC
SIM-00364,20250423,2,4,6,Sea,Sea,5582.29,2025-05-20,2025-05-25,283690.67,41702.53,2723.30,0.00,328116.50,51.20,34297.59,1800.00,321910.84,0,Documentation,SYNTHETIC
SIM-00365,20250423,7,5,2,Road,Road,2751.84,2025-04-28,2025-05-02,65948.87,7247.78,2043.81,0.00,75240.46,25.20,8321.56,1800.00,79467.93,0,Weather,SYNTHETIC
SIM-00366,20250425,7,5,7,Sea,Sea,5950.68,2025-05-19,2025-05-19,144614.34,23239.52,2318.45,0.00,170172.31,25.60,18280.49,1800.00,172417.90,0,None,SYNTHETIC
SIM-00367,20250425,5,3,1,Road,Road,1104.34,2025-04-30,2025-04-29,20135.42,3012.26,2064.62,0.00,25212.30,18.00,2385.37,1800.00,24063.49,0,None,SYNTHETIC
SIM-00368,20250425,9,3,2,Road,Road,5776.83,2025-04-30,2025-04-30,142331.34,18360.74,1138.41,0.00,161830.49,25.20,17469.13,1800.00,164845.25,0,None,SYNTHETIC
SIM-00369,20250426,2,1,8,Sea,Sea,2408.59,2025-05-20,2025-05-20,72279.00,6309.96,2237.79,0.00,80826.75,28.80,8324.09,1800.00,79491.48,0,None,SYNTHETIC
SIM-00370,20250426,4,4,1,Road,Road,5760.48,2025-05-01,2025-04-30,105207.00,8868.95,1756.15,0.00,115832.10,18.00,12442.64,1800.00,117931.28,0,None,SYNTHETIC
SIM-00371,20250426,12,1,7,Sea,Sea,3032.89,2025-05-20,2025-05-19,77774.40,8726.29,2260.47,0.00,88761.16,25.60,9317.04,1800.00,88759.02,0,None,SYNTHETIC
SIM-00372,20250426,2,1,7,Air,Air,591.12,2025-04-30,2025-04-30,89807.58,9582.47,2702.56,0.00,102092.61,168.00,11916.98,1800.00,113025.14,0,None,SYNTHETIC
SIM-00373,20250427,4,3,7,Air,Air,894.94,2025-05-01,2025-05-01,159801.55,26910.58,1347.84,0.00,188059.97,168.00,18041.99,1800.00,170191.91,0,None,SYNTHETIC
SIM-00374,20250427,6,1,4,Road,Road,2377.64,2025-05-02,2025-05-02,31232.65,4547.47,2843.66,0.00,38623.78,14.40,4108.56,1800.00,40146.58,0,None,SYNTHETIC
SIM-00375,20250428,9,4,4,Road,Road,4845.21,2025-05-03,2025-05-03,79735.90,7590.86,2245.67,0.00,89572.43,14.40,8372.52,1800.00,79943.54,0,None,SYNTHETIC
SIM-00376,20250428,11,2,6,Air,Air,179.51,2025-05-05,2025-05-05,65672.38,8609.65,1115.76,0.00,75397.79,336.00,7237.84,1800.00,69353.20,0,None,SYNTHETIC
SIM-00377,20250428,10,1,7,Sea,Sea,2027.24,2025-05-22,2025-05-25,49810.96,7745.60,1238.09,0.00,58794.65,25.60,6227.68,1800.00,59925.02,0,Documentation,SYNTHETIC
SIM-00378,20250428,6,1,5,Sea,Sea,3156.67,2025-05-22,2025-05-22,100680.40,9574.71,1317.56,0.00,111572.67,38.40,14545.94,1800.00,137562.07,0,None,SYNTHETIC
SIM-00379,20250428,11,4,1,Road,Road,4255.14,2025-05-03,2025-05-09,90517.07,9196.53,1506.75,0.00,101220.35,18.00,9191.10,1800.00,87583.62,0,Weather,SYNTHETIC
SIM-00380,20250428,12,3,4,Road,Road,5417.39,2025-05-03,2025-05-03,72393.33,9592.12,2867.93,0.00,84853.38,14.40,9361.25,1800.00,89171.67,0,None,SYNTHETIC
SIM-00381,20250428,10,3,6,Sea,Sea,4787.02,2025-05-25,2025-05-25,270828.96,28626.62,2635.57,0.00,302091.15,51.20,29411.45,1800.00,276306.87,0,None,SYNTHETIC
SIM-00382,20250429,9,2,8,Air,Air,862.59,2025-05-03,2025-05-09,146812.35,16369.58,1231.33,0.00,164413.26,189.00,19563.54,1800.00,184393.05,0,Weather,SYNTHETIC
SIM-00383,20250429,3,3,3,Road,Road,2070.03,2025-05-04,2025-05-06,45531.71,6934.48,1770.16,0.00,54236.35,19.80,4918.39,1800.00,47704.98,0,Weather,SYNTHETIC
SIM-00384,20250430,3,3,3,Road,Road,5406.44,2025-05-05,2025-05-04,109245.61,17107.86,2249.86,0.00,128603.33,19.80,12845.70,1800.00,121693.21,0,None,SYNTHETIC
SIM-00385,20250430,9,2,6,Sea,Sea,868.95,2025-05-27,2025-05-26,42696.86,3680.47,2618.44,0.00,48995.77,51.20,5338.83,1800.00,51629.07,0,None,SYNTHETIC
SIM-00386,20250430,6,2,4,Road,Road,5237.30,2025-05-05,2025-05-04,77972.48,9200.75,1212.54,0.00,88385.77,14.40,9050.05,1800.00,86267.17,0,None,SYNTHETIC
SIM-00387,20250430,8,1,7,Sea,Sea,5649.24,2025-05-24,2025-05-23,129675.54,14614.43,2568.00,0.00,146857.97,25.60,17354.46,1800.00,163775.00,0,None,SYNTHETIC
SIM-00388,20250430,1,4,2,Road,Road,5823.98,2025-05-05,2025-05-05,162240.77,17603.12,2223.99,0.00,182067.88,25.20,17611.72,1800.00,166176.02,0,None,SYNTHETIC
SIM-00389,20250430,2,2,1,Road,Road,5183.64,2025-05-05,2025-05-05,89923.31,12886.01,2712.60,0.00,105521.92,18.00,11196.66,1800.00,106302.18,0,None,SYNTHETIC
SIM-00390,20250501,10,4,8,Sea,Air,506.96,2025-05-25,2025-05-05,100275.48,8483.31,2133.38,10318.35,121210.52,28.80,1752.05,1800.00,18152.50,1,None,SYNTHETIC
SIM-00391,20250501,3,5,5,Sea,Sea,3120.72,2025-05-25,2025-05-25,121162.58,15351.30,2341.57,0.00,138855.45,38.40,14380.28,1800.00,136015.93,0,None,SYNTHETIC
SIM-00392,20250501,10,4,3,Road,Road,4633.80,2025-05-06,2025-05-05,100391.93,10762.01,2313.44,0.00,113467.38,19.80,11009.91,1800.00,104559.15,0,None,SYNTHETIC
SIM-00393,20250502,11,4,3,Road,Road,3298.83,2025-05-07,2025-05-06,75552.75,9512.09,2208.09,0.00,87272.93,19.80,7838.02,1800.00,74954.85,0,None,SYNTHETIC
SIM-00394,20250502,11,2,5,Sea,Sea,2019.41,2025-05-26,2025-05-26,79810.99,7342.61,2851.30,0.00,90004.90,38.40,9305.44,1800.00,88650.78,0,None,SYNTHETIC
SIM-00395,20250502,8,4,8,Air,Air,259.92,2025-05-06,2025-05-06,52447.76,5543.73,1258.25,0.00,59249.74,189.00,5894.99,1800.00,56819.87,0,None,SYNTHETIC
SIM-00396,20250502,6,5,6,Sea,Sea,5761.34,2025-05-29,2025-05-28,279887.86,37225.09,1592.32,0.00,318705.27,51.20,35397.67,1800.00,332178.28,0,None,SYNTHETIC
SIM-00397,20250502,1,2,5,Sea,Sea,3354.02,2025-05-26,2025-05-25,136342.52,14125.09,2645.19,0.00,153112.80,38.40,15455.32,1800.00,146049.69,0,None,SYNTHETIC
SIM-00398,20250503,11,1,7,Sea,Sea,5327.33,2025-05-27,2025-05-27,130914.43,15343.17,2035.21,0.00,148292.81,25.60,16365.56,1800.00,154545.21,0,None,SYNTHETIC
SIM-00399,20250503,8,5,4,Road,Road,5313.23,2025-05-08,2025-05-08,79738.81,6953.22,1947.42,0.00,88639.45,14.40,9181.26,1800.00,87491.77,0,None,SYNTHETIC
SIM-00400,20250503,12,5,3,Road,Road,3715.52,2025-05-08,2025-05-14,77246.52,10119.29,1676.23,0.00,89042.04,19.80,8828.08,1800.00,84195.38,0,Documentation,SYNTHETIC
SIM-00401,20250504,1,1,2,Road,Road,2477.25,2025-05-09,2025-05-07,54535.55,5448.10,2608.45,8763.86,71355.96,25.20,7491.20,1800.00,71717.90,1,None,SYNTHETIC
SIM-00402,20250504,10,4,7,Sea,Sea,5074.75,2025-05-28,2025-05-30,153015.30,22309.63,1692.60,0.00,177017.53,25.60,15589.63,1800.00,147303.23,0,Documentation,SYNTHETIC
SIM-00403,20250504,3,3,6,Sea,Sea,1153.31,2025-05-31,2025-05-31,65258.75,9429.89,2664.38,0.00,77353.02,51.20,7085.94,1800.00,67935.41,0,None,SYNTHETIC
SIM-00404,20250504,6,4,4,Road,Road,3161.37,2025-05-09,2025-05-09,51656.25,7495.32,1587.54,0.00,60739.11,14.40,5462.85,1800.00,52786.58,0,None,SYNTHETIC
SIM-00405,20250505,3,4,3,Road,Road,3007.67,2025-05-10,2025-05-09,64173.20,6096.45,2476.24,0.00,72745.89,19.80,7146.22,1800.00,68498.09,0,None,SYNTHETIC
SIM-00406,20250505,12,1,2,Road,Road,4362.85,2025-05-10,2025-05-15,91455.19,13983.50,1868.85,0.00,107307.54,25.20,13193.26,1800.00,124937.08,0,Documentation,SYNTHETIC
SIM-00407,20250505,5,5,1,Road,Road,4221.56,2025-05-10,2025-05-08,81831.66,13068.52,1481.01,6571.08,102952.27,18.00,9118.57,1800.00,86906.65,1,None,SYNTHETIC
SIM-00408,20250505,1,5,8,Air,Air,702.94,2025-05-09,2025-05-09,129603.78,17146.58,1238.32,0.00,147988.68,189.00,15942.68,1800.00,150598.34,0,None,SYNTHETIC
SIM-00409,20250505,8,3,1,Road,Road,3824.43,2025-05-10,2025-05-15,63420.06,9500.32,2100.29,0.00,75020.67,18.00,8260.77,1800.00,78900.51,0,Capacity constraint,SYNTHETIC
SIM-00410,20250505,4,1,5,Sea,Air,654.02,2025-05-29,2025-05-09,159551.53,13928.85,1969.49,26692.97,202142.84,38.40,3013.72,1800.00,29928.09,1,None,SYNTHETIC
SIM-00411,20250506,5,2,2,Road,Road,4788.06,2025-05-11,2025-05-11,121746.87,10433.71,1985.31,0.00,134165.89,25.20,14479.09,1800.00,136938.20,0,None,SYNTHETIC
SIM-00412,20250506,10,2,3,Road,Road,843.33,2025-05-11,2025-05-10,18497.32,2917.03,1405.77,0.00,22820.12,19.80,2003.75,1800.00,20501.68,0,None,SYNTHETIC
SIM-00413,20250506,8,5,7,Sea,Sea,4838.38,2025-05-30,2025-05-29,116276.04,13267.10,2166.18,0.00,131709.32,25.60,14863.50,1800.00,140526.03,0,None,SYNTHETIC
SIM-00414,20250506,4,3,3,Road,Road,4744.53,2025-05-11,2025-05-15,89221.78,9903.62,1170.71,0.00,100296.11,19.80,11273.00,1800.00,107014.69,0,Capacity constraint,SYNTHETIC
SIM-00415,20250506,6,3,8,Sea,Sea,972.03,2025-05-30,2025-05-29,28222.80,3192.00,2846.73,0.00,34261.53,28.80,3359.34,1800.00,33153.80,0,None,SYNTHETIC
SIM-00416,20250506,3,5,5,Sea,Sea,3798.45,2025-05-30,2025-05-30,140379.85,22657.31,1572.34,0.00,164609.50,38.40,17503.26,1800.00,165163.74,0,None,SYNTHETIC
SIM-00417,20250506,9,4,1,Road,Road,3803.03,2025-05-11,2025-05-11,72558.45,9737.34,2575.88,0.00,84871.67,18.00,8214.54,1800.00,78469.08,0,None,SYNTHETIC
SIM-00418,20250506,7,4,7,Sea,Sea,4852.15,2025-05-30,2025-05-30,143147.81,14686.97,2012.67,0.00,159847.45,25.60,14905.80,1800.00,140920.84,0,None,SYNTHETIC
SIM-00419,20250507,5,2,4,Road,Road,959.54,2025-05-12,2025-05-12,13980.70,1519.70,2607.07,0.00,18107.47,14.40,1658.09,1800.00,17275.47,0,None,SYNTHETIC
SIM-00420,20250507,6,3,4,Road,Road,3356.28,2025-05-12,2025-05-12,47498.40,4246.36,1795.13,0.00,53539.89,14.40,5799.65,1800.00,55930.08,0,None,SYNTHETIC
SIM-00421,20250507,9,5,8,Sea,Sea,4479.26,2025-05-31,2025-05-31,130107.76,14428.95,2406.26,0.00,146942.97,28.80,15480.32,1800.00,146283.01,0,None,SYNTHETIC
SIM-00422,20250507,5,2,5,Sea,Air,274.34,2025-05-31,2025-05-10,72420.08,5880.51,2402.50,11869.65,92572.74,38.40,1264.16,1800.00,13598.82,1,None,SYNTHETIC
SIM-00423,20250507,4,1,7,Sea,Sea,2842.02,2025-05-31,2025-05-31,71296.64,11036.72,2273.67,0.00,84607.03,25.60,8730.69,1800.00,83286.40,0,None,SYNTHETIC
SIM-00424,20250507,4,3,5,Air,Air,546.17,2025-05-11,2025-05-08,137687.02,17513.79,1237.00,8536.60,164974.41,252.00,16516.18,1800.00,155951.02,1,None,SYNTHETIC
SIM-00425,20250508,4,2,4,Road,Road,855.25,2025-05-13,2025-05-13,11727.50,1886.95,2645.50,0.00,16259.95,14.40,1477.87,1800.00,15593.47,0,None,SYNTHETIC
SIM-00426,20250508,1,1,5,Sea,Sea,1854.12,2025-06-01,2025-06-01,63154.95,9650.08,1362.72,0.00,74167.75,38.40,8543.79,1800.00,81542.00,0,None,SYNTHETIC
SIM-00427,20250508,6,4,6,Sea,Sea,5006.66,2025-06-04,2025-06-04,303188.81,37079.99,2031.25,0.00,342300.05,51.20,30760.92,1800.00,288901.91,0,None,SYNTHETIC
SIM-00428,20250508,9,2,1,Road,Road,4568.04,2025-05-13,2025-05-13,84740.58,13202.58,2281.82,0.00,100224.98,18.00,9866.97,1800.00,93891.69,0,None,SYNTHETIC
SIM-00429,20250508,9,3,1,Road,Road,2680.47,2025-05-13,2025-05-13,53734.47,6114.98,1203.65,0.00,61053.10,18.00,5789.82,1800.00,55838.28,0,None,SYNTHETIC
SIM-00430,20250509,11,4,1,Road,Road,4788.44,2025-05-14,2025-05-14,81658.44,11170.87,2453.51,0.00,95282.82,18.00,10343.03,1800.00,98334.95,0,None,SYNTHETIC
SIM-00431,20250509,8,3,1,Road,Road,5792.14,2025-05-14,2025-05-11,99238.56,14776.62,1703.67,7700.91,123419.76,18.00,12511.02,1800.00,118569.54,1,None,SYNTHETIC
SIM-00432,20250509,11,2,7,Sea,Sea,2222.45,2025-06-02,2025-06-02,49857.36,5683.74,2432.66,0.00,57973.76,25.60,6827.37,1800.00,65522.09,0,None,SYNTHETIC
SIM-00433,20250509,10,3,5,Sea,Sea,1641.83,2025-06-02,2025-06-06,61457.32,8591.73,1469.33,0.00,71518.38,38.40,7565.55,1800.00,72411.82,0,Weather,SYNTHETIC
SIM-00434,20250510,4,5,8,Sea,Sea,1377.10,2025-06-03,2025-06-02,37179.62,5234.89,2052.44,0.00,44466.95,28.80,4759.26,1800.00,46219.74,0,None,SYNTHETIC
SIM-00435,20250511,4,5,7,Sea,Sea,4035.62,2025-06-04,2025-06-04,103827.25,16176.29,1573.84,0.00,121577.38,25.60,12397.42,1800.00,117509.29,0,None,SYNTHETIC
SIM-00436,20250511,11,1,8,Air,Air,841.91,2025-05-15,2025-05-14,137228.28,19266.85,1242.10,0.00,157737.23,189.00,19094.52,1800.00,180015.51,0,None,SYNTHETIC
SIM-00437,20250511,7,2,8,Air,Air,181.04,2025-05-15,2025-05-15,31382.48,3166.49,1632.14,0.00,36181.11,189.00,4105.99,1800.00,40122.55,0,None,SYNTHETIC
SIM-00438,20250511,1,5,2,Road,Road,721.11,2025-05-16,2025-05-16,17423.47,1721.44,1903.99,0.00,21048.90,25.20,2180.64,1800.00,22152.61,0,None,SYNTHETIC
SIM-00439,20250512,8,4,5,Air,Air,103.53,2025-05-16,2025-05-16,28324.27,3874.76,2338.31,0.00,34537.34,252.00,3130.75,1800.00,31020.31,0,None,SYNTHETIC
SIM-00440,20250512,8,5,2,Road,Road,2414.19,2025-05-17,2025-05-17,55685.48,5039.54,2858.93,0.00,63583.95,25.20,7300.51,1800.00,69938.10,0,None,SYNTHETIC
SIM-00441,20250512,8,2,2,Road,Road,2159.13,2025-05-17,2025-05-16,51546.74,4211.37,1577.00,0.00,57335.11,25.20,6529.21,1800.00,62739.29,0,None,SYNTHETIC
SIM-00442,20250513,10,4,2,Road,Road,2300.14,2025-05-18,2025-05-17,68764.68,6876.47,1646.50,0.00,77287.65,25.20,6955.62,1800.00,66719.15,0,None,SYNTHETIC
SIM-00443,20250513,10,2,5,Sea,Sea,1508.88,2025-06-06,2025-06-05,61567.06,5873.50,1393.54,0.00,68834.10,38.40,6952.92,1800.00,66693.91,0,None,SYNTHETIC
SIM-00444,20250513,11,1,8,Sea,Sea,731.54,2025-06-06,2025-06-11,20854.92,2402.49,2222.80,0.00,25480.21,28.80,2528.20,1800.00,25396.55,0,Capacity constraint,SYNTHETIC
SIM-00445,20250513,1,2,4,Road,Road,4177.41,2025-05-18,2025-05-16,66873.44,8773.80,2576.49,4072.59,82296.32,14.40,7218.56,1800.00,69173.26,1,None,SYNTHETIC
SIM-00446,20250513,6,2,1,Road,Road,3179.62,2025-05-18,2025-05-17,60406.74,5237.26,1313.84,0.00,66957.84,18.00,6867.98,1800.00,65901.14,0,None,SYNTHETIC
SIM-00447,20250514,11,5,2,Road,Road,2462.78,2025-05-19,2025-05-23,63958.14,7719.75,1918.11,0.00,73596.00,25.20,7447.45,1800.00,71309.51,0,Weather,SYNTHETIC
SIM-00448,20250514,6,3,1,Road,Road,3727.17,2025-05-19,2025-05-19,75655.93,7981.70,1704.37,0.00,85342.00,18.00,8050.69,1800.00,76939.75,0,None,SYNTHETIC
SIM-00449,20250514,7,4,1,Road,Road,1236.14,2025-05-19,2025-05-19,26392.78,4101.44,1841.95,0.00,32336.17,18.00,2670.06,1800.00,26720.58,0,None,SYNTHETIC
SIM-00450,20250514,11,1,8,Sea,Sea,4798.88,2025-06-07,2025-06-07,129920.23,16824.67,2498.64,0.00,149243.54,28.80,16584.93,1800.00,156592.67,0,None,SYNTHETIC
SIM-00451,20250514,4,3,7,Sea,Sea,2838.88,2025-06-07,2025-06-10,72934.31,6337.99,2727.77,0.00,82000.07,25.60,8721.04,1800.00,83196.37,0,Capacity constraint,SYNTHETIC
SIM-00452,20250515,7,5,1,Road,Road,3377.15,2025-05-20,2025-05-20,63443.22,9218.30,1112.22,0.00,73773.74,18.00,7294.64,1800.00,69883.34,0,None,SYNTHETIC
SIM-00453,20250515,4,4,4,Road,Road,5166.69,2025-05-20,2025-05-19,70366.52,9316.53,1364.28,0.00,81047.33,14.40,8928.04,1800.00,85128.38,0,None,SYNTHETIC
SIM-00454,20250515,9,3,5,Sea,Sea,1748.07,2025-06-08,2025-06-08,73963.22,7921.46,2632.84,0.00,84517.52,38.40,8055.11,1800.00,76981.00,0,None,SYNTHETIC
SIM-00455,20250515,3,5,2,Road,Road,1363.23,2025-05-20,2025-05-20,35927.30,5371.13,2757.87,0.00,44056.30,25.20,4122.41,1800.00,40275.81,0,None,SYNTHETIC
SIM-00456,20250516,7,3,6,Air,Air,807.91,2025-05-23,2025-05-20,269659.58,26130.01,2615.11,22597.47,321002.17,336.00,32574.93,1800.00,305832.69,1,None,SYNTHETIC
SIM-00457,20250516,8,5,1,Road,Road,2621.69,2025-05-21,2025-05-19,41010.58,4158.47,1933.73,4051.85,51154.63,18.00,5662.85,1800.00,54653.27,1,None,SYNTHETIC
SIM-00458,20250516,2,2,2,Road,Road,4947.02,2025-05-21,2025-05-20,112168.69,12820.88,2606.47,0.00,127596.04,25.20,14959.79,1800.00,141424.69,0,None,SYNTHETIC
SIM-00459,20250516,3,3,8,Sea,Sea,3816.18,2025-06-09,2025-06-11,105696.76,15104.07,1803.82,0.00,122604.65,28.80,13188.72,1800.00,124894.70,0,Documentation,SYNTHETIC
SIM-00460,20250516,7,1,4,Road,Road,3093.58,2025-05-21,2025-05-26,46656.30,6419.91,1214.04,0.00,54290.25,14.40,5345.71,1800.00,51693.26,0,Weather,SYNTHETIC
SIM-00461,20250516,3,3,3,Road,Road,4623.53,2025-05-21,2025-05-22,91473.26,8616.78,2380.38,0.00,102470.42,19.80,10985.51,1800.00,104331.40,0,Capacity constraint,SYNTHETIC
SIM-00462,20250517,4,3,3,Road,Road,5067.33,2025-05-22,2025-05-22,98310.03,14333.60,1483.19,0.00,114126.82,19.80,12039.98,1800.00,114173.11,0,None,SYNTHETIC
SIM-00463,20250517,2,2,3,Road,Road,912.37,2025-05-22,2025-05-22,18305.15,2052.01,1938.19,0.00,22295.35,19.80,2167.79,1800.00,22032.72,0,None,SYNTHETIC
SIM-00464,20250517,5,5,4,Road,Road,5883.08,2025-05-22,2025-05-20,88665.21,7456.74,2158.14,7288.28,105568.37,14.40,10165.96,1800.00,96682.31,1,None,SYNTHETIC
SIM-00465,20250517,11,2,7,Sea,Sea,4713.97,2025-06-10,2025-06-10,122175.57,11667.77,2725.32,0.00,136568.66,25.60,14481.32,1800.00,136958.95,0,None,SYNTHETIC
SIM-00466,20250517,4,1,2,Road,Road,3722.22,2025-05-22,2025-05-22,98484.59,11808.30,1635.76,0.00,111928.65,25.20,11255.99,1800.00,106855.93,0,None,SYNTHETIC
SIM-00467,20250518,3,2,6,Sea,Sea,5240.65,2025-06-14,2025-06-13,290137.16,23762.23,1186.13,0.00,315085.52,51.20,32198.55,1800.00,302319.83,0,None,SYNTHETIC
SIM-00468,20250518,11,2,2,Road,Road,3070.70,2025-05-23,2025-05-23,67729.23,7924.32,1106.75,0.00,76760.30,25.20,9285.80,1800.00,88467.44,0,None,SYNTHETIC
SIM-00469,20250518,6,3,7,Sea,Sea,3526.81,2025-06-11,2025-06-11,97664.97,13878.19,2774.61,0.00,114317.77,25.60,10834.36,1800.00,102920.70,0,None,SYNTHETIC
SIM-00470,20250518,9,5,7,Sea,Air,841.58,2025-06-11,2025-05-22,125209.17,13297.21,2175.63,17829.79,158511.80,25.60,2585.33,1800.00,25929.78,1,None,SYNTHETIC
SIM-00471,20250518,2,2,6,Air,Air,844.67,2025-05-25,2025-05-28,311823.10,35017.73,1838.61,0.00,348679.44,336.00,34057.09,1800.00,319666.21,0,Capacity constraint,SYNTHETIC
SIM-00472,20250519,4,5,8,Sea,Sea,1872.76,2025-06-12,2025-06-12,56916.44,9357.06,1576.88,0.00,67850.38,28.80,6472.26,1800.00,62207.75,0,None,SYNTHETIC
SIM-00473,20250519,2,5,8,Sea,Sea,3486.54,2025-06-12,2025-06-12,87297.00,14578.60,1510.55,0.00,103386.15,28.80,12049.48,1800.00,114261.83,0,None,SYNTHETIC
SIM-00474,20250519,9,4,7,Sea,Sea,5668.47,2025-06-12,2025-06-11,147343.14,16310.89,1913.20,0.00,165567.23,25.60,17413.54,1800.00,164326.37,0,None,SYNTHETIC
SIM-00475,20250520,6,5,5,Air,Air,799.64,2025-05-24,2025-05-23,201501.61,18800.10,2200.84,0.00,222502.55,252.00,24181.11,1800.00,227490.39,0,None,SYNTHETIC
SIM-00476,20250520,8,4,3,Road,Road,2966.95,2025-05-25,2025-05-25,60035.83,6880.11,1776.22,0.00,68692.16,19.80,7049.47,1800.00,67595.08,0,None,SYNTHETIC
SIM-00477,20250521,8,3,1,Road,Road,1133.14,2025-05-26,2025-05-26,22289.75,1783.18,2877.86,0.00,26950.79,18.00,2447.58,1800.00,24644.10,0,None,SYNTHETIC
SIM-00478,20250521,8,5,5,Sea,Sea,4293.09,2025-06-14,2025-06-13,173861.16,15664.89,1820.58,0.00,191346.63,38.40,19782.56,1800.00,186437.22,0,None,SYNTHETIC
SIM-00479,20250521,2,3,2,Road,Road,2318.13,2025-05-26,2025-05-26,56510.01,7702.31,1140.82,0.00,65353.14,25.20,7010.03,1800.00,67226.91,0,None,SYNTHETIC
SIM-00480,20250521,8,1,5,Sea,Sea,1170.31,2025-06-14,2025-06-13,41915.97,5373.63,2625.51,0.00,49915.11,38.40,5392.79,1800.00,52132.69,0,None,SYNTHETIC
SIM-00481,20250522,5,5,3,Road,Road,3355.45,2025-05-27,2025-06-01,69003.48,9018.75,1655.84,10240.12,89918.19,19.80,7972.55,1800.00,76210.46,1,Documentation,SYNTHETIC
SIM-00482,20250522,12,4,3,Road,Road,3116.96,2025-05-27,2025-05-24,73737.30,9224.54,1109.91,6481.51,90553.26,19.80,7405.90,1800.00,70921.71,1,None,SYNTHETIC
SIM-00483,20250522,8,1,5,Sea,Sea,2952.85,2025-06-15,2025-06-15,101523.54,15137.16,2099.23,0.00,118759.93,38.40,13606.73,1800.00,128796.17,0,None,SYNTHETIC
SIM-00484,20250523,6,3,1,Road,Road,3178.80,2025-05-28,2025-05-27,62086.55,9952.47,1624.54,0.00,73663.56,18.00,6866.21,1800.00,65884.61,0,None,SYNTHETIC
SIM-00485,20250523,2,2,5,Air,Air,434.25,2025-05-27,2025-05-27,116002.60,16623.17,1948.33,0.00,134574.10,252.00,13131.72,1800.00,124362.72,0,None,SYNTHETIC
SIM-00486,20250523,9,2,6,Sea,Sea,4001.53,2025-06-19,2025-06-18,214365.51,23108.60,2299.71,0.00,239773.82,51.20,24585.40,1800.00,231263.74,0,None,SYNTHETIC
SIM-00487,20250524,12,3,2,Road,Road,2074.05,2025-05-29,2025-05-28,47718.94,7367.80,1306.14,0.00,56392.88,25.20,6271.93,1800.00,60337.99,0,None,SYNTHETIC
SIM-00488,20250524,6,3,1,Road,Road,4725.84,2025-05-29,2025-05-29,95226.55,9598.84,1508.72,0.00,106334.11,18.00,10207.81,1800.00,97072.93,0,None,SYNTHETIC
SIM-00489,20250524,6,3,7,Air,Air,279.82,2025-05-28,2025-05-27,47372.02,4708.78,2518.86,0.00,54599.66,168.00,5641.17,1800.00,54450.93,0,None,SYNTHETIC
SIM-00490,20250524,4,3,4,Road,Road,2795.92,2025-05-29,2025-05-29,42961.08,6482.83,1479.68,0.00,50923.59,14.40,4831.35,1800.00,46892.60,0,None,SYNTHETIC
SIM-00491,20250524,3,4,5,Sea,Sea,1953.81,2025-06-17,2025-06-17,71928.52,10623.84,2523.94,0.00,85076.30,38.40,9003.16,1800.00,85829.46,0,None,SYNTHETIC
SIM-00492,20250524,9,1,6,Sea,Sea,2019.47,2025-06-20,2025-06-19,94080.82,12635.05,2866.20,0.00,109582.07,51.20,12407.62,1800.00,117604.48,0,None,SYNTHETIC
SIM-00493,20250526,4,3,5,Sea,Sea,3846.20,2025-06-19,2025-06-19,154922.17,22897.50,2798.85,0.00,180618.52,38.40,17723.29,1800.00,167217.37,0,None,SYNTHETIC
SIM-00494,20250527,8,5,4,Road,Road,1953.60,2025-06-01,2025-05-31,27065.80,4203.32,2559.50,0.00,33828.62,14.40,3375.82,1800.00,33307.66,0,None,SYNTHETIC
SIM-00495,20250527,4,2,4,Road,Road,4171.72,2025-06-01,2025-06-01,56442.74,5723.29,2440.81,0.00,64606.84,14.40,7208.73,1800.00,69081.50,0,None,SYNTHETIC
SIM-00496,20250527,12,3,3,Road,Road,5030.17,2025-06-01,2025-06-01,103220.23,11220.04,1804.95,0.00,116245.22,19.80,11951.68,1800.00,113349.05,0,None,SYNTHETIC
SIM-00497,20250527,3,1,2,Road,Road,1101.53,2025-06-01,2025-05-31,26175.09,4237.75,1148.48,0.00,31561.32,25.20,3331.03,1800.00,32889.59,0,None,SYNTHETIC
SIM-00498,20250528,12,3,8,Sea,Sea,5627.49,2025-06-21,2025-06-21,152530.08,22864.26,2267.15,0.00,177661.49,28.80,19448.61,1800.00,183320.32,0,None,SYNTHETIC
SIM-00499,20250528,1,2,1,Road,Road,5824.36,2025-06-02,2025-06-08,92641.82,10968.79,1749.58,0.00,105360.19,18.00,12580.62,1800.00,119219.10,0,Documentation,SYNTHETIC
SIM-00500,20250529,10,5,4,Road,Road,2757.45,2025-06-03,2025-06-03,41682.10,6064.75,1284.93,0.00,49031.78,14.40,4764.87,1800.00,46272.15,0,None,SYNTHETIC
SIM-00501,20250529,1,4,4,Road,Road,1655.25,2025-06-03,2025-06-02,27769.15,2513.11,1698.42,0.00,31980.68,14.40,2860.27,1800.00,28495.87,0,None,SYNTHETIC
SIM-00502,20250529,5,3,7,Sea,Sea,3686.52,2025-06-22,2025-06-29,85798.46,11934.57,2303.27,0.00,100036.30,25.60,11324.99,1800.00,107499.90,0,Documentation,SYNTHETIC
SIM-00503,20250530,1,4,1,Road,Road,1005.65,2025-06-04,2025-06-03,17034.91,2340.60,1527.29,0.00,20902.80,18.00,2172.20,1800.00,22073.90,0,None,SYNTHETIC
SIM-00504,20250530,3,1,3,Road,Road,5367.64,2025-06-04,2025-06-04,110180.05,15689.64,2844.90,0.00,128714.59,19.80,12753.51,1800.00,120832.78,0,None,SYNTHETIC
SIM-00505,20250530,12,4,3,Road,Road,3711.78,2025-06-04,2025-06-03,71869.56,7309.13,2664.33,0.00,81843.02,19.80,8819.19,1800.00,84112.43,0,None,SYNTHETIC
SIM-00506,20250531,10,4,1,Road,Road,2222.88,2025-06-05,2025-06-10,46637.39,7415.35,1404.30,0.00,55457.04,18.00,4801.42,1800.00,46613.26,0,Documentation,SYNTHETIC
SIM-00507,20250531,1,3,7,Sea,Sea,4138.92,2025-06-24,2025-06-24,102462.80,13094.75,1653.92,0.00,117211.47,25.60,12714.76,1800.00,120471.11,0,None,SYNTHETIC
SIM-00508,20250531,9,3,5,Sea,Sea,1529.96,2025-06-24,2025-06-24,60335.24,5713.75,1845.57,0.00,67894.56,38.40,7050.06,1800.00,67600.52,0,None,SYNTHETIC
SIM-00509,20250601,8,2,8,Air,Air,414.84,2025-06-05,2025-06-09,69583.29,7027.91,1499.09,0.00,78110.29,189.00,9408.57,1800.00,89613.33,0,Weather,SYNTHETIC
SIM-00510,20250601,1,3,4,Road,Road,515.23,2025-06-06,2025-06-06,6901.43,964.13,1500.33,0.00,9365.89,14.40,890.32,1800.00,10109.63,0,None,SYNTHETIC
SIM-00511,20250602,4,2,7,Sea,Sea,2708.57,2025-06-26,2025-06-26,66599.97,9796.86,1589.40,0.00,77986.23,25.60,8320.73,1800.00,79460.12,0,None,SYNTHETIC
SIM-00512,20250602,7,3,4,Road,Road,4950.31,2025-06-07,2025-06-08,77213.65,6177.09,1375.96,0.00,84766.70,14.40,8554.14,1800.00,81638.60,0,Capacity constraint,SYNTHETIC
SIM-00513,20250602,7,1,6,Sea,Sea,4185.75,2025-06-29,2025-06-29,223773.38,21213.72,1311.59,0.00,246298.69,51.20,25717.25,1800.00,241827.65,0,None,SYNTHETIC
SIM-00514,20250602,3,1,7,Sea,Sea,3794.48,2025-06-26,2025-06-26,80817.61,12235.79,1933.50,0.00,94986.90,25.60,11656.64,1800.00,110595.33,0,None,SYNTHETIC
SIM-00515,20250602,5,5,5,Sea,Sea,4101.43,2025-06-26,2025-06-27,159605.83,19392.11,1725.27,0.00,180723.21,38.40,18899.39,1800.00,178194.30,0,Capacity constraint,SYNTHETIC
SIM-00516,20250603,6,5,1,Road,Road,1862.37,2025-06-08,2025-06-08,30273.25,3723.61,1734.56,0.00,35731.42,18.00,4022.72,1800.00,39345.38,0,None,SYNTHETIC
SIM-00517,20250603,12,3,5,Sea,Sea,895.63,2025-06-27,2025-06-26,31875.47,4124.69,1100.95,0.00,37101.11,38.40,4127.06,1800.00,40319.25,0,None,SYNTHETIC
SIM-00518,20250603,4,4,8,Sea,Air,290.48,2025-06-27,2025-06-07,58834.53,8683.98,2809.39,9407.64,79735.54,28.80,1003.90,1800.00,11169.72,1,None,SYNTHETIC
SIM-00519,20250603,7,2,5,Sea,Sea,1062.19,2025-06-27,2025-06-27,37900.70,6219.50,1759.28,0.00,45879.48,38.40,4894.57,1800.00,47482.67,0,None,SYNTHETIC
SIM-00520,20250603,8,2,6,Sea,Sea,5446.20,2025-06-30,2025-06-30,243837.78,40915.98,1388.94,0.00,286142.70,51.20,33461.45,1800.00,314106.89,0,None,SYNTHETIC
SIM-00521,20250603,4,5,3,Road,Road,992.16,2025-06-08,2025-06-07,20959.54,2615.75,1608.50,0.00,25183.79,19.80,2357.37,1800.00,23802.14,0,None,SYNTHETIC
SIM-00522,20250603,8,4,3,Road,Road,3045.92,2025-06-08,2025-06-08,59929.18,5207.85,1206.08,0.00,66343.11,19.80,7237.11,1800.00,69346.33,0,None,SYNTHETIC
SIM-00523,20250603,5,5,6,Sea,Sea,3820.84,2025-06-30,2025-06-30,170476.70,28230.94,1382.73,0.00,200090.37,51.20,23475.24,1800.00,220902.25,0,None,SYNTHETIC
SIM-00524,20250604,9,5,5,Air,Air,748.05,2025-06-08,2025-06-08,195041.58,32942.52,2743.32,0.00,230727.42,252.00,22621.03,1800.00,212929.63,0,None,SYNTHETIC
SIM-00525,20250604,7,5,7,Sea,Sea,4859.31,2025-06-28,2025-06-28,134288.55,22573.91,2305.15,0.00,159167.61,25.60,14927.80,1800.00,141126.14,0,None,SYNTHETIC
SIM-00526,20250604,6,5,3,Road,Road,3893.95,2025-06-09,2025-06-09,67420.10,11286.12,2470.38,0.00,81176.60,19.80,9252.03,1800.00,88152.24,0,None,SYNTHETIC
SIM-00527,20250605,11,3,5,Sea,Sea,2468.94,2025-06-29,2025-06-28,91222.04,9459.73,2171.81,0.00,102853.58,38.40,11376.88,1800.00,107984.18,0,None,SYNTHETIC
SIM-00528,20250605,4,1,1,Road,Road,1762.09,2025-06-10,2025-06-13,32954.35,3555.77,2413.53,0.00,38923.65,18.00,3806.11,1800.00,37323.73,0,Capacity constraint,SYNTHETIC
SIM-00529,20250605,5,1,5,Sea,Sea,3979.04,2025-06-29,2025-06-28,153185.76,18351.65,1699.68,0.00,173237.09,38.40,18335.42,1800.00,172930.56,0,None,SYNTHETIC
SIM-00530,20250606,7,1,2,Road,Road,5526.32,2025-06-11,2025-06-10,142903.32,16119.49,1915.35,0.00,160938.16,25.20,16711.59,1800.00,157774.85,0,None,SYNTHETIC
SIM-00531,20250606,8,4,4,Road,Road,989.48,2025-06-11,2025-06-12,14208.14,2213.63,2654.14,0.00,19075.91,14.40,1709.82,1800.00,17758.33,0,Documentation,SYNTHETIC
SIM-00532,20250607,8,3,3,Road,Road,3478.63,2025-06-12,2025-06-12,63206.57,8122.04,1161.99,0.00,72490.60,19.80,8265.22,1800.00,78942.09,0,None,SYNTHETIC
SIM-00533,20250607,3,1,4,Road,Road,1419.55,2025-06-12,2025-06-12,21666.29,2762.45,2134.81,0.00,26563.55,14.40,2452.98,1800.00,24694.50,0,None,SYNTHETIC
SIM-00534,20250607,11,2,6,Air,Air,572.92,2025-06-14,2025-06-12,188789.47,22749.13,1839.18,15235.31,228613.09,336.00,23100.13,1800.00,217401.25,1,None,SYNTHETIC
SIM-00535,20250607,11,5,4,Road,Road,2571.69,2025-06-12,2025-06-12,36304.83,4418.30,2531.95,0.00,43255.08,14.40,4443.88,1800.00,43276.22,0,None,SYNTHETIC
SIM-00536,20250608,7,5,1,Road,Road,5526.65,2025-06-13,2025-06-13,100487.30,14540.51,2615.51,0.00,117643.32,18.00,11937.56,1800.00,113217.26,0,None,SYNTHETIC
SIM-00537,20250608,10,5,6,Sea,Sea,3969.20,2025-07-05,2025-07-05,211304.21,30216.50,1710.77,0.00,243231.48,51.20,24386.76,1800.00,229409.80,0,None,SYNTHETIC
SIM-00538,20250608,7,3,1,Road,Road,525.72,2025-06-13,2025-06-13,10935.32,1213.82,1973.73,0.00,14122.87,18.00,1135.56,1800.00,12398.52,0,None,SYNTHETIC
SIM-00539,20250609,4,5,1,Road,Road,3469.21,2025-06-14,2025-06-14,60300.52,5029.06,2366.85,0.00,67696.43,18.00,7493.49,1800.00,71739.27,0,None,SYNTHETIC
SIM-00540,20250611,5,5,3,Road,Road,3254.26,2025-06-16,2025-06-18,59280.02,6550.44,1511.15,0.00,67341.61,19.80,7732.12,1800.00,73966.47,0,Weather,SYNTHETIC
SIM-00541,20250611,11,4,3,Road,Road,5327.77,2025-06-16,2025-06-17,105266.11,13726.70,1701.36,0.00,120694.17,19.80,12658.78,1800.00,119948.63,0,Capacity constraint,SYNTHETIC
SIM-00542,20250611,8,3,1,Road,Road,1170.43,2025-06-16,2025-06-21,22596.24,2752.22,1614.04,0.00,26962.50,18.00,2528.13,1800.00,25395.87,0,Capacity constraint,SYNTHETIC
SIM-00543,20250612,4,3,8,Sea,Air,399.20,2025-07-06,2025-06-15,76606.96,6580.54,1954.20,12601.84,97743.54,28.80,1379.64,1800.00,14676.60,1,None,SYNTHETIC
SIM-00544,20250612,7,1,5,Air,Air,393.20,2025-06-16,2025-06-16,98103.26,11929.36,2302.62,0.00,112335.24,252.00,11890.37,1800.00,112776.77,0,None,SYNTHETIC
SIM-00545,20250613,8,2,3,Road,Road,3977.76,2025-06-18,2025-06-18,74082.83,11179.10,1560.73,0.00,86822.66,19.80,9451.16,1800.00,90010.81,0,None,SYNTHETIC
SIM-00546,20250613,5,3,6,Sea,Sea,1705.00,2025-07-10,2025-07-10,100377.98,10891.01,1826.87,0.00,113095.86,51.20,10475.52,1800.00,99571.52,0,None,SYNTHETIC
SIM-00547,20250613,6,1,6,Sea,Sea,4585.78,2025-07-10,2025-07-12,221236.74,34402.31,2596.81,0.00,258235.86,51.20,28175.03,1800.00,264766.97,0,Documentation,SYNTHETIC
SIM-00548,20250613,2,5,5,Sea,Sea,3841.20,2025-07-07,2025-07-07,131186.03,10901.56,2357.78,0.00,144445.37,38.40,17700.25,1800.00,167002.33,0,None,SYNTHETIC
SIM-00549,20250613,11,4,5,Air,Air,87.52,2025-06-17,2025-06-17,23084.56,3141.81,2594.70,0.00,28821.07,252.00,2646.60,1800.00,26501.64,0,None,SYNTHETIC
SIM-00550,20250614,5,4,4,Road,Road,3079.46,2025-06-19,2025-06-21,52931.30,6997.52,1434.87,0.00,61363.69,14.40,5321.31,1800.00,51465.53,0,Weather,SYNTHETIC
SIM-00551,20250614,2,4,4,Road,Road,4076.26,2025-06-19,2025-06-19,60180.58,5289.87,2663.32,0.00,68133.77,14.40,7043.78,1800.00,67541.92,0,None,SYNTHETIC
SIM-00552,20250614,5,3,4,Road,Road,1938.43,2025-06-19,2025-06-19,29510.98,3497.05,1674.69,0.00,34682.72,14.40,3349.61,1800.00,33063.00,0,None,SYNTHETIC
SIM-00553,20250614,12,2,5,Sea,Sea,3991.30,2025-07-08,2025-07-08,163989.42,18645.60,2015.03,0.00,184650.05,38.40,18391.91,1800.00,173457.83,0,None,SYNTHETIC
SIM-00554,20250614,8,3,1,Road,Road,4485.75,2025-06-19,2025-06-19,86140.40,14144.25,1235.45,0.00,101520.10,18.00,9689.22,1800.00,92232.72,0,None,SYNTHETIC
SIM-00555,20250615,6,5,8,Air,Air,256.90,2025-06-19,2025-06-17,43314.83,4868.59,2247.15,6055.41,56485.98,189.00,5826.49,1800.00,56180.59,1,None,SYNTHETIC
SIM-00556,20250615,7,3,8,Air,Air,524.00,2025-06-19,2025-06-19,91977.68,8544.73,2781.55,0.00,103303.96,189.00,11884.32,1800.00,112720.32,0,None,SYNTHETIC
SIM-00557,20250616,2,5,3,Road,Road,4302.00,2025-06-21,2025-06-19,90646.26,7677.74,2232.41,12110.34,112666.75,19.80,10221.55,1800.00,97201.15,1,None,SYNTHETIC
SIM-00558,20250616,11,1,1,Road,Road,2621.32,2025-06-21,2025-06-20,40698.87,4708.86,1817.49,0.00,47225.22,18.00,5662.05,1800.00,54645.81,0,None,SYNTHETIC
SIM-00559,20250616,11,3,2,Road,Road,3110.28,2025-06-21,2025-06-21,80631.18,11344.81,1848.01,0.00,93824.00,25.20,9405.49,1800.00,89584.55,0,None,SYNTHETIC
SIM-00560,20250616,2,2,3,Road,Road,5829.49,2025-06-21,2025-06-26,101445.62,15419.73,1716.30,0.00,118581.65,19.80,13850.87,1800.00,131074.77,0,Weather,SYNTHETIC
SIM-00561,20250616,12,3,2,Road,Road,1367.60,2025-06-21,2025-06-20,35970.22,3575.44,1315.37,0.00,40861.03,25.20,4135.62,1800.00,40399.14,0,None,SYNTHETIC
SIM-00562,20250616,9,2,7,Sea,Air,666.37,2025-07-10,2025-06-20,123503.65,12202.16,1864.09,16957.05,154526.95,25.60,2047.09,1800.00,20906.16,1,None,SYNTHETIC
SIM-00563,20250617,4,4,3,Road,Road,4510.57,2025-06-22,2025-06-21,84195.98,8225.95,1356.41,0.00,93778.34,19.80,10717.11,1800.00,101826.40,0,None,SYNTHETIC
SIM-00564,20250618,10,4,2,Road,Road,3542.74,2025-06-23,2025-06-22,105558.19,17776.00,1107.67,0.00,124441.86,25.20,10713.25,1800.00,101790.30,0,None,SYNTHETIC
SIM-00565,20250618,1,4,3,Road,Road,5770.06,2025-06-23,2025-06-23,108122.73,15991.35,1192.94,0.00,125307.02,19.80,13709.66,1800.00,129756.85,0,None,SYNTHETIC
SIM-00566,20250618,1,1,8,Sea,Sea,3541.15,2025-07-12,2025-07-12,106433.35,17444.43,1779.87,0.00,125657.65,28.80,12238.21,1800.00,116023.33,0,None,SYNTHETIC
SIM-00567,20250619,10,5,8,Sea,Sea,4517.96,2025-07-13,2025-07-13,130741.76,10943.09,2550.74,0.00,144235.59,28.80,15614.07,1800.00,147531.32,0,None,SYNTHETIC
SIM-00568,20250619,5,2,6,Sea,Sea,2038.32,2025-07-16,2025-07-16,93323.27,9854.94,2759.48,0.00,105937.69,51.20,12523.44,1800.00,118685.42,0,None,SYNTHETIC
SIM-00569,20250620,2,3,2,Road,Road,1914.86,2025-06-25,2025-06-24,44255.85,7359.75,1961.96,0.00,53577.56,25.20,5790.54,1800.00,55845.01,0,None,SYNTHETIC
SIM-00570,20250620,7,3,6,Sea,Sea,1168.77,2025-07-17,2025-07-17,67321.65,9081.69,1532.73,0.00,77936.07,51.20,7180.92,1800.00,68821.94,0,None,SYNTHETIC
SIM-00571,20250620,12,5,6,Sea,Sea,3403.32,2025-07-17,2025-07-17,180961.50,16521.78,2808.37,0.00,200291.65,51.20,20910.00,1800.00,196959.98,0,None,SYNTHETIC
SIM-00572,20250620,11,1,8,Air,Air,543.76,2025-06-24,2025-06-24,108380.91,11163.23,2552.36,0.00,122096.50,189.00,12332.48,1800.00,116903.12,0,None,SYNTHETIC
SIM-00573,20250620,2,3,8,Sea,Sea,1593.20,2025-07-14,2025-07-14,43540.94,7166.84,2720.51,0.00,53428.29,28.80,5506.10,1800.00,53190.26,0,None,SYNTHETIC
SIM-00574,20250620,6,1,4,Road,Road,793.07,2025-06-25,2025-06-25,10203.00,1122.33,2685.40,0.00,14010.73,14.40,1370.43,1800.00,14590.64,0,None,SYNTHETIC
SIM-00575,20250620,6,3,1,Road,Road,2729.44,2025-06-25,2025-06-25,55656.39,9422.63,2487.02,0.00,67566.04,18.00,5895.59,1800.00,56825.51,0,None,SYNTHETIC
SIM-00576,20250621,10,2,2,Road,Road,1547.29,2025-06-26,2025-06-23,34716.74,3395.30,1944.70,3082.85,43139.59,25.20,4679.01,1800.00,45470.72,1,None,SYNTHETIC
SIM-00577,20250621,11,2,5,Sea,Sea,5864.15,2025-07-15,2025-07-18,221415.51,23160.06,1366.95,0.00,245942.52,38.40,27022.00,1800.00,254005.36,0,Capacity constraint,SYNTHETIC
SIM-00578,20250621,8,2,5,Sea,Sea,4339.31,2025-07-15,2025-07-14,164792.80,23647.77,2611.49,0.00,191052.06,38.40,19995.54,1800.00,188425.04,0,None,SYNTHETIC
SIM-00579,20250622,1,2,8,Sea,Sea,4380.75,2025-07-16,2025-07-15,139448.93,15018.65,1186.24,0.00,155653.82,28.80,15139.87,1800.00,143105.47,0,None,SYNTHETIC
SIM-00580,20250622,10,2,3,Road,Road,1156.19,2025-06-27,2025-06-26,24984.56,3105.58,1651.91,0.00,29742.05,19.80,2747.11,1800.00,27439.67,0,None,SYNTHETIC
SIM-00581,20250623,9,1,1,Road,Road,1506.08,2025-06-28,2025-06-28,22912.73,3810.39,1735.21,0.00,28458.33,18.00,3253.13,1800.00,32162.57,0,None,SYNTHETIC
SIM-00582,20250624,3,1,3,Road,Road,867.74,2025-06-29,2025-06-28,17561.17,2551.64,1610.48,0.00,21723.29,19.80,2061.75,1800.00,21043.00,0,None,SYNTHETIC
SIM-00583,20250624,8,5,5,Sea,Sea,1895.96,2025-07-18,2025-07-18,63531.43,7121.87,2563.58,0.00,73216.88,38.40,8736.58,1800.00,83341.44,0,None,SYNTHETIC
SIM-00584,20250625,10,1,5,Sea,Air,536.49,2025-07-19,2025-06-29,131781.33,18291.25,2468.38,20913.70,173454.66,38.40,2472.15,1800.00,24873.37,1,None,SYNTHETIC
SIM-00585,20250625,8,2,1,Road,Road,1738.86,2025-06-30,2025-07-04,33443.44,2792.53,1687.79,0.00,37923.76,18.00,3755.94,1800.00,36855.42,0,Documentation,SYNTHETIC
SIM-00586,20250626,3,5,2,Road,Road,5582.02,2025-07-01,2025-06-30,137969.80,21481.90,2845.11,0.00,162296.81,25.20,16880.03,1800.00,159346.93,0,None,SYNTHETIC
SIM-00587,20250626,9,4,5,Air,Air,116.64,2025-06-30,2025-07-04,33464.98,4323.68,2728.47,0.00,40517.13,252.00,3527.19,1800.00,34720.47,0,Documentation,SYNTHETIC
SIM-00588,20250627,1,1,2,Road,Road,3691.55,2025-07-02,2025-07-03,79735.35,9400.80,2500.45,0.00,91636.60,25.20,11163.25,1800.00,105990.31,0,Capacity constraint,SYNTHETIC
SIM-00589,20250627,10,4,4,Road,Road,5195.10,2025-07-02,2025-07-02,87107.80,13170.70,1423.26,0.00,101701.76,14.40,8977.13,1800.00,85586.57,0,None,SYNTHETIC
SIM-00590,20250628,5,5,8,Sea,Sea,3290.36,2025-07-22,2025-07-21,91033.40,12498.89,1460.58,0.00,104992.87,28.80,11371.48,1800.00,107933.85,0,None,SYNTHETIC
SIM-00591,20250628,5,1,2,Road,Road,2991.11,2025-07-03,2025-07-02,74860.43,7530.96,2123.06,0.00,84514.45,25.20,9045.12,1800.00,86221.09,0,None,SYNTHETIC
SIM-00592,20250629,11,4,4,Road,Road,2756.31,2025-07-04,2025-07-10,39957.71,6233.40,1948.66,0.00,48139.77,14.40,4762.90,1800.00,46253.76,0,Weather,SYNTHETIC
SIM-00593,20250629,1,3,7,Sea,Sea,2303.72,2025-07-23,2025-07-28,65950.08,10809.22,1603.20,0.00,78362.50,25.60,7077.03,1800.00,67852.26,0,Documentation,SYNTHETIC
SIM-00594,20250629,8,4,5,Air,Air,646.74,2025-07-03,2025-07-03,158503.13,16214.87,2824.93,0.00,177542.93,252.00,19557.42,1800.00,184335.90,0,None,SYNTHETIC
SIM-00595,20250629,5,5,4,Road,Road,4698.32,2025-07-04,2025-07-04,67715.16,6338.14,1911.50,0.00,75964.80,14.40,8118.70,1800.00,77574.51,0,None,SYNTHETIC
SIM-00596,20250629,1,1,8,Air,Air,729.78,2025-07-03,2025-07-01,118158.14,18657.17,1619.55,16423.98,154858.84,189.00,16551.41,1800.00,156279.83,1,None,SYNTHETIC
SIM-00597,20250630,10,5,7,Air,Air,617.11,2025-07-04,2025-07-04,96495.84,9659.23,1173.02,0.00,107328.09,168.00,12440.94,1800.00,117915.42,0,None,SYNTHETIC
SIM-00598,20250630,6,3,3,Road,Road,4319.67,2025-07-05,2025-07-05,84863.95,11982.79,2611.80,0.00,99458.54,19.80,10263.54,1800.00,97593.01,0,None,SYNTHETIC
SIM-00599,20250630,5,3,2,Road,Road,1074.50,2025-07-05,2025-07-05,29739.55,4785.09,2298.06,0.00,36822.70,25.20,3249.29,1800.00,32126.69,0,None,SYNTHETIC
SIM-00600,20250701,2,1,6,Sea,Sea,1700.94,2025-07-28,2025-07-30,82376.12,12727.11,2240.00,0.00,97343.23,51.20,10450.58,1800.00,99338.71,0,Documentation,SYNTHETIC
SIM-00601,20250701,4,2,6,Sea,Sea,2687.33,2025-07-28,2025-08-01,159042.35,21597.95,2407.19,0.00,183047.49,51.20,16510.96,1800.00,155902.26,0,Documentation,SYNTHETIC
SIM-00602,20250701,4,5,8,Sea,Air,758.39,2025-07-25,2025-07-05,161298.60,23404.43,2665.63,17742.85,205111.51,28.80,2621.00,1800.00,26262.63,1,None,SYNTHETIC
SIM-00603,20250701,11,4,8,Air,Air,364.72,2025-07-05,2025-07-03,80794.76,8774.31,2322.10,6463.58,98354.75,189.00,8271.85,1800.00,79003.93,1,None,SYNTHETIC
SIM-00604,20250701,9,3,2,Road,Road,5519.17,2025-07-06,2025-07-06,160516.72,19823.81,2138.99,0.00,182479.52,25.20,16689.97,1800.00,157573.05,0,None,SYNTHETIC
SIM-00605,20250701,12,1,5,Sea,Sea,3812.12,2025-07-25,2025-07-28,157742.17,14449.18,1289.49,0.00,173480.84,38.40,17566.25,1800.00,165751.66,0,Documentation,SYNTHETIC
SIM-00606,20250701,5,4,5,Sea,Sea,5645.04,2025-07-25,2025-07-25,246486.92,39980.18,1171.59,0.00,287638.69,38.40,26012.34,1800.00,244581.88,0,None,SYNTHETIC
SIM-00607,20250701,4,2,4,Road,Road,1751.52,2025-07-06,2025-07-06,27751.89,2797.39,1471.64,0.00,32020.92,14.40,3026.63,1800.00,30048.52,0,None,SYNTHETIC
SIM-00608,20250701,11,3,1,Road,Road,3888.35,2025-07-06,2025-07-06,76446.81,9081.88,2412.90,0.00,87941.59,18.00,8398.84,1800.00,80189.14,0,None,SYNTHETIC
SIM-00609,20250701,6,1,5,Sea,Sea,1522.46,2025-07-25,2025-07-25,54066.34,9142.62,2813.04,0.00,66022.00,38.40,7015.50,1800.00,67277.96,0,None,SYNTHETIC
SIM-00610,20250702,8,3,7,Sea,Sea,4389.31,2025-07-26,2025-07-25,111991.08,11232.71,2017.10,0.00,125240.89,25.60,13483.96,1800.00,127650.30,0,None,SYNTHETIC
SIM-00611,20250702,6,1,1,Road,Road,3761.77,2025-07-07,2025-07-06,74066.60,8080.67,1286.22,0.00,83433.49,18.00,8125.42,1800.00,77637.28,0,None,SYNTHETIC
SIM-00612,20250702,8,1,1,Road,Road,3674.98,2025-07-07,2025-07-10,70296.28,8688.62,2205.50,0.00,81190.40,18.00,7937.96,1800.00,75887.60,0,Weather,SYNTHETIC
SIM-00613,20250702,2,3,4,Road,Road,1619.88,2025-07-07,2025-07-10,24539.79,3501.83,2303.26,0.00,30344.88,14.40,2799.15,1800.00,27925.42,0,Documentation,SYNTHETIC
SIM-00614,20250702,12,1,2,Road,Road,5147.19,2025-07-07,2025-07-07,148654.08,15237.04,1870.67,0.00,165761.79,25.20,15565.10,1800.00,147074.29,0,None,SYNTHETIC
SIM-00615,20250703,8,4,7,Sea,Sea,2709.98,2025-07-27,2025-07-26,77066.12,6334.84,1131.31,0.00,84532.27,25.60,8325.06,1800.00,79500.55,0,None,SYNTHETIC
SIM-00616,20250704,7,1,6,Sea,Sea,5479.95,2025-07-31,2025-08-06,262603.15,25866.41,1842.65,0.00,290312.21,51.20,33668.81,1800.00,316042.25,0,Capacity constraint,SYNTHETIC
SIM-00617,20250704,7,2,8,Air,Air,718.43,2025-07-08,2025-07-07,136853.11,21349.09,1595.33,0.00,159797.53,189.00,16293.99,1800.00,153877.26,0,None,SYNTHETIC
SIM-00618,20250704,9,3,4,Road,Road,3310.01,2025-07-09,2025-07-09,47834.52,4108.99,1585.95,0.00,53529.46,14.40,5719.70,1800.00,55183.84,0,None,SYNTHETIC
SIM-00619,20250705,3,3,8,Sea,Sea,3673.07,2025-07-29,2025-07-29,130639.84,16107.89,2378.41,0.00,149126.14,28.80,12694.13,1800.00,120278.55,0,None,SYNTHETIC
SIM-00620,20250705,7,5,8,Sea,Sea,847.33,2025-07-29,2025-07-29,24699.46,4055.65,2792.53,0.00,31547.64,28.80,2928.37,1800.00,29131.47,0,None,SYNTHETIC
SIM-00621,20250706,8,2,4,Road,Road,2246.78,2025-07-11,2025-07-18,33907.51,5391.29,1756.95,0.00,41055.75,14.40,3882.44,1800.00,38036.07,0,Weather,SYNTHETIC
SIM-00622,20250706,5,1,1,Road,Road,3771.14,2025-07-11,2025-07-09,67989.99,10959.99,1199.05,6241.48,86390.51,18.00,8145.66,1800.00,77826.18,1,None,SYNTHETIC
SIM-00623,20250706,7,1,2,Road,Road,5043.21,2025-07-11,2025-07-11,118949.31,15582.36,1668.44,17509.34,153709.45,25.20,15250.67,1800.00,144139.56,1,None,SYNTHETIC
SIM-00624,20250706,5,4,7,Sea,Sea,1143.46,2025-07-30,2025-07-30,30253.21,4783.03,1711.63,0.00,36747.87,25.60,3512.71,1800.00,34585.29,0,None,SYNTHETIC
SIM-00625,20250708,9,5,4,Road,Road,2457.42,2025-07-13,2025-07-13,38173.87,5825.33,2563.80,0.00,46563.00,14.40,4246.42,1800.00,41433.27,0,None,SYNTHETIC
SIM-00626,20250708,6,5,7,Sea,Sea,3361.20,2025-08-01,2025-07-31,87843.17,9513.42,2752.46,0.00,100109.05,25.60,10325.61,1800.00,98172.33,0,None,SYNTHETIC
SIM-00627,20250708,12,3,3,Road,Road,4949.37,2025-07-13,2025-07-13,122380.84,15309.84,2489.05,0.00,140179.73,19.80,11759.70,1800.00,111557.23,0,None,SYNTHETIC
SIM-00628,20250709,1,4,3,Road,Road,3542.31,2025-07-14,2025-07-14,86276.23,8636.25,1151.57,0.00,96064.05,19.80,8416.53,1800.00,80354.27,0,None,SYNTHETIC
SIM-00629,20250709,7,1,7,Air,Air,574.84,2025-07-13,2025-07-11,109136.96,13696.69,1366.73,9123.85,133324.23,168.00,11588.77,1800.00,109961.89,1,None,SYNTHETIC
SIM-00630,20250710,9,5,1,Road,Road,3090.53,2025-07-15,2025-07-17,57814.36,6492.55,1828.60,0.00,66135.51,18.00,6675.54,1800.00,64105.08,0,Weather,SYNTHETIC
SIM-00631,20250710,4,1,8,Sea,Sea,2077.59,2025-08-03,2025-08-03,65179.37,7971.44,2343.57,0.00,75494.38,28.80,7180.15,1800.00,68814.74,0,None,SYNTHETIC
SIM-00632,20250711,12,1,3,Road,Road,1008.62,2025-07-16,2025-07-15,19223.30,2191.46,2562.09,0.00,23976.85,19.80,2396.48,1800.00,24167.16,0,None,SYNTHETIC
SIM-00633,20250711,12,5,8,Sea,Sea,1497.40,2025-08-04,2025-08-04,45097.12,6002.43,1662.01,0.00,52761.56,28.80,5175.01,1800.00,50100.13,0,None,SYNTHETIC
SIM-00634,20250711,3,1,4,Road,Road,2628.64,2025-07-16,2025-07-15,39398.71,3187.36,2228.01,0.00,44814.08,14.40,4542.29,1800.00,44194.71,0,None,SYNTHETIC
SIM-00635,20250712,12,5,2,Road,Road,3414.10,2025-07-17,2025-07-15,83769.04,12799.91,1547.66,5838.70,103955.31,25.20,10324.24,1800.00,98159.56,1,None,SYNTHETIC
SIM-00636,20250712,3,2,7,Sea,Sea,5705.10,2025-08-05,2025-08-05,146652.86,20443.41,1221.27,0.00,168317.54,25.60,17526.07,1800.00,165376.63,0,None,SYNTHETIC
SIM-00637,20250712,5,4,6,Sea,Sea,2384.40,2025-08-08,2025-08-11,126954.29,13355.59,1901.05,0.00,142210.93,51.20,14649.75,1800.00,138531.03,0,Capacity constraint,SYNTHETIC
SIM-00638,20250712,7,5,6,Air,Air,859.46,2025-07-19,2025-07-18,315880.07,41506.64,2489.67,0.00,359876.38,336.00,34653.43,1800.00,325231.99,0,None,SYNTHETIC
SIM-00639,20250713,5,4,8,Sea,Sea,4238.47,2025-08-06,2025-08-10,147247.45,15932.17,2523.40,0.00,165703.02,28.80,14648.15,1800.00,138516.09,0,Weather,SYNTHETIC
SIM-00640,20250713,1,3,2,Road,Road,5033.85,2025-07-18,2025-07-18,145404.24,23206.52,2072.74,0.00,170683.50,25.20,15222.36,1800.00,143875.38,0,None,SYNTHETIC
SIM-00641,20250713,3,1,7,Sea,Sea,2433.34,2025-08-06,2025-08-11,56073.64,5220.46,1612.24,0.00,62906.34,25.60,7475.22,1800.00,71568.72,0,Documentation,SYNTHETIC
SIM-00642,20250713,7,5,7,Sea,Sea,3004.53,2025-08-06,2025-08-06,74190.70,10305.09,2329.53,0.00,86825.32,25.60,9229.92,1800.00,87945.89,0,None,SYNTHETIC
SIM-00643,20250713,5,1,7,Air,Air,125.66,2025-07-17,2025-07-21,22776.63,2642.09,2505.43,0.00,27924.15,168.00,2533.31,1800.00,25444.19,0,Weather,SYNTHETIC
SIM-00644,20250714,12,4,1,Road,Road,2929.62,2025-07-19,2025-07-26,64958.89,5566.98,1548.75,0.00,72074.62,18.00,6327.98,1800.00,60861.14,0,Documentation,SYNTHETIC
SIM-00645,20250714,2,3,7,Sea,Sea,5748.76,2025-08-07,2025-08-06,151785.00,23283.82,1935.78,0.00,177004.60,25.60,17660.19,1800.00,166628.45,0,None,SYNTHETIC
SIM-00646,20250714,12,2,2,Road,Road,1525.82,2025-07-19,2025-07-18,43026.80,5438.59,2649.34,0.00,51114.73,25.20,4614.08,1800.00,44864.74,0,None,SYNTHETIC
SIM-00647,20250714,7,1,5,Sea,Sea,4418.42,2025-08-07,2025-08-07,167528.54,24710.46,1224.96,0.00,193463.96,38.40,20360.08,1800.00,191827.41,0,None,SYNTHETIC
SIM-00648,20250715,9,2,1,Road,Road,4733.92,2025-07-20,2025-07-19,86773.50,8729.41,1216.29,0.00,96719.20,18.00,10225.27,1800.00,97235.83,0,None,SYNTHETIC
SIM-00649,20250715,11,3,3,Road,Road,4768.22,2025-07-20,2025-07-20,96935.95,13823.07,2374.95,0.00,113133.97,19.80,11329.29,1800.00,107540.05,0,None,SYNTHETIC
SIM-00650,20250715,7,1,5,Sea,Sea,5107.47,2025-08-08,2025-08-15,178385.49,24973.97,1304.78,0.00,204664.24,38.40,23535.22,1800.00,221462.07,0,Documentation,SYNTHETIC
SIM-00651,20250715,7,4,3,Road,Road,3271.29,2025-07-20,2025-07-17,77545.66,9677.70,2853.85,6730.96,96808.17,19.80,7772.58,1800.00,74344.12,1,None,SYNTHETIC
SIM-00652,20250716,7,4,5,Sea,Sea,2119.99,2025-08-09,2025-08-16,84373.76,13255.12,1874.73,0.00,99503.61,38.40,9768.91,1800.00,92976.53,0,Documentation,SYNTHETIC
SIM-00653,20250716,6,1,1,Road,Road,1702.11,2025-07-21,2025-07-20,33979.42,5093.52,1777.05,0.00,40849.99,18.00,3676.56,1800.00,36114.54,0,None,SYNTHETIC
SIM-00654,20250717,1,3,5,Sea,Sea,5857.81,2025-08-10,2025-08-17,265709.98,26199.00,2180.56,0.00,294089.54,38.40,26992.79,1800.00,253732.69,0,Capacity constraint,SYNTHETIC
SIM-00655,20250717,7,3,1,Road,Road,3783.39,2025-07-22,2025-07-22,81276.48,11809.47,1181.40,6412.71,100680.06,18.00,8172.12,1800.00,78073.14,1,None,SYNTHETIC
SIM-00656,20250717,7,1,4,Road,Road,1583.00,2025-07-22,2025-07-22,26106.99,2534.99,1995.43,0.00,30637.41,14.40,2735.42,1800.00,27330.62,0,None,SYNTHETIC
SIM-00657,20250717,10,5,4,Road,Road,3653.83,2025-07-22,2025-07-28,60627.21,6784.18,2896.05,0.00,70307.44,14.40,6313.82,1800.00,60728.97,0,Weather,SYNTHETIC
SIM-00658,20250717,7,2,5,Sea,Sea,2833.01,2025-08-10,2025-08-10,121471.82,15864.22,2806.08,0.00,140142.12,38.40,13054.51,1800.00,123642.09,0,None,SYNTHETIC
SIM-00659,20250718,5,2,3,Road,Road,1206.03,2025-07-23,2025-07-22,28612.71,3436.39,1175.00,0.00,33224.10,19.80,2865.53,1800.00,28544.92,0,None,SYNTHETIC
SIM-00660,20250718,7,4,8,Sea,Sea,5683.21,2025-08-11,2025-08-10,211702.16,29532.45,1752.40,0.00,242987.01,28.80,19641.17,1800.00,185117.62,0,None,SYNTHETIC
SIM-00661,20250718,4,5,7,Sea,Sea,5229.86,2025-08-11,2025-08-13,146542.56,17746.30,2418.58,0.00,166707.44,25.60,16066.13,1800.00,151750.55,0,Capacity constraint,SYNTHETIC
SIM-00662,20250718,4,2,6,Air,Air,757.34,2025-07-25,2025-07-31,272493.66,22998.46,1396.19,0.00,296888.31,336.00,30535.95,1800.00,286802.19,0,Documentation,SYNTHETIC
SIM-00663,20250719,8,4,6,Sea,Sea,4499.02,2025-08-15,2025-08-17,299950.37,47962.06,2440.34,0.00,350352.77,51.20,27641.98,1800.00,259791.80,0,Capacity constraint,SYNTHETIC
SIM-00664,20250719,9,4,8,Sea,Sea,1365.82,2025-08-12,2025-08-13,46498.87,4166.30,1816.78,0.00,52481.95,28.80,4720.27,1800.00,45855.89,0,Weather,SYNTHETIC
SIM-00665,20250719,7,1,2,Road,Road,4538.99,2025-07-24,2025-07-22,112623.61,18571.63,1203.49,14945.15,147343.88,25.20,13725.91,1800.00,129908.46,1,None,SYNTHETIC
SIM-00666,20250719,10,3,2,Road,Road,1872.76,2025-07-24,2025-07-24,51368.82,8552.91,1210.22,0.00,61131.95,25.20,5663.23,1800.00,54656.78,0,None,SYNTHETIC
SIM-00667,20250719,8,4,3,Road,Road,3700.33,2025-07-24,2025-07-26,92806.70,12231.92,1506.37,0.00,106544.99,19.80,8791.98,1800.00,83858.51,0,Capacity constraint,SYNTHETIC
SIM-00668,20250719,5,1,1,Road,Road,5873.25,2025-07-24,2025-07-26,109104.35,14794.55,2087.08,15929.24,141915.22,18.00,12686.22,1800.00,120204.72,1,Weather,SYNTHETIC
SIM-00669,20250719,8,4,6,Sea,Sea,1000.28,2025-08-15,2025-08-20,63825.18,5297.49,1234.44,0.00,70357.11,51.20,6145.72,1800.00,59160.06,0,Capacity constraint,SYNTHETIC
SIM-00670,20250720,8,2,5,Sea,Sea,4630.59,2025-08-13,2025-08-17,173368.86,26716.14,2772.83,0.00,202857.83,38.40,21337.76,1800.00,200952.42,0,Capacity constraint,SYNTHETIC
SIM-00671,20250720,1,5,7,Air,Air,676.30,2025-07-24,2025-07-24,107203.79,15180.06,2105.82,0.00,124489.67,168.00,13634.21,1800.00,129052.61,0,None,SYNTHETIC
SIM-00672,20250720,1,5,3,Road,Road,4487.57,2025-07-25,2025-07-23,102245.92,11932.10,1569.70,12310.41,128058.13,19.80,10662.47,1800.00,101316.36,1,None,SYNTHETIC
SIM-00673,20250721,3,4,1,Road,Road,4579.99,2025-07-26,2025-07-26,91129.08,11372.91,2416.62,0.00,104918.61,18.00,9892.78,1800.00,94132.60,0,None,SYNTHETIC
SIM-00674,20250721,6,1,6,Sea,Sea,559.76,2025-08-17,2025-08-17,30053.05,4450.86,2514.07,0.00,37017.98,51.20,3439.17,1800.00,33898.88,0,None,SYNTHETIC
SIM-00675,20250721,3,3,2,Road,Road,4048.80,2025-07-26,2025-07-29,122898.12,11232.89,1900.05,0.00,136031.06,25.20,12243.57,1800.00,116073.33,0,Documentation,SYNTHETIC
SIM-00676,20250721,1,5,8,Sea,Sea,617.74,2025-08-14,2025-08-13,20962.32,3079.36,1596.20,0.00,25637.88,28.80,2134.91,1800.00,21725.82,0,None,SYNTHETIC
SIM-00677,20250721,6,3,6,Sea,Sea,553.53,2025-08-17,2025-08-17,29668.58,3305.08,1358.12,0.00,34331.78,51.20,3400.89,1800.00,33541.63,0,None,SYNTHETIC
SIM-00678,20250721,7,2,1,Road,Road,5846.36,2025-07-26,2025-08-02,107746.55,17368.74,1205.30,0.00,126320.59,18.00,12628.14,1800.00,119662.62,0,Weather,SYNTHETIC
SIM-00679,20250722,1,4,5,Sea,Sea,4602.35,2025-08-15,2025-08-19,199481.74,25254.39,2562.30,0.00,227298.43,38.40,21207.63,1800.00,199737.87,0,Documentation,SYNTHETIC
SIM-00680,20250722,4,2,6,Sea,Sea,2955.01,2025-08-18,2025-08-18,162451.95,22467.10,1454.14,0.00,186373.19,51.20,18155.58,1800.00,171252.09,0,None,SYNTHETIC
SIM-00681,20250722,6,5,2,Road,Road,553.81,2025-07-27,2025-07-26,15121.41,2396.74,2585.36,0.00,20103.51,25.20,1674.72,1800.00,17430.73,0,None,SYNTHETIC
SIM-00682,20250723,4,5,5,Sea,Sea,5003.38,2025-08-16,2025-08-23,210267.26,29374.34,2620.47,0.00,242262.07,38.40,23055.57,1800.00,216985.36,0,Capacity constraint,SYNTHETIC
SIM-00683,20250723,8,4,2,Road,Road,2583.97,2025-07-28,2025-07-27,67466.65,9323.89,2810.96,0.00,79601.50,25.20,7813.92,1800.00,74729.96,0,None,SYNTHETIC
SIM-00684,20250724,3,3,7,Sea,Sea,4023.12,2025-08-17,2025-08-16,122805.99,14761.28,2540.78,0.00,140108.05,25.60,12359.02,1800.00,117150.89,0,None,SYNTHETIC
SIM-00685,20250725,6,3,4,Road,Road,1237.63,2025-07-30,2025-07-29,19011.41,1775.67,2342.63,0.00,23129.71,14.40,2138.62,1800.00,21760.49,0,None,SYNTHETIC
SIM-00686,20250725,8,3,1,Road,Road,4659.61,2025-07-30,2025-07-30,98800.20,10127.02,2749.87,0.00,111677.09,18.00,10064.76,1800.00,95737.74,0,None,SYNTHETIC
SIM-00687,20250726,12,5,5,Sea,Air,636.83,2025-08-19,2025-08-06,154325.46,19244.38,1823.63,23102.52,198495.99,38.40,2934.51,1800.00,29188.78,1,None,SYNTHETIC
SIM-00688,20250726,6,5,4,Road,Road,2438.38,2025-07-31,2025-07-31,36380.76,3005.05,2889.65,0.00,42275.46,14.40,4213.52,1800.00,41126.19,0,None,SYNTHETIC
SIM-00689,20250727,1,4,3,Road,Road,4316.58,2025-08-01,2025-07-30,97676.92,11770.07,1327.69,11848.21,122622.89,19.80,10256.19,1800.00,97524.47,1,None,SYNTHETIC
SIM-00690,20250727,2,5,2,Road,Road,5903.26,2025-08-01,2025-07-31,141661.74,15738.62,1825.91,0.00,159226.27,25.20,17851.46,1800.00,168413.61,0,None,SYNTHETIC
SIM-00691,20250727,11,1,5,Sea,Air,548.61,2025-08-20,2025-08-05,140447.30,20842.38,1299.28,22513.70,185102.66,38.40,2527.99,1800.00,25394.61,1,None,SYNTHETIC
SIM-00692,20250727,1,3,1,Road,Road,1834.69,2025-08-01,2025-07-31,36023.50,5547.62,2524.06,0.00,44095.18,18.00,3962.93,1800.00,38787.35,0,None,SYNTHETIC
SIM-00693,20250728,9,1,6,Sea,Sea,4115.09,2025-08-24,2025-08-28,191344.73,27783.25,2394.32,0.00,221522.30,51.20,25283.11,1800.00,237775.72,0,Documentation,SYNTHETIC
SIM-00694,20250728,10,4,1,Road,Road,5062.43,2025-08-02,2025-08-01,109436.25,14379.92,1273.49,0.00,125089.66,18.00,10934.85,1800.00,103858.59,0,None,SYNTHETIC
SIM-00695,20250728,6,4,4,Road,Road,565.48,2025-08-02,2025-08-08,9867.05,1329.09,1593.26,0.00,12789.40,14.40,977.15,1800.00,10920.06,0,Documentation,SYNTHETIC
SIM-00696,20250728,4,4,3,Road,Road,5673.49,2025-08-02,2025-08-02,119695.64,15392.86,1206.68,0.00,136295.18,19.80,13480.21,1800.00,127615.31,0,None,SYNTHETIC
SIM-00697,20250728,2,3,8,Sea,Sea,5874.99,2025-08-21,2025-08-21,209270.47,20466.65,1762.74,0.00,231499.86,28.80,20303.97,1800.00,191303.68,0,None,SYNTHETIC
SIM-00698,20250728,9,2,3,Road,Road,5600.93,2025-08-02,2025-08-02,131492.93,20618.09,2667.37,0.00,154778.39,19.80,13307.81,1800.00,126006.22,0,None,SYNTHETIC
SIM-00699,20250729,3,4,1,Road,Road,5965.61,2025-08-03,2025-08-01,133003.56,20376.15,1804.66,8006.81,163191.18,18.00,12885.72,1800.00,122066.70,1,None,SYNTHETIC
SIM-00700,20250729,8,2,4,Road,Road,2364.26,2025-08-03,2025-08-03,34841.81,5362.15,1321.03,0.00,41524.99,14.40,4085.44,1800.00,39930.78,0,None,SYNTHETIC
SIM-00701,20250729,1,3,2,Road,Road,2459.65,2025-08-03,2025-08-06,66324.16,7793.09,2104.48,0.00,76221.73,25.20,7437.98,1800.00,71221.16,0,Capacity constraint,SYNTHETIC
SIM-00702,20250730,7,1,1,Road,Road,1413.71,2025-08-04,2025-08-07,24122.62,3150.41,1195.16,0.00,28468.19,18.00,3053.61,1800.00,30300.39,0,Capacity constraint,SYNTHETIC
SIM-00703,20250730,12,3,2,Road,Road,1056.03,2025-08-04,2025-08-04,33303.30,4136.27,1499.80,0.00,38939.37,25.20,3193.44,1800.00,31605.40,0,None,SYNTHETIC
SIM-00704,20250731,7,3,3,Road,Road,4439.98,2025-08-05,2025-08-02,92941.08,8271.76,1457.85,14851.98,117522.67,19.80,10549.39,1800.00,100260.99,1,None,SYNTHETIC
SIM-00705,20250731,5,4,3,Road,Road,4117.59,2025-08-05,2025-08-05,100285.43,11352.31,2360.31,0.00,113998.05,19.80,9783.39,1800.00,93111.67,0,None,SYNTHETIC
SIM-00706,20250731,7,4,6,Air,Air,159.11,2025-08-07,2025-08-11,67356.53,9409.71,2831.72,11753.71,91351.67,336.00,6415.32,1800.00,61676.28,1,Documentation,SYNTHETIC
SIM-00707,20250731,1,2,4,Road,Road,5319.14,2025-08-05,2025-08-03,82815.29,11759.77,2237.95,11635.55,108448.56,14.40,9191.47,1800.00,87587.09,1,None,SYNTHETIC
SIM-00708,20250731,8,3,5,Sea,Sea,5519.41,2025-08-24,2025-08-23,249830.52,38149.12,1325.78,0.00,289305.42,38.40,25433.44,1800.00,239178.78,0,None,SYNTHETIC
SIM-00709,20250801,1,3,5,Sea,Sea,2894.65,2025-08-25,2025-08-25,135466.63,13411.20,2720.20,0.00,151598.03,38.40,13338.55,1800.00,126293.11,0,None,SYNTHETIC
SIM-00710,20250801,4,3,4,Road,Road,1062.35,2025-08-06,2025-08-06,19098.83,2677.66,1605.67,0.00,23382.16,14.40,1835.74,1800.00,18933.58,0,None,SYNTHETIC
SIM-00711,20250801,12,1,5,Sea,Sea,5384.55,2025-08-25,2025-08-25,209461.97,19354.29,2023.50,0.00,230839.76,38.40,24812.01,1800.00,233378.73,0,None,SYNTHETIC
SIM-00712,20250801,4,4,8,Sea,Sea,1753.51,2025-08-25,2025-08-25,52639.60,7543.25,1760.50,0.00,61943.35,28.80,6060.13,1800.00,58361.22,0,None,SYNTHETIC
SIM-00713,20250803,5,3,7,Sea,Sea,1286.10,2025-08-27,2025-08-26,39539.94,3463.70,1488.61,0.00,44492.25,25.60,3950.90,1800.00,38675.06,0,None,SYNTHETIC
SIM-00714,20250803,2,4,8,Sea,Sea,4844.21,2025-08-27,2025-08-27,146265.93,20813.64,2193.80,0.00,169273.37,28.80,16741.59,1800.00,158054.84,0,None,SYNTHETIC
SIM-00715,20250803,8,4,3,Road,Road,3274.80,2025-08-08,2025-08-08,67164.68,11075.46,1403.93,0.00,79644.07,19.80,7780.92,1800.00,74421.96,0,None,SYNTHETIC
SIM-00716,20250803,9,1,1,Road,Road,2268.85,2025-08-08,2025-08-09,42508.60,5521.87,1111.02,0.00,49141.49,18.00,4900.72,1800.00,47540.02,0,Documentation,SYNTHETIC
SIM-00717,20250804,6,5,6,Sea,Sea,5305.07,2025-08-31,2025-09-04,305756.11,48523.49,1697.21,0.00,355976.81,51.20,32594.35,1800.00,306013.93,0,Documentation,SYNTHETIC
SIM-00718,20250805,7,1,2,Road,Road,4188.16,2025-08-10,2025-08-10,116908.60,9948.92,1256.15,0.00,128113.67,25.20,12665.00,1800.00,120006.63,0,None,SYNTHETIC
SIM-00719,20250805,8,4,4,Road,Road,832.72,2025-08-10,2025-08-10,14313.91,1179.47,1910.85,0.00,17404.23,14.40,1438.94,1800.00,15230.11,0,None,SYNTHETIC
SIM-00720,20250805,3,3,2,Road,Road,3002.31,2025-08-10,2025-08-14,88827.73,10010.89,2203.56,6289.00,107331.18,25.20,9078.99,1800.00,86537.20,1,Capacity constraint,SYNTHETIC
SIM-00721,20250805,9,2,2,Road,Road,5821.72,2025-08-10,2025-08-10,164068.88,25414.27,1740.43,0.00,191223.58,25.20,17604.88,1800.00,166112.22,0,None,SYNTHETIC
SIM-00722,20250805,4,4,2,Road,Road,5205.13,2025-08-10,2025-08-14,158665.93,21880.03,2814.12,0.00,183360.08,25.20,15740.31,1800.00,148709.59,0,Weather,SYNTHETIC
SIM-00723,20250805,11,2,3,Road,Road,2080.15,2025-08-10,2025-08-10,42955.75,6842.85,2794.72,0.00,52593.32,19.80,4942.44,1800.00,47929.41,0,None,SYNTHETIC
SIM-00724,20250805,11,4,6,Sea,Sea,892.65,2025-09-01,2025-09-04,54823.16,4884.74,1152.80,0.00,60860.70,51.20,5484.44,1800.00,52988.12,0,Documentation,SYNTHETIC
SIM-00725,20250805,3,5,6,Sea,Sea,2180.50,2025-09-01,2025-09-05,122811.13,14577.68,1727.97,0.00,139116.78,51.20,13396.99,1800.00,126838.59,0,Capacity constraint,SYNTHETIC
SIM-00726,20250805,9,1,1,Road,Road,562.64,2025-08-10,2025-08-12,10252.71,1506.12,2179.89,0.00,13938.72,18.00,1215.30,1800.00,13142.82,0,Capacity constraint,SYNTHETIC
SIM-00727,20250806,4,5,7,Sea,Sea,4127.34,2025-08-30,2025-08-30,123398.16,16535.35,2125.63,0.00,142059.14,25.60,12679.19,1800.00,120139.09,0,None,SYNTHETIC
SIM-00728,20250806,11,2,8,Air,Air,167.87,2025-08-10,2025-08-09,35185.62,2821.89,1320.20,0.00,39327.71,189.00,3807.29,1800.00,37334.72,0,None,SYNTHETIC
SIM-00729,20250806,2,2,1,Road,Road,2592.65,2025-08-11,2025-08-11,47344.31,6168.96,2283.19,0.00,55796.46,18.00,5600.12,1800.00,54067.82,0,None,SYNTHETIC
SIM-00730,20250806,6,4,3,Road,Road,1807.18,2025-08-11,2025-08-11,41351.73,3399.11,2099.76,0.00,46850.60,19.80,4293.86,1800.00,41876.02,0,None,SYNTHETIC
SIM-00731,20250806,3,5,7,Sea,Sea,5349.19,2025-08-30,2025-09-02,129476.97,17816.03,2271.43,0.00,149564.43,25.60,16432.71,1800.00,155171.97,0,Documentation,SYNTHETIC
SIM-00732,20250807,7,4,7,Sea,Sea,3521.45,2025-08-31,2025-08-31,111216.76,18817.88,2141.13,0.00,132175.77,25.60,10817.89,1800.00,102767.01,0,None,SYNTHETIC
SIM-00733,20250807,1,5,8,Sea,Sea,1575.98,2025-08-31,2025-08-30,49220.89,6644.82,2607.62,0.00,58473.33,28.80,5446.59,1800.00,52634.81,0,None,SYNTHETIC
SIM-00734,20250807,12,2,4,Road,Road,857.52,2025-08-12,2025-08-11,12675.44,1853.15,2873.75,0.00,17402.34,14.40,1481.79,1800.00,15630.08,0,None,SYNTHETIC
SIM-00735,20250807,6,4,2,Road,Road,4600.65,2025-08-12,2025-08-09,135949.78,18978.59,1483.50,20732.34,177144.21,25.20,13912.37,1800.00,131648.75,1,None,SYNTHETIC
SIM-00736,20250807,9,4,3,Road,Road,2718.41,2025-08-12,2025-08-12,65450.26,5268.75,1877.23,0.00,72596.24,19.80,6458.94,1800.00,62083.46,0,None,SYNTHETIC
SIM-00737,20250807,3,1,6,Air,Air,851.91,2025-08-14,2025-08-13,327258.76,39631.04,1801.85,0.00,368691.65,336.00,34349.01,1800.00,322390.77,0,None,SYNTHETIC
SIM-00738,20250807,6,2,7,Sea,Sea,1440.20,2025-08-31,2025-08-31,39059.53,6054.23,1114.00,0.00,46227.76,25.60,4424.29,1800.00,43093.41,0,None,SYNTHETIC
SIM-00739,20250808,3,3,8,Sea,Air,301.57,2025-09-01,2025-08-12,61042.95,6220.28,2102.76,10072.09,79438.08,28.80,1042.23,1800.00,11527.45,1,None,SYNTHETIC
SIM-00740,20250808,2,1,7,Sea,Sea,5198.79,2025-09-01,2025-09-01,129721.34,18355.57,1407.30,0.00,149484.21,25.60,15970.68,1800.00,150859.70,0,None,SYNTHETIC
SIM-00741,20250809,2,2,8,Sea,Sea,2352.29,2025-09-02,2025-09-03,76490.05,8337.42,1323.39,0.00,86150.86,28.80,8129.51,1800.00,77675.46,0,Documentation,SYNTHETIC
SIM-00742,20250809,8,1,8,Sea,Sea,3771.34,2025-09-02,2025-09-03,108930.25,16394.00,2562.49,0.00,127886.74,28.80,13033.75,1800.00,123448.34,0,Documentation,SYNTHETIC
SIM-00743,20250810,11,2,6,Sea,Sea,4924.18,2025-09-06,2025-09-06,240906.17,37870.45,1477.12,0.00,280253.74,51.20,30254.16,1800.00,284172.18,0,None,SYNTHETIC
SIM-00744,20250810,3,3,5,Sea,Air,202.45,2025-09-03,2025-08-16,51501.30,5927.80,2223.69,7946.65,67599.44,38.40,932.89,1800.00,10506.97,1,None,SYNTHETIC
SIM-00745,20250810,11,4,6,Sea,Sea,5431.94,2025-09-06,2025-09-07,299909.74,28521.42,1377.67,0.00,329808.83,51.20,33373.84,1800.00,313289.17,0,Documentation,SYNTHETIC
SIM-00746,20250810,5,3,5,Sea,Air,723.28,2025-09-03,2025-08-14,184727.89,18749.88,2427.17,22721.53,228626.47,38.40,3332.87,1800.00,32906.82,1,None,SYNTHETIC
SIM-00747,20250810,11,5,6,Air,Air,215.38,2025-08-17,2025-08-21,67387.98,11172.93,2659.41,0.00,81220.32,336.00,8684.12,1800.00,82851.80,0,Capacity constraint,SYNTHETIC
SIM-00748,20250810,2,4,7,Sea,Sea,4185.74,2025-09-03,2025-09-08,130257.46,10889.52,2682.50,0.00,143829.48,25.60,12858.59,1800.00,121813.53,0,Documentation,SYNTHETIC
SIM-00749,20250810,7,2,5,Sea,Sea,4357.16,2025-09-03,2025-09-02,166156.35,14754.68,1588.77,0.00,182499.80,38.40,20077.79,1800.00,189192.73,0,None,SYNTHETIC
SIM-00750,20250811,3,5,6,Sea,Sea,3364.77,2025-09-07,2025-09-08,168567.68,17328.76,2539.61,0.00,188436.05,51.20,20673.15,1800.00,194749.37,0,Capacity constraint,SYNTHETIC
SIM-00751,20250811,2,2,3,Road,Road,4637.33,2025-08-16,2025-08-16,100273.82,16595.32,2877.69,0.00,119746.83,19.80,11018.30,1800.00,104637.43,0,None,SYNTHETIC
SIM-00752,20250811,9,5,3,Road,Road,2752.25,2025-08-16,2025-08-16,54844.62,7420.48,2837.31,0.00,65102.41,19.80,6539.35,1800.00,62833.90,0,None,SYNTHETIC
SIM-00753,20250811,1,3,2,Road,Road,3344.28,2025-08-16,2025-08-16,89598.45,10975.81,2822.45,0.00,103396.71,25.20,10113.10,1800.00,96188.96,0,None,SYNTHETIC
SIM-00754,20250811,6,1,7,Air,Air,784.57,2025-08-15,2025-08-20,121750.40,20600.17,2129.33,0.00,144479.90,168.00,15816.93,1800.00,149424.69,0,Capacity constraint,SYNTHETIC
SIM-00755,20250812,3,1,6,Sea,Sea,1070.77,2025-09-08,2025-09-07,54920.30,8737.82,2770.01,0.00,66428.13,51.20,6578.81,1800.00,63202.23,0,None,SYNTHETIC
SIM-00756,20250812,10,1,7,Air,Air,662.85,2025-08-16,2025-08-16,113945.08,12841.61,1864.40,0.00,128651.09,168.00,13363.06,1800.00,126521.86,0,None,SYNTHETIC
SIM-00757,20250812,3,4,4,Road,Road,3255.46,2025-08-17,2025-08-17,59493.04,7555.62,2444.85,0.00,69493.51,14.40,5625.43,1800.00,54304.05,0,None,SYNTHETIC
SIM-00758,20250812,8,5,8,Sea,Sea,1001.16,2025-09-05,2025-09-12,27571.93,3242.46,2255.74,0.00,33070.13,28.80,3460.01,1800.00,34093.42,0,Capacity constraint,SYNTHETIC
SIM-00759,20250812,2,4,2,Road,Road,728.59,2025-08-17,2025-08-16,22671.91,3475.60,1407.11,0.00,27554.62,25.20,2203.26,1800.00,22363.73,0,None,SYNTHETIC
SIM-00760,20250812,5,3,5,Air,Air,551.68,2025-08-16,2025-08-13,167003.07,14412.36,1915.58,19071.75,202402.76,252.00,16682.80,1800.00,157506.16,1,None,SYNTHETIC
SIM-00761,20250813,8,4,6,Sea,Air,837.51,2025-09-09,2025-08-20,343746.04,53624.38,1708.33,23099.73,422178.48,51.20,5145.66,1800.00,49826.17,1,None,SYNTHETIC
SIM-00762,20250813,2,5,7,Sea,Sea,1305.37,2025-09-06,2025-09-11,34022.91,3157.33,2131.69,0.00,39311.93,25.60,4010.10,1800.00,39227.57,0,Documentation,SYNTHETIC
SIM-00763,20250813,1,4,6,Air,Air,782.57,2025-08-20,2025-08-22,281764.97,22992.02,1255.09,0.00,306012.08,336.00,31553.22,1800.00,296296.74,0,Weather,SYNTHETIC
SIM-00764,20250814,10,2,3,Road,Road,2223.31,2025-08-19,2025-08-19,49068.30,6084.47,2271.60,0.00,57424.37,19.80,5282.58,1800.00,51104.12,0,None,SYNTHETIC
SIM-00765,20250814,7,1,5,Sea,Sea,2561.57,2025-09-07,2025-09-06,94260.61,10104.74,2762.50,0.00,107127.85,38.40,11803.71,1800.00,111968.00,0,None,SYNTHETIC
SIM-00766,20250815,5,4,4,Road,Road,1997.98,2025-08-20,2025-08-19,37622.58,3634.34,1677.66,0.00,42934.58,14.40,3452.51,1800.00,34023.42,0,None,SYNTHETIC
SIM-00767,20250815,7,2,7,Sea,Sea,1630.89,2025-09-08,2025-09-08,40340.62,6748.99,1682.50,0.00,48772.11,25.60,5010.09,1800.00,48560.87,0,None,SYNTHETIC
SIM-00768,20250816,5,1,4,Road,Road,3576.94,2025-08-21,2025-08-21,51819.16,8202.97,1471.93,0.00,61494.06,14.40,6180.95,1800.00,59488.89,0,None,SYNTHETIC
SIM-00769,20250816,12,5,8,Sea,Sea,1267.28,2025-09-09,2025-09-12,41021.24,4889.73,2360.36,0.00,48271.33,28.80,4379.72,1800.00,42677.38,0,Capacity constraint,SYNTHETIC
SIM-00770,20250816,1,3,2,Road,Road,3434.33,2025-08-21,2025-08-21,92923.11,14719.02,2449.88,0.00,110092.01,25.20,10385.41,1800.00,98730.53,0,None,SYNTHETIC
SIM-00771,20250817,3,4,5,Sea,Sea,4935.75,2025-09-10,2025-09-12,246743.63,20701.79,1490.67,0.00,268936.09,38.40,22743.94,1800.00,214076.74,0,Weather,SYNTHETIC
SIM-00772,20250817,1,2,8,Air,Air,644.67,2025-08-21,2025-08-21,116205.21,17674.81,2646.08,0.00,136526.10,189.00,14621.12,1800.00,138263.75,0,None,SYNTHETIC
SIM-00773,20250817,8,4,1,Road,Road,1927.44,2025-08-22,2025-08-23,40012.56,6081.91,1987.45,0.00,48081.92,18.00,4163.27,1800.00,40657.19,0,Capacity constraint,SYNTHETIC
SIM-00774,20250817,6,3,5,Sea,Sea,4396.31,2025-09-10,2025-09-14,171786.71,24410.89,2363.30,0.00,198560.90,38.40,20258.20,1800.00,190876.50,0,Weather,SYNTHETIC
SIM-00775,20250818,3,4,5,Sea,Sea,1574.02,2025-09-11,2025-09-11,67850.19,7212.48,2820.01,0.00,77882.68,38.40,7253.08,1800.00,69495.45,0,None,SYNTHETIC
SIM-00776,20250818,7,5,8,Sea,Sea,2822.78,2025-09-11,2025-09-10,82209.04,7168.63,2129.21,0.00,91506.88,28.80,9755.53,1800.00,92851.59,0,None,SYNTHETIC
SIM-00777,20250818,1,4,4,Road,Road,1031.93,2025-08-23,2025-08-23,18711.62,2108.80,1362.69,0.00,22183.11,14.40,1783.17,1800.00,18442.96,0,None,SYNTHETIC
SIM-00778,20250818,2,5,7,Sea,Air,456.76,2025-09-11,2025-08-21,71847.71,11244.17,1736.97,6954.86,91783.71,25.60,1403.17,1800.00,14896.23,1,None,SYNTHETIC
SIM-00779,20250818,1,1,7,Sea,Sea,3892.16,2025-09-11,2025-09-10,97931.72,12535.26,2159.10,0.00,112626.08,25.60,11956.72,1800.00,113396.02,0,None,SYNTHETIC
SIM-00780,20250818,2,1,5,Sea,Sea,4480.01,2025-09-11,2025-09-11,159602.21,15321.81,1962.30,0.00,176886.32,38.40,20643.89,1800.00,194476.27,0,None,SYNTHETIC
SIM-00781,20250819,4,3,4,Road,Road,4862.07,2025-08-24,2025-08-24,81018.31,11674.74,1179.99,0.00,93873.04,14.40,8401.66,1800.00,80215.47,0,None,SYNTHETIC
SIM-00782,20250819,7,2,4,Road,Road,4991.81,2025-08-24,2025-08-24,69527.68,10811.55,2650.24,0.00,82989.47,14.40,8625.85,1800.00,82307.91,0,None,SYNTHETIC
SIM-00783,20250819,4,2,5,Sea,Sea,1581.65,2025-09-12,2025-09-14,60202.17,6935.29,2397.37,0.00,69534.83,38.40,7288.24,1800.00,69823.60,0,Documentation,SYNTHETIC
SIM-00784,20250820,10,4,7,Sea,Air,221.02,2025-09-13,2025-08-31,43828.68,6017.68,1375.37,6903.02,58124.75,25.60,678.97,1800.00,8137.08,1,None,SYNTHETIC
SIM-00785,20250820,10,2,7,Air,Air,123.72,2025-08-24,2025-08-23,23530.56,2449.53,1494.55,0.00,27474.64,168.00,2494.20,1800.00,25079.16,0,None,SYNTHETIC
SIM-00786,20250820,2,5,3,Road,Road,5365.85,2025-08-25,2025-08-25,113186.38,16219.61,2856.93,0.00,132262.92,19.80,12749.26,1800.00,120793.09,0,None,SYNTHETIC
SIM-00787,20250821,3,2,3,Road,Road,4186.43,2025-08-26,2025-08-30,97283.23,16499.24,2694.45,0.00,116476.92,19.80,9946.96,1800.00,94638.27,0,Weather,SYNTHETIC
SIM-00788,20250821,9,2,1,Road,Road,895.68,2025-08-26,2025-08-31,19378.32,2873.80,2351.81,1428.18,26032.11,18.00,1934.67,1800.00,19856.91,1,Weather,SYNTHETIC
SIM-00789,20250821,4,4,7,Sea,Sea,2121.17,2025-09-14,2025-09-14,61279.03,8487.15,1466.93,0.00,71233.11,25.60,6516.23,1800.00,62618.18,0,None,SYNTHETIC
SIM-00790,20250822,11,2,3,Road,Road,3694.32,2025-08-27,2025-08-27,80519.81,8164.71,2607.21,0.00,91291.73,19.80,8777.70,1800.00,83725.24,0,None,SYNTHETIC
SIM-00791,20250822,8,1,1,Road,Road,4680.78,2025-08-27,2025-08-28,81367.97,6655.90,2180.91,0.00,90204.78,18.00,10110.48,1800.00,96164.52,0,Capacity constraint,SYNTHETIC
SIM-00792,20250822,11,1,5,Sea,Sea,3428.44,2025-09-15,2025-09-15,138027.99,23271.52,1222.26,0.00,162521.77,38.40,15798.25,1800.00,149250.35,0,None,SYNTHETIC
SIM-00793,20250823,10,5,3,Road,Road,2177.13,2025-08-28,2025-09-01,44018.31,5572.72,2200.51,0.00,51791.54,19.80,5172.86,1800.00,50080.03,0,Weather,SYNTHETIC
SIM-00794,20250823,7,5,6,Sea,Air,739.90,2025-09-19,2025-08-30,264174.12,36984.38,1199.04,31885.82,334243.36,51.20,4545.95,1800.00,44228.83,1,None,SYNTHETIC
SIM-00795,20250823,1,5,2,Road,Road,5714.40,2025-08-28,2025-09-02,154410.12,24474.00,1290.44,0.00,180174.56,25.20,17280.35,1800.00,163083.23,0,Documentation,SYNTHETIC
SIM-00796,20250823,10,5,5,Sea,Sea,3294.59,2025-09-16,2025-09-16,142554.66,22666.19,2640.74,0.00,167861.59,38.40,15181.47,1800.00,143493.73,0,None,SYNTHETIC
SIM-00797,20250823,11,2,8,Sea,Air,587.94,2025-09-16,2025-08-28,132023.58,17730.77,1782.52,22127.15,173664.02,28.80,2031.92,1800.00,20764.59,1,None,SYNTHETIC
SIM-00798,20250824,1,5,4,Road,Road,4106.82,2025-08-29,2025-08-29,62430.68,6829.92,2217.27,0.00,71477.87,14.40,7096.59,1800.00,68034.80,0,None,SYNTHETIC
SIM-00799,20250824,8,5,2,Road,Road,4001.43,2025-08-29,2025-08-27,95200.63,15869.95,2658.43,9786.62,123515.63,25.20,12100.32,1800.00,114736.36,1,None,SYNTHETIC
SIM-00800,20250824,8,4,1,Road,Road,5196.54,2025-08-29,2025-08-29,101734.19,9176.42,2876.83,0.00,113787.44,18.00,11224.53,1800.00,106562.25,0,None,SYNTHETIC
SIM-00801,20250824,8,1,7,Sea,Sea,1406.24,2025-09-17,2025-09-17,37572.43,5185.00,2331.56,0.00,45088.99,25.60,4319.97,1800.00,42119.71,0,None,SYNTHETIC
SIM-00802,20250824,7,1,8,Sea,Sea,4212.61,2025-09-17,2025-09-19,115274.62,9763.76,2168.60,0.00,127206.98,28.80,14558.78,1800.00,137681.95,0,Documentation,SYNTHETIC
SIM-00803,20250824,6,3,2,Road,Road,2397.96,2025-08-29,2025-08-28,68913.97,6147.13,1734.89,0.00,76795.99,25.20,7251.43,1800.00,69480.02,0,None,SYNTHETIC
SIM-00804,20250825,9,3,2,Road,Road,4572.18,2025-08-30,2025-08-30,114901.68,16511.37,1520.34,0.00,132933.39,25.20,13826.27,1800.00,130845.21,0,None,SYNTHETIC
SIM-00805,20250825,3,3,7,Sea,Sea,2684.34,2025-09-18,2025-09-17,71387.05,8038.18,2210.85,0.00,81636.08,25.60,8246.29,1800.00,78765.39,0,None,SYNTHETIC
SIM-00806,20250825,4,5,7,Air,Air,769.14,2025-08-29,2025-09-01,141448.73,23296.61,1303.69,0.00,166049.03,168.00,15505.86,1800.00,146521.38,0,Documentation,SYNTHETIC
SIM-00807,20250826,5,3,4,Road,Road,1353.18,2025-08-31,2025-08-31,20855.38,3257.61,1192.69,0.00,25305.68,14.40,2338.29,1800.00,23624.08,0,None,SYNTHETIC
SIM-00808,20250826,2,5,5,Air,Air,282.33,2025-08-30,2025-08-29,79686.92,8606.19,2233.10,0.00,90526.21,252.00,8537.66,1800.00,81484.82,0,None,SYNTHETIC
SIM-00809,20250826,6,1,3,Road,Road,2404.24,2025-08-31,2025-09-01,42909.10,6891.20,2869.65,0.00,52669.95,19.80,5712.47,1800.00,55116.42,0,Capacity constraint,SYNTHETIC
SIM-00810,20250827,4,2,4,Road,Road,1508.16,2025-09-01,2025-08-31,22347.33,3363.27,1930.73,0.00,27641.33,14.40,2606.10,1800.00,26123.60,0,None,SYNTHETIC
SIM-00811,20250827,12,2,2,Road,Road,5563.89,2025-09-01,2025-09-05,155863.44,13419.84,2743.62,0.00,172026.90,25.20,16825.20,1800.00,158835.23,0,Capacity constraint,SYNTHETIC
SIM-00812,20250828,1,2,2,Road,Road,1011.08,2025-09-02,2025-09-03,24244.67,3799.14,1776.62,0.00,29820.43,25.20,3057.51,1800.00,30336.73,0,Weather,SYNTHETIC
SIM-00813,20250829,1,2,4,Road,Road,4984.02,2025-09-03,2025-09-07,79682.19,10263.07,2087.11,0.00,92032.37,14.40,8612.39,1800.00,82182.28,0,Weather,SYNTHETIC
SIM-00814,20250829,5,5,8,Sea,Air,892.29,2025-09-22,2025-09-02,199762.01,28406.16,2254.85,23711.75,254134.77,28.80,3083.75,1800.00,30581.70,1,None,SYNTHETIC
SIM-00815,20250829,1,5,1,Road,Road,5038.29,2025-09-03,2025-09-03,93598.55,8704.67,1938.38,14694.97,118936.57,18.00,10882.71,1800.00,103371.93,1,None,SYNTHETIC
SIM-00816,20250829,5,3,7,Air,Air,233.88,2025-09-02,2025-09-03,40719.18,4023.05,1949.24,0.00,46691.47,168.00,4715.02,1800.00,45806.86,0,Capacity constraint,SYNTHETIC
SIM-00817,20250829,3,1,1,Road,Road,3582.51,2025-09-03,2025-09-02,58466.70,8916.17,2265.75,0.00,69648.62,18.00,7738.22,1800.00,74023.40,0,None,SYNTHETIC
SIM-00818,20250830,12,3,4,Road,Road,2763.04,2025-09-04,2025-09-04,42720.38,4041.35,2349.08,0.00,49110.81,14.40,4774.53,1800.00,46362.31,0,None,SYNTHETIC
SIM-00819,20250830,2,5,1,Road,Road,5802.03,2025-09-04,2025-09-04,99183.55,13518.72,1698.11,0.00,114400.38,18.00,12532.38,1800.00,118768.92,0,None,SYNTHETIC
SIM-00820,20250830,4,1,8,Sea,Sea,2592.78,2025-09-23,2025-09-29,74057.58,9982.96,2072.50,0.00,86113.04,28.80,8960.65,1800.00,85432.71,0,Capacity constraint,SYNTHETIC
SIM-00821,20250831,6,4,2,Road,Road,2472.12,2025-09-05,2025-09-05,75979.22,9489.80,2215.41,0.00,87684.43,25.20,7475.69,1800.00,71573.11,0,None,SYNTHETIC
SIM-00822,20250831,10,4,7,Air,Air,558.81,2025-09-04,2025-09-06,110320.64,11738.12,2058.33,0.00,124117.09,168.00,11265.61,1800.00,106945.69,0,Weather,SYNTHETIC
SIM-00823,20250831,9,4,2,Road,Road,5454.09,2025-09-05,2025-09-05,171523.30,28884.52,1531.62,0.00,201939.44,25.20,16493.17,1800.00,155736.24,0,None,SYNTHETIC
SIM-00824,20250901,11,1,8,Air,Air,183.59,2025-09-05,2025-09-05,36054.36,3526.12,1498.97,0.00,41079.45,189.00,4163.82,1800.00,40662.33,0,None,SYNTHETIC
SIM-00825,20250901,12,2,6,Sea,Air,146.39,2025-09-28,2025-09-08,49915.73,7312.65,1274.62,6479.06,64982.06,51.20,899.42,1800.00,10194.59,1,None,SYNTHETIC
SIM-00826,20250901,12,1,5,Air,Air,837.85,2025-09-05,2025-09-06,207690.13,35016.56,2517.65,0.00,245224.34,252.00,25336.58,1800.00,238274.78,0,Documentation,SYNTHETIC
SIM-00827,20250901,6,4,5,Sea,Sea,1831.04,2025-09-25,2025-09-25,81442.94,13307.78,2664.12,0.00,97414.84,38.40,8437.43,1800.00,80549.37,0,None,SYNTHETIC
SIM-00828,20250901,6,3,7,Sea,Air,335.83,2025-09-25,2025-09-07,70573.34,9866.15,1617.24,8221.79,90278.52,25.60,1031.67,1800.00,11428.92,1,None,SYNTHETIC
SIM-00829,20250901,12,2,8,Sea,Sea,2212.26,2025-09-25,2025-10-02,67886.01,10148.96,2386.24,0.00,80421.21,28.80,7645.57,1800.00,73158.66,0,Capacity constraint,SYNTHETIC
SIM-00830,20250901,11,1,2,Road,Road,544.79,2025-09-06,2025-09-06,14319.60,2296.86,2648.66,0.00,19265.12,25.20,1647.45,1800.00,17176.16,0,None,SYNTHETIC
SIM-00831,20250901,10,3,6,Sea,Sea,3514.23,2025-09-28,2025-10-05,219332.39,36738.18,2691.06,0.00,258761.63,51.20,21591.43,1800.00,203320.01,0,Weather,SYNTHETIC
SIM-00832,20250902,7,3,7,Air,Air,280.63,2025-09-06,2025-09-11,50335.24,5229.83,2826.85,0.00,58391.92,168.00,5657.50,1800.00,54603.34,0,Documentation,SYNTHETIC
SIM-00833,20250902,5,3,5,Sea,Sea,1831.14,2025-09-26,2025-09-25,72568.31,6233.62,2384.47,0.00,81186.40,38.40,8437.89,1800.00,80553.67,0,None,SYNTHETIC
SIM-00834,20250902,5,4,7,Sea,Air,197.72,2025-09-26,2025-09-06,35038.01,4341.21,1966.07,2259.95,43605.24,25.60,607.40,1800.00,7469.03,1,None,SYNTHETIC
SIM-00835,20250903,7,4,7,Sea,Air,298.15,2025-09-27,2025-09-11,62392.92,7399.80,1317.92,9945.43,81056.07,25.60,915.92,1800.00,10348.56,1,None,SYNTHETIC
SIM-00836,20250903,4,3,2,Road,Road,1368.39,2025-09-08,2025-09-07,34593.94,5216.77,1788.59,0.00,41599.30,25.20,4138.01,1800.00,40421.44,0,None,SYNTHETIC
SIM-00837,20250903,1,3,8,Sea,Sea,4518.29,2025-09-27,2025-09-29,163041.37,25483.37,1885.25,0.00,190409.99,28.80,15615.21,1800.00,147541.96,0,Capacity constraint,SYNTHETIC
SIM-00838,20250903,6,4,6,Sea,Air,194.31,2025-09-30,2025-09-10,71380.93,9772.05,2519.00,5867.51,89539.49,51.20,1193.84,1800.00,12942.51,1,None,SYNTHETIC
SIM-00839,20250903,11,4,2,Road,Road,1729.79,2025-09-08,2025-09-15,51327.75,8453.68,2876.26,0.00,62657.69,25.20,5230.89,1800.00,50621.60,0,Capacity constraint,SYNTHETIC
SIM-00840,20250903,11,2,7,Sea,Air,97.08,2025-09-27,2025-09-07,15774.99,2090.19,2663.09,2282.64,22810.91,25.60,298.23,1800.00,4583.48,1,None,SYNTHETIC
SIM-00841,20250903,4,5,8,Sea,Sea,4478.60,2025-09-27,2025-09-27,143283.58,22710.45,2355.36,0.00,168349.39,28.80,15478.04,1800.00,146261.72,0,None,SYNTHETIC
SIM-00842,20250903,5,2,6,Sea,Sea,5293.10,2025-09-30,2025-10-05,302018.11,36181.77,2480.63,0.00,340680.51,51.20,32520.81,1800.00,305327.53,0,Weather,SYNTHETIC
SIM-00843,20250904,1,2,6,Sea,Sea,3766.85,2025-10-01,2025-10-08,186638.58,26819.96,1919.41,0.00,215377.95,51.20,23143.53,1800.00,217806.25,0,Documentation,SYNTHETIC
SIM-00844,20250905,8,3,4,Road,Road,5183.10,2025-09-10,2025-09-10,89061.38,15006.84,1229.89,0.00,105298.11,14.40,8956.40,1800.00,85393.04,0,None,SYNTHETIC
SIM-00845,20250905,10,4,7,Sea,Sea,5652.20,2025-09-29,2025-09-29,188921.69,25258.83,1849.25,0.00,216029.77,25.60,17363.56,1800.00,163859.88,0,None,SYNTHETIC
SIM-00846,20250905,10,1,3,Road,Road,4526.40,2025-09-10,2025-09-09,103369.56,14936.90,1564.43,0.00,119870.89,19.80,10754.73,1800.00,102177.45,0,None,SYNTHETIC
SIM-00847,20250905,1,5,2,Road,Road,2535.26,2025-09-10,2025-09-10,75007.58,11618.67,2661.90,0.00,89288.15,25.20,7666.63,1800.00,73355.18,0,None,SYNTHETIC
SIM-00848,20250906,8,1,3,Road,Road,792.93,2025-09-11,2025-09-18,14525.72,1546.99,1622.94,0.00,17695.65,19.80,1884.00,1800.00,19384.01,0,Documentation,SYNTHETIC
SIM-00849,20250906,2,5,1,Road,Road,4159.30,2025-09-11,2025-09-11,75966.10,12823.08,1478.79,0.00,90267.97,18.00,8984.09,1800.00,85651.49,0,None,SYNTHETIC
SIM-00850,20250906,9,2,5,Sea,Sea,5803.54,2025-09-30,2025-09-29,234422.90,25598.98,1423.40,0.00,261445.28,38.40,26742.71,1800.00,251398.65,0,None,SYNTHETIC
SIM-00851,20250906,12,5,2,Road,Road,1678.98,2025-09-11,2025-09-11,46596.26,5885.11,2116.98,0.00,54598.35,25.20,5077.24,1800.00,49187.54,0,None,SYNTHETIC
SIM-00852,20250907,2,5,3,Road,Road,5419.68,2025-09-12,2025-09-12,108481.57,17584.86,1426.75,0.00,127493.18,19.80,12877.16,1800.00,121986.82,0,None,SYNTHETIC
SIM-00853,20250907,10,2,7,Sea,Sea,2699.53,2025-10-01,2025-10-04,77106.92,11604.59,2370.21,0.00,91081.72,25.60,8292.96,1800.00,79200.93,0,Capacity constraint,SYNTHETIC
SIM-00854,20250907,10,1,3,Road,Road,2618.45,2025-09-12,2025-09-12,49641.24,3996.12,1202.07,0.00,54839.43,19.80,6221.44,1800.00,59866.75,0,None,SYNTHETIC
SIM-00855,20250907,12,5,7,Sea,Sea,3530.55,2025-10-01,2025-10-08,97553.49,14886.66,1889.96,0.00,114330.11,25.60,10845.85,1800.00,103027.93,0,Weather,SYNTHETIC
SIM-00856,20250908,8,2,5,Sea,Air,229.69,2025-10-02,2025-09-11,56432.32,8380.20,1854.63,5615.02,72282.17,38.40,1058.41,1800.00,11678.51,1,None,SYNTHETIC
SIM-00857,20250908,2,1,6,Sea,Sea,5229.54,2025-10-05,2025-10-09,294372.91,45539.49,2709.85,0.00,342622.25,51.20,32130.29,1800.00,301682.74,0,Weather,SYNTHETIC
SIM-00858,20250908,9,3,6,Sea,Sea,2847.18,2025-10-05,2025-10-04,165916.86,23858.84,1237.45,0.00,191013.15,51.20,17493.07,1800.00,165068.69,0,None,SYNTHETIC
SIM-00859,20250908,1,3,3,Road,Road,5269.17,2025-09-13,2025-09-12,109568.29,15219.04,1330.38,0.00,126117.71,19.80,12519.55,1800.00,118649.12,0,None,SYNTHETIC
SIM-00860,20250908,2,2,7,Air,Air,189.08,2025-09-12,2025-09-15,35066.28,2840.37,1887.90,0.00,39794.55,168.00,3811.85,1800.00,37377.29,0,Weather,SYNTHETIC
SIM-00861,20250908,11,4,2,Road,Road,4447.90,2025-09-13,2025-09-12,143037.33,19152.70,1267.24,0.00,163457.27,25.20,13450.45,1800.00,127337.53,0,None,SYNTHETIC
SIM-00862,20250908,3,2,7,Sea,Sea,5674.74,2025-10-02,2025-10-04,142344.92,13309.25,1333.71,0.00,156987.88,25.60,17432.80,1800.00,164506.14,0,Weather,SYNTHETIC
SIM-00863,20250909,6,1,6,Air,Air,562.86,2025-09-16,2025-09-16,202428.28,29716.47,2443.99,0.00,234588.74,336.00,22694.52,1800.00,213615.48,0,None,SYNTHETIC
SIM-00864,20250909,5,2,4,Road,Road,2359.57,2025-09-14,2025-09-14,33055.76,3874.14,2364.29,0.00,39294.19,14.40,4077.34,1800.00,39855.15,0,None,SYNTHETIC
SIM-00865,20250909,10,3,6,Sea,Sea,3572.22,2025-10-06,2025-10-05,225222.01,28017.62,1405.49,0.00,254645.12,51.20,21947.72,1800.00,206645.38,0,None,SYNTHETIC
SIM-00866,20250910,4,1,2,Road,Road,3097.26,2025-09-15,2025-09-15,77886.36,7235.64,1913.66,0.00,87035.66,25.20,9366.11,1800.00,89217.06,0,None,SYNTHETIC
SIM-00867,20250910,2,4,6,Sea,Sea,2627.96,2025-10-07,2025-10-07,138570.96,15007.23,2728.84,0.00,156307.03,51.20,16146.19,1800.00,152497.74,0,None,SYNTHETIC
SIM-00868,20250910,1,4,5,Sea,Sea,3842.38,2025-10-04,2025-10-03,182478.07,24196.59,2054.41,0.00,208729.07,38.40,17705.69,1800.00,167053.08,0,None,SYNTHETIC
SIM-00869,20250910,9,2,1,Road,Road,4675.03,2025-09-15,2025-09-15,80325.15,12747.60,2766.03,0.00,95838.78,18.00,10098.06,1800.00,96048.60,0,None,SYNTHETIC
SIM-00870,20250910,12,3,1,Road,Road,974.90,2025-09-15,2025-09-15,19584.97,3268.73,2844.43,0.00,25698.13,18.00,2105.78,1800.00,21453.98,0,None,SYNTHETIC
SIM-00871,20250910,10,5,2,Road,Road,2630.30,2025-09-15,2025-09-14,64930.31,9953.82,2106.38,0.00,76990.51,25.20,7954.03,1800.00,76037.59,0,None,SYNTHETIC
SIM-00872,20250910,2,2,2,Road,Road,4456.67,2025-09-15,2025-09-15,125340.14,17372.14,1569.34,0.00,144281.62,25.20,13476.97,1800.00,127585.05,0,None,SYNTHETIC
SIM-00873,20250910,2,4,6,Sea,Sea,3302.09,2025-10-07,2025-10-14,197904.46,19810.24,1179.55,0.00,218894.25,51.20,20288.04,1800.00,191155.05,0,Capacity constraint,SYNTHETIC
SIM-00874,20250911,8,1,4,Road,Road,3605.10,2025-09-16,2025-09-15,50248.47,5396.69,1699.53,0.00,57344.69,14.40,6229.61,1800.00,59943.05,0,None,SYNTHETIC
SIM-00875,20250911,4,2,2,Road,Road,2018.64,2025-09-16,2025-09-16,60139.73,7794.11,2204.90,0.00,70138.74,25.20,6104.37,1800.00,58774.10,0,None,SYNTHETIC
SIM-00876,20250911,4,5,8,Sea,Sea,4175.32,2025-10-05,2025-10-04,140389.85,17057.37,2470.68,0.00,159917.90,28.80,14429.91,1800.00,136479.13,0,None,SYNTHETIC
SIM-00877,20250911,10,3,7,Air,Air,584.85,2025-09-15,2025-09-15,117581.03,19106.92,2064.36,0.00,138752.31,168.00,11790.58,1800.00,111845.38,0,None,SYNTHETIC
SIM-00878,20250911,11,3,1,Road,Road,1365.34,2025-09-16,2025-09-16,25023.10,3693.41,2249.99,0.00,30966.50,18.00,2949.13,1800.00,29325.25,0,None,SYNTHETIC
SIM-00879,20250912,5,5,3,Road,Road,2231.00,2025-09-17,2025-09-18,52161.13,7479.91,1356.51,0.00,60997.55,19.80,5300.86,1800.00,51274.66,0,Weather,SYNTHETIC
SIM-00880,20250912,6,1,2,Road,Road,3262.02,2025-09-17,2025-09-17,75849.03,11771.77,2629.58,0.00,90250.38,25.20,9864.35,1800.00,93867.25,0,None,SYNTHETIC
SIM-00881,20250912,11,2,8,Sea,Sea,2163.16,2025-10-06,2025-10-06,71338.80,9737.75,2428.86,0.00,83505.41,28.80,7475.88,1800.00,71574.89,0,None,SYNTHETIC
SIM-00882,20250912,10,5,7,Sea,Sea,4683.52,2025-10-06,2025-10-07,114197.81,12253.43,2229.76,0.00,128681.00,25.60,14387.77,1800.00,136085.88,0,Documentation,SYNTHETIC
SIM-00883,20250912,10,5,1,Road,Road,5172.37,2025-09-17,2025-09-23,100676.82,15856.60,1528.88,0.00,118062.30,18.00,11172.32,1800.00,106074.98,0,Weather,SYNTHETIC
SIM-00884,20250912,4,3,6,Sea,Sea,3258.93,2025-10-09,2025-10-09,177660.49,18263.50,2467.14,0.00,198391.13,51.20,20022.87,1800.00,188680.09,0,None,SYNTHETIC
SIM-00885,20250912,1,5,3,Road,Road,5145.59,2025-09-17,2025-09-17,109985.36,12065.39,1946.14,0.00,123996.89,19.80,12225.92,1800.00,115908.60,0,None,SYNTHETIC
SIM-00886,20250913,8,1,6,Sea,Sea,4302.62,2025-10-10,2025-10-09,237094.66,36986.77,1341.63,0.00,275423.06,51.20,26435.30,1800.00,248529.44,0,None,SYNTHETIC
SIM-00887,20250914,6,4,1,Road,Road,2692.86,2025-09-19,2025-09-19,62438.03,10502.08,2244.89,0.00,75185.00,18.00,5816.58,1800.00,56088.06,0,None,SYNTHETIC
SIM-00888,20250914,9,4,2,Road,Road,1852.10,2025-09-19,2025-09-20,56041.34,9442.97,1223.28,0.00,66707.59,25.20,5600.75,1800.00,54073.67,0,Weather,SYNTHETIC
SIM-00889,20250915,11,3,4,Road,Road,2845.71,2025-09-20,2025-09-24,41166.65,6533.15,2456.73,0.00,50156.53,14.40,4917.39,1800.00,47695.61,0,Weather,SYNTHETIC
SIM-00890,20250915,4,2,7,Sea,Sea,2720.41,2025-10-09,2025-10-15,82998.73,9926.65,1266.96,0.00,94192.34,25.60,8357.10,1800.00,79799.60,0,Capacity constraint,SYNTHETIC
SIM-00891,20250916,11,3,1,Road,Road,4824.49,2025-09-21,2025-09-21,96768.12,12250.84,2335.91,0.00,111354.87,18.00,10420.90,1800.00,99061.72,0,None,SYNTHETIC
SIM-00892,20250916,4,2,1,Road,Road,5882.55,2025-09-21,2025-09-20,122038.51,14034.43,2399.43,0.00,138472.37,18.00,12706.31,1800.00,120392.21,0,None,SYNTHETIC
SIM-00893,20250916,6,1,8,Air,Air,544.40,2025-09-20,2025-09-25,100555.72,13474.47,2600.34,0.00,116630.53,189.00,12346.99,1800.00,117038.59,0,Capacity constraint,SYNTHETIC
SIM-00894,20250916,11,2,7,Sea,Air,499.97,2025-10-10,2025-09-19,98678.88,12976.27,2464.65,12936.80,127056.60,25.60,1535.91,1800.00,16135.14,1,None,SYNTHETIC
SIM-00895,20250916,10,4,2,Road,Road,2621.12,2025-09-21,2025-09-23,70407.54,6069.13,2573.38,0.00,79050.05,25.20,7926.27,1800.00,75778.49,0,Documentation,SYNTHETIC
SIM-00896,20250916,9,5,1,Road,Road,1484.20,2025-09-21,2025-09-26,28376.57,4537.41,1932.99,0.00,34846.97,18.00,3205.87,1800.00,31721.47,0,Documentation,SYNTHETIC
SIM-00897,20250916,2,5,1,Road,Road,4936.09,2025-09-21,2025-09-21,95026.51,7877.70,2866.92,0.00,105771.13,18.00,10661.95,1800.00,101311.57,0,None,SYNTHETIC
SIM-00898,20250917,2,4,3,Road,Road,3758.08,2025-09-22,2025-09-24,83459.08,9497.64,2839.58,0.00,95796.30,19.80,8929.20,1800.00,85139.18,0,Capacity constraint,SYNTHETIC
SIM-00899,20250917,10,3,1,Road,Road,5279.92,2025-09-22,2025-09-22,112185.99,11353.22,1843.05,0.00,125382.26,18.00,11404.63,1800.00,108243.19,0,None,SYNTHETIC
SIM-00900,20250917,7,3,3,Road,Road,589.25,2025-09-22,2025-09-27,12294.25,1021.65,2058.47,0.00,15374.37,19.80,1400.06,1800.00,14867.21,0,Weather,SYNTHETIC
SIM-00901,20250917,2,3,6,Sea,Sea,4919.99,2025-10-14,2025-10-14,275420.18,41175.32,2603.26,0.00,319198.76,51.20,30228.42,1800.00,283931.91,0,None,SYNTHETIC
SIM-00902,20250918,12,3,7,Sea,Sea,5063.12,2025-10-12,2025-10-12,131094.04,21918.92,2066.36,0.00,155079.32,25.60,15553.90,1800.00,146969.77,0,None,SYNTHETIC
SIM-00903,20250918,10,5,1,Road,Road,2839.47,2025-09-23,2025-09-24,51811.19,4979.06,1760.65,3538.70,62089.60,18.00,6133.26,1800.00,59043.72,1,Documentation,SYNTHETIC
SIM-00904,20250918,9,4,6,Sea,Sea,1444.10,2025-10-15,2025-10-16,83546.22,7327.00,2013.61,0.00,92886.83,51.20,8872.55,1800.00,84610.47,0,Documentation,SYNTHETIC
SIM-00905,20250918,4,3,2,Road,Road,5881.45,2025-09-23,2025-09-23,172067.78,13799.84,2741.87,0.00,188609.49,25.20,17785.50,1800.00,167798.04,0,None,SYNTHETIC
SIM-00906,20250918,4,2,7,Sea,Sea,5623.06,2025-10-12,2025-10-12,172575.27,20847.09,2144.20,0.00,195566.56,25.60,17274.04,1800.00,163024.38,0,None,SYNTHETIC
SIM-00907,20250918,6,4,8,Sea,Sea,1487.50,2025-10-12,2025-10-18,49503.56,4356.31,2862.03,0.00,56721.90,28.80,5140.80,1800.00,49780.80,0,Documentation,SYNTHETIC
SIM-00908,20250918,6,3,7,Air,Air,717.91,2025-09-22,2025-09-19,126421.37,19013.77,1887.47,16333.64,163656.25,168.00,14473.07,1800.00,136881.95,1,None,SYNTHETIC
SIM-00909,20250918,12,5,7,Air,Air,635.44,2025-09-22,2025-09-22,118203.38,18002.37,2490.52,0.00,138696.27,168.00,12810.47,1800.00,121364.39,0,None,SYNTHETIC
SIM-00910,20250919,2,4,3,Road,Road,4340.86,2025-09-24,2025-09-23,108909.54,14114.68,2233.26,0.00,125257.48,19.80,10313.88,1800.00,98062.91,0,None,SYNTHETIC
SIM-00911,20250919,5,2,1,Road,Road,2651.62,2025-09-24,2025-09-26,49578.00,4828.90,1676.52,0.00,56083.42,18.00,5727.50,1800.00,55256.66,0,Documentation,SYNTHETIC
SIM-00912,20250919,11,3,6,Sea,Air,755.28,2025-10-16,2025-09-25,308495.89,39086.43,2630.13,21718.11,371930.56,51.20,4640.44,1800.00,45110.78,1,None,SYNTHETIC
SIM-00913,20250919,7,1,8,Sea,Sea,5334.25,2025-10-13,2025-10-12,160203.06,25872.79,2072.31,0.00,188148.16,28.80,18435.17,1800.00,173861.57,0,None,SYNTHETIC
SIM-00914,20250919,3,4,4,Road,Road,3476.75,2025-09-24,2025-09-21,54647.69,4655.98,2262.61,8153.44,69719.72,14.40,6007.82,1800.00,57873.02,1,None,SYNTHETIC
SIM-00915,20250919,10,5,4,Road,Road,1311.25,2025-09-24,2025-09-27,19912.60,1688.59,1673.64,3311.47,26586.30,14.40,2265.84,1800.00,22947.84,1,Weather,SYNTHETIC
SIM-00916,20250920,7,4,7,Sea,Sea,1038.31,2025-10-14,2025-10-14,29027.49,3161.09,2484.05,0.00,34672.63,25.60,3189.69,1800.00,31570.43,0,None,SYNTHETIC
SIM-00917,20250920,6,3,7,Sea,Sea,2689.35,2025-10-14,2025-10-14,85801.87,9197.96,1846.17,0.00,96846.00,25.60,8261.68,1800.00,78909.04,0,None,SYNTHETIC
SIM-00918,20250920,11,2,5,Sea,Sea,1693.78,2025-10-14,2025-10-15,72033.47,9335.54,1358.52,0.00,82727.53,38.40,7804.94,1800.00,74646.09,0,Documentation,SYNTHETIC
SIM-00919,20250920,10,4,7,Air,Air,440.60,2025-09-24,2025-09-25,93614.38,8884.00,2626.50,0.00,105124.88,168.00,8882.50,1800.00,84703.30,0,Weather,SYNTHETIC
SIM-00920,20250920,4,3,6,Air,Air,424.95,2025-09-27,2025-10-01,149690.68,12499.17,2164.67,25058.22,189412.74,336.00,17133.98,1800.00,161717.18,1,Weather,SYNTHETIC
SIM-00921,20250920,7,2,8,Sea,Sea,4369.96,2025-10-14,2025-10-13,150403.89,24891.84,1600.54,0.00,176896.27,28.80,15102.58,1800.00,142757.43,0,None,SYNTHETIC
SIM-00922,20250921,3,2,7,Air,Air,694.27,2025-09-25,2025-09-25,119444.81,17391.16,1706.34,0.00,138542.31,168.00,13996.48,1800.00,132433.84,0,None,SYNTHETIC
SIM-00923,20250922,12,2,4,Road,Road,906.29,2025-09-27,2025-09-25,15562.57,1341.49,1107.52,1873.73,19885.31,14.40,1566.07,1800.00,16416.65,1,None,SYNTHETIC
SIM-00924,20250922,4,1,2,Road,Road,884.52,2025-09-27,2025-09-27,21600.68,3121.30,2421.41,0.00,27143.39,25.20,2674.79,1800.00,26764.69,0,None,SYNTHETIC
SIM-00925,20250922,8,4,5,Sea,Sea,874.06,2025-10-16,2025-10-22,37770.55,3644.86,2560.27,0.00,43975.68,38.40,4027.67,1800.00,39391.57,0,Capacity constraint,SYNTHETIC
SIM-00926,20250922,6,3,5,Air,Air,168.43,2025-09-26,2025-09-25,44951.07,7025.85,1268.68,0.00,53245.60,252.00,5093.32,1800.00,49337.68,0,None,SYNTHETIC
SIM-00927,20250922,10,2,7,Air,Air,334.48,2025-09-26,2025-09-26,59502.90,7253.40,2465.48,0.00,69221.78,168.00,6743.12,1800.00,64735.76,0,None,SYNTHETIC
SIM-00928,20250922,4,5,8,Sea,Sea,5040.43,2025-10-16,2025-10-19,168134.19,27103.23,2771.35,0.00,198008.77,28.80,17419.73,1800.00,164384.11,0,Capacity constraint,SYNTHETIC
SIM-00929,20250922,4,2,4,Road,Road,2738.32,2025-09-27,2025-09-27,39421.93,5385.04,2219.83,0.00,47026.80,14.40,4731.82,1800.00,45963.63,0,None,SYNTHETIC
SIM-00930,20250923,9,5,5,Sea,Sea,519.98,2025-10-17,2025-10-19,21701.10,1742.60,1514.92,0.00,24958.62,38.40,2396.07,1800.00,24163.30,0,Capacity constraint,SYNTHETIC
SIM-00931,20250923,12,5,4,Road,Road,3312.72,2025-09-28,2025-09-28,47117.59,6276.06,2058.79,0.00,55452.44,14.40,5724.38,1800.00,55227.55,0,None,SYNTHETIC
SIM-00932,20250923,7,4,2,Road,Road,4634.50,2025-09-28,2025-09-28,119982.37,15117.78,1455.38,0.00,136555.53,25.20,14014.73,1800.00,132604.13,0,None,SYNTHETIC
SIM-00933,20250923,6,5,7,Air,Air,395.15,2025-09-27,2025-09-27,67046.70,5900.11,1486.06,0.00,74432.87,168.00,7966.22,1800.00,76151.42,0,None,SYNTHETIC
SIM-00934,20250923,5,5,1,Road,Road,4628.48,2025-09-28,2025-09-27,94082.29,10941.77,2871.06,0.00,107895.12,18.00,9997.52,1800.00,95110.16,0,None,SYNTHETIC
SIM-00935,20250923,2,3,7,Sea,Sea,3127.67,2025-10-17,2025-10-17,89278.92,13579.32,1637.40,0.00,104495.64,25.60,9608.20,1800.00,91476.55,0,None,SYNTHETIC
SIM-00936,20250923,1,4,7,Sea,Sea,4954.01,2025-10-17,2025-10-20,137396.84,14344.23,1245.74,0.00,152986.81,25.60,15218.72,1800.00,143841.38,0,Documentation,SYNTHETIC
SIM-00937,20250923,2,3,8,Sea,Sea,2170.83,2025-10-17,2025-10-17,77329.67,10973.08,1119.03,0.00,89421.78,28.80,7502.39,1800.00,71822.29,0,None,SYNTHETIC
SIM-00938,20250924,7,3,7,Air,Air,742.84,2025-09-28,2025-09-28,144725.89,12735.88,1238.93,0.00,158700.70,168.00,14975.65,1800.00,141572.77,0,None,SYNTHETIC
SIM-00939,20250924,3,5,4,Road,Road,2442.58,2025-09-29,2025-09-29,41352.02,6517.08,2121.22,0.00,49990.32,14.40,4220.78,1800.00,41193.93,0,None,SYNTHETIC
SIM-00940,20250925,11,5,7,Air,Air,98.33,2025-09-29,2025-09-29,19375.31,2421.91,2300.10,0.00,24097.32,168.00,1982.33,1800.00,20301.77,0,None,SYNTHETIC
SIM-00941,20250925,3,2,2,Road,Road,3830.15,2025-09-30,2025-09-27,107956.43,14962.76,1913.05,17683.26,142515.50,25.20,11582.37,1800.00,109902.15,1,None,SYNTHETIC
SIM-00942,20250925,6,3,2,Road,Road,4304.44,2025-09-30,2025-09-30,134021.35,19875.37,1556.50,13790.80,169244.02,25.20,13016.63,1800.00,123288.52,1,None,SYNTHETIC
SIM-00943,20250925,6,4,1,Road,Road,4142.42,2025-09-30,2025-10-06,86749.15,11676.44,1398.63,0.00,99824.22,18.00,8947.63,1800.00,85311.19,0,Weather,SYNTHETIC
SIM-00944,20250925,7,4,8,Sea,Sea,1983.45,2025-10-19,2025-10-19,67233.20,9990.85,2709.02,0.00,79933.07,28.80,6854.80,1800.00,65778.16,0,None,SYNTHETIC
SIM-00945,20250925,5,1,5,Sea,Sea,3361.03,2025-10-19,2025-10-19,133112.34,10941.83,2330.67,0.00,146384.84,38.40,15487.63,1800.00,146351.18,0,None,SYNTHETIC
SIM-00946,20250925,10,3,7,Sea,Sea,5881.63,2025-10-19,2025-10-25,168307.89,24758.09,1776.83,0.00,194842.81,25.60,18068.37,1800.00,170438.10,0,Weather,SYNTHETIC
SIM-00947,20250926,3,1,2,Road,Road,1845.25,2025-10-01,2025-10-01,53332.72,5781.27,2700.87,0.00,61814.86,25.20,5580.04,1800.00,53880.34,0,None,SYNTHETIC
SIM-00948,20250926,11,5,3,Road,Road,2959.08,2025-10-01,2025-10-01,63518.81,8282.85,1687.62,0.00,73489.28,19.80,7030.77,1800.00,67420.55,0,None,SYNTHETIC
SIM-00949,20250927,6,1,6,Sea,Sea,2430.55,2025-10-24,2025-10-24,143344.14,22433.36,1237.74,0.00,167015.24,51.20,14933.30,1800.00,141177.46,0,None,SYNTHETIC
SIM-00950,20250927,6,4,2,Road,Road,1086.94,2025-10-02,2025-10-02,34544.74,2884.49,2700.42,0.00,40129.65,25.20,3286.91,1800.00,32477.80,0,None,SYNTHETIC
SIM-00951,20250927,1,2,6,Sea,Sea,4680.38,2025-10-24,2025-10-23,241379.86,26527.65,1298.56,0.00,269206.07,51.20,28756.26,1800.00,270191.72,0,None,SYNTHETIC
SIM-00952,20250927,12,4,1,Road,Road,5064.02,2025-10-02,2025-09-30,95696.69,14545.90,1777.79,9521.82,121542.20,18.00,10938.28,1800.00,103890.64,1,None,SYNTHETIC
SIM-00953,20250928,11,5,1,Road,Road,4502.97,2025-10-03,2025-10-03,84512.85,9093.58,1528.07,0.00,95134.50,18.00,9726.42,1800.00,92579.88,0,None,SYNTHETIC
SIM-00954,20250928,7,4,1,Road,Road,5758.65,2025-10-03,2025-10-03,131789.66,18819.56,2014.57,0.00,152623.79,18.00,12438.68,1800.00,117894.38,0,None,SYNTHETIC
SIM-00955,20250928,7,5,1,Road,Road,5455.83,2025-10-03,2025-10-03,91375.96,14802.91,1747.91,0.00,107926.78,18.00,11784.59,1800.00,111789.53,0,None,SYNTHETIC
SIM-00956,20250928,11,4,8,Sea,Sea,681.41,2025-10-22,2025-10-26,25192.02,2713.18,1703.32,0.00,29608.52,28.80,2354.95,1800.00,23779.56,0,Weather,SYNTHETIC
SIM-00957,20250928,9,1,7,Sea,Sea,5914.62,2025-10-22,2025-10-22,144437.30,18531.31,1501.07,0.00,164469.68,25.60,18169.71,1800.00,171383.98,0,None,SYNTHETIC
SIM-00958,20250928,3,3,7,Sea,Sea,2090.93,2025-10-22,2025-10-22,56624.97,6007.91,2843.22,0.00,65476.10,25.60,6423.34,1800.00,61751.15,0,None,SYNTHETIC
SIM-00959,20250928,8,3,6,Sea,Sea,1121.54,2025-10-25,2025-10-25,60725.46,5914.66,1740.16,0.00,68380.28,51.20,6890.74,1800.00,66113.59,0,None,SYNTHETIC
SIM-00960,20250929,6,2,2,Road,Road,4519.29,2025-10-04,2025-10-03,131409.05,18581.24,1159.32,0.00,151149.61,25.20,13666.33,1800.00,129352.44,0,None,SYNTHETIC
SIM-00961,20250929,5,3,4,Road,Road,978.66,2025-10-04,2025-10-01,16210.75,1410.34,2860.78,1185.01,21666.88,14.40,1691.12,1800.00,17583.82,1,None,SYNTHETIC
SIM-00962,20250929,4,1,5,Sea,Sea,5234.70,2025-10-23,2025-10-25,185893.76,25709.11,2130.47,0.00,213733.34,38.40,24121.50,1800.00,226933.98,0,Capacity constraint,SYNTHETIC
SIM-00963,20250929,1,1,2,Road,Road,3837.86,2025-10-04,2025-10-04,93023.91,14223.36,1899.04,0.00,109146.31,25.20,11605.69,1800.00,110119.76,0,None,SYNTHETIC
SIM-00964,20250929,6,5,4,Road,Road,4666.69,2025-10-04,2025-10-04,73651.43,10775.20,2894.19,0.00,87320.82,14.40,8064.04,1800.00,77064.38,0,None,SYNTHETIC
SIM-00965,20250930,6,1,3,Road,Road,1943.51,2025-10-05,2025-10-05,38682.83,5241.52,2662.35,0.00,46586.70,19.80,4617.78,1800.00,44899.28,0,None,SYNTHETIC
SIM-00966,20250930,5,4,6,Air,Air,714.39,2025-10-07,2025-10-14,253525.18,38941.47,2218.20,0.00,294684.85,336.00,28804.20,1800.00,270639.24,0,Documentation,SYNTHETIC
SIM-00967,20250930,3,3,5,Sea,Sea,2419.63,2025-10-24,2025-10-25,108122.94,17094.24,2116.84,0.00,127334.02,38.40,11149.65,1800.00,105863.44,0,Capacity constraint,SYNTHETIC
SIM-00968,20251001,7,1,8,Sea,Sea,1776.53,2025-10-25,2025-10-29,51832.49,7292.83,2051.52,0.00,61176.84,28.80,6139.69,1800.00,59103.75,0,Capacity constraint,SYNTHETIC
SIM-00969,20251001,6,2,3,Road,Road,5890.58,2025-10-06,2025-10-06,112659.51,18735.28,1367.63,0.00,132762.42,19.80,13996.02,1800.00,132429.50,0,None,SYNTHETIC
SIM-00970,20251002,8,1,2,Road,Road,1367.54,2025-10-07,2025-10-06,34780.40,3102.41,1318.40,0.00,39201.21,25.20,4135.44,1800.00,40397.45,0,None,SYNTHETIC
SIM-00971,20251002,5,2,5,Sea,Sea,3264.99,2025-10-26,2025-10-26,132884.03,22191.63,1214.99,0.00,156290.65,38.40,15045.07,1800.00,142220.69,0,None,SYNTHETIC
SIM-00972,20251002,6,2,1,Road,Road,4584.90,2025-10-07,2025-10-07,73709.09,10297.16,2488.25,0.00,86494.50,18.00,9903.38,1800.00,94231.58,0,None,SYNTHETIC
SIM-00973,20251002,6,5,3,Road,Road,1756.37,2025-10-07,2025-10-05,38220.53,4918.98,2846.89,6424.87,52411.27,19.80,4173.14,1800.00,40749.27,1,None,SYNTHETIC
SIM-00974,20251002,11,3,2,Road,Road,3673.95,2025-10-07,2025-10-13,86304.00,13912.20,1566.27,0.00,101782.47,25.20,11110.02,1800.00,105493.56,0,Capacity constraint,SYNTHETIC
SIM-00975,20251002,6,1,1,Road,Road,3947.72,2025-10-07,2025-10-06,72339.52,8984.57,2501.45,0.00,83825.54,18.00,8527.08,1800.00,81386.04,0,None,SYNTHETIC
SIM-00976,20251003,6,5,5,Sea,Sea,820.83,2025-10-27,2025-11-02,33175.57,3300.97,2706.54,0.00,39183.08,38.40,3782.38,1800.00,37102.25,0,Weather,SYNTHETIC
SIM-00977,20251003,3,2,1,Road,Road,1361.79,2025-10-08,2025-10-07,24966.47,2776.27,2872.00,0.00,30614.74,18.00,2941.47,1800.00,29253.69,0,None,SYNTHETIC
SIM-00978,20251003,3,3,5,Air,Air,871.21,2025-10-07,2025-10-07,246873.81,28464.55,2622.24,0.00,277960.60,252.00,26345.39,1800.00,247690.31,0,None,SYNTHETIC
SIM-00979,20251003,8,2,2,Road,Road,609.89,2025-10-08,2025-10-08,14709.44,1909.29,2372.53,0.00,18991.26,25.20,1844.31,1800.00,19013.54,0,None,SYNTHETIC
SIM-00980,20251003,4,4,3,Road,Road,3816.00,2025-10-08,2025-10-07,86779.27,7141.93,2298.73,0.00,96219.93,19.80,9066.82,1800.00,86423.62,0,None,SYNTHETIC
SIM-00981,20251003,6,5,6,Sea,Sea,670.55,2025-10-30,2025-10-30,30067.15,3157.05,2207.92,0.00,35432.12,51.20,4119.86,1800.00,40252.02,0,None,SYNTHETIC
SIM-00982,20251003,11,2,8,Sea,Air,323.19,2025-10-27,2025-10-10,64113.24,6770.36,2832.60,8783.51,82499.71,28.80,1116.94,1800.00,12224.81,1,None,SYNTHETIC
SIM-00983,20251004,5,2,8,Sea,Sea,3926.30,2025-10-28,2025-11-03,101359.99,16541.95,2128.09,0.00,120030.03,28.80,13569.29,1800.00,128446.73,0,Documentation,SYNTHETIC
SIM-00984,20251005,9,5,2,Road,Road,2609.37,2025-10-10,2025-10-10,72571.24,9463.29,2606.60,0.00,84641.13,25.20,7890.73,1800.00,75446.85,0,None,SYNTHETIC
SIM-00985,20251005,3,4,6,Sea,Sea,2226.44,2025-11-01,2025-11-01,112880.54,17914.14,1629.44,0.00,132424.12,51.20,13679.25,1800.00,129472.98,0,None,SYNTHETIC
SIM-00986,20251005,12,2,1,Road,Road,1592.37,2025-10-10,2025-10-10,28684.08,2509.86,1250.68,0.00,32444.62,18.00,3439.52,1800.00,33902.18,0,None,SYNTHETIC
SIM-00987,20251005,3,3,8,Sea,Sea,2439.59,2025-10-29,2025-10-29,65526.90,9848.69,2787.12,0.00,78162.71,28.80,8431.22,1800.00,80491.41,0,None,SYNTHETIC
SIM-00988,20251005,1,2,7,Sea,Sea,1003.44,2025-10-29,2025-10-28,28802.23,2476.99,2810.64,0.00,34089.86,25.60,3082.57,1800.00,30570.63,0,None,SYNTHETIC
SIM-00989,20251006,10,5,6,Air,Air,843.20,2025-10-13,2025-10-11,289395.53,36116.56,1752.98,23151.64,350416.71,336.00,33997.82,1800.00,319113.02,1,None,SYNTHETIC
SIM-00990,20251006,8,4,7,Sea,Sea,4519.25,2025-10-30,2025-10-30,122054.77,14963.91,2886.89,0.00,139905.57,25.60,13883.14,1800.00,131375.94,0,None,SYNTHETIC
SIM-00991,20251006,9,4,6,Sea,Sea,4563.70,2025-11-02,2025-11-02,236768.45,38309.14,1502.97,0.00,276580.56,51.20,28039.37,1800.00,263500.81,0,None,SYNTHETIC
SIM-00992,20251006,6,2,4,Road,Road,3977.58,2025-10-11,2025-10-09,56557.18,6136.45,2680.64,6000.72,71374.99,14.40,6873.26,1800.00,65950.41,1,None,SYNTHETIC
SIM-00993,20251006,11,5,5,Sea,Sea,4815.24,2025-10-30,2025-10-29,169331.17,21420.39,1134.15,0.00,191885.71,38.40,22188.63,1800.00,208893.85,0,None,SYNTHETIC
SIM-00994,20251006,5,4,7,Sea,Sea,5881.49,2025-10-30,2025-10-30,178825.60,27092.08,2601.33,0.00,208519.01,25.60,18067.94,1800.00,170434.08,0,None,SYNTHETIC
SIM-00995,20251007,1,5,2,Road,Road,1982.11,2025-10-12,2025-10-12,48244.53,7173.96,2847.96,0.00,58266.45,25.20,5993.90,1800.00,57743.07,0,None,SYNTHETIC
SIM-00996,20251008,5,5,4,Road,Road,4441.89,2025-10-13,2025-10-13,65393.90,10554.58,2357.60,0.00,78306.08,14.40,7675.59,1800.00,73438.81,0,None,SYNTHETIC
SIM-00997,20251008,3,3,1,Road,Road,5531.50,2025-10-13,2025-10-11,108437.47,11700.40,1607.65,7503.87,129249.39,18.00,11948.04,1800.00,113315.04,1,None,SYNTHETIC
SIM-00998,20251008,12,3,5,Air,Air,721.49,2025-10-12,2025-10-11,188087.65,22608.14,2072.86,0.00,212768.65,252.00,21817.86,1800.00,205433.34,0,None,SYNTHETIC
SIM-00999,20251008,2,2,5,Sea,Sea,3742.90,2025-11-01,2025-11-01,153839.00,13599.37,2897.76,0.00,170336.13,38.40,17247.28,1800.00,162774.64,0,None,SYNTHETIC
SIM-01000,20251008,1,5,4,Road,Road,4546.55,2025-10-13,2025-10-19,64824.80,5756.44,1167.95,0.00,71749.19,14.40,7856.44,1800.00,75126.76,0,Documentation,SYNTHETIC
SIM-01001,20251008,2,5,1,Road,Road,5588.35,2025-10-13,2025-10-10,107652.17,14737.58,2629.70,15706.45,140725.90,18.00,12070.84,1800.00,114461.14,1,None,SYNTHETIC
SIM-01002,20251008,1,5,3,Road,Road,4035.19,2025-10-13,2025-10-13,78234.75,6822.07,2164.61,0.00,87221.43,19.80,9587.61,1800.00,91284.37,0,None,SYNTHETIC
SIM-01003,20251009,2,5,4,Road,Road,520.64,2025-10-14,2025-10-14,7879.98,867.59,2650.73,0.00,11398.30,14.40,899.67,1800.00,10196.89,0,None,SYNTHETIC
SIM-01004,20251009,5,2,6,Sea,Sea,3918.41,2025-11-05,2025-11-04,206075.93,34476.50,2086.94,0.00,242639.37,51.20,24074.71,1800.00,226497.30,0,None,SYNTHETIC
SIM-01005,20251009,11,1,7,Sea,Sea,4412.66,2025-11-02,2025-11-02,100873.99,13234.67,1272.08,0.00,115380.74,25.60,13555.69,1800.00,128319.79,0,None,SYNTHETIC
SIM-01006,20251009,7,5,4,Road,Road,1804.99,2025-10-14,2025-10-21,28734.58,4540.06,2626.15,0.00,35900.79,14.40,3119.02,1800.00,30910.88,0,Weather,SYNTHETIC
SIM-01007,20251009,3,3,4,Road,Road,4910.88,2025-10-14,2025-10-13,68085.64,5984.73,2241.95,0.00,76312.32,14.40,8486.00,1800.00,81002.67,0,None,SYNTHETIC
SIM-01008,20251010,1,5,6,Sea,Sea,4873.57,2025-11-06,2025-11-06,221610.80,23424.26,1121.82,0.00,246156.88,51.20,29943.21,1800.00,281269.99,0,None,SYNTHETIC
SIM-01009,20251010,9,2,4,Road,Road,2884.04,2025-10-15,2025-10-15,45140.76,4848.12,2836.51,0.00,52825.39,14.40,4983.62,1800.00,48313.80,0,None,SYNTHETIC
SIM-01010,20251010,1,2,2,Road,Road,5411.52,2025-10-15,2025-10-15,125611.98,10940.80,2647.16,0.00,139199.94,25.20,16364.44,1800.00,154534.74,0,None,SYNTHETIC
SIM-01011,20251010,6,4,4,Road,Road,4126.95,2025-10-15,2025-10-15,66165.70,11069.52,1899.12,0.00,79134.34,14.40,7131.37,1800.00,68359.45,0,None,SYNTHETIC
SIM-01012,20251011,3,4,4,Road,Road,3184.08,2025-10-16,2025-10-15,46081.04,5331.58,1699.47,0.00,53112.09,14.40,5502.09,1800.00,53152.84,0,None,SYNTHETIC
SIM-01013,20251011,9,1,2,Road,Road,2684.31,2025-10-16,2025-10-15,62275.56,8475.70,1517.71,0.00,72268.97,25.20,8117.35,1800.00,77561.96,0,None,SYNTHETIC
SIM-01014,20251011,3,2,5,Sea,Sea,4544.35,2025-11-04,2025-11-04,195070.53,19370.50,1538.19,0.00,215979.22,38.40,20940.36,1800.00,197243.40,0,None,SYNTHETIC
SIM-01015,20251011,12,3,2,Road,Road,5621.41,2025-10-16,2025-10-14,155407.97,17374.61,1471.82,16970.55,191224.95,25.20,16999.14,1800.00,160458.67,1,None,SYNTHETIC
SIM-01016,20251011,11,4,6,Sea,Air,769.14,2025-11-07,2025-10-18,294858.09,49565.64,2700.74,22261.79,369386.26,51.20,4725.60,1800.00,45905.57,1,None,SYNTHETIC
SIM-01017,20251011,4,2,8,Sea,Sea,900.73,2025-11-04,2025-11-04,29091.94,4532.52,1662.02,0.00,35286.48,28.80,3112.92,1800.00,30853.94,0,None,SYNTHETIC
SIM-01018,20251012,7,3,7,Sea,Sea,2131.48,2025-11-05,2025-11-04,62834.34,10091.20,2498.92,0.00,75424.46,25.60,6547.91,1800.00,62913.80,0,None,SYNTHETIC
SIM-01019,20251012,4,1,8,Sea,Air,265.27,2025-11-05,2025-10-16,46415.92,7816.44,1679.23,5175.38,61086.97,28.80,916.77,1800.00,10356.55,1,None,SYNTHETIC
SIM-01020,20251012,11,3,5,Sea,Sea,5483.90,2025-11-05,2025-11-11,202768.00,29948.83,1449.67,0.00,234166.50,38.40,25269.81,1800.00,237651.57,0,Documentation,SYNTHETIC
SIM-01021,20251012,1,5,1,Road,Road,4196.34,2025-10-17,2025-10-20,65722.57,7959.00,2793.68,0.00,76475.25,18.00,9064.09,1800.00,86398.21,0,Capacity constraint,SYNTHETIC
SIM-01022,20251013,4,5,6,Sea,Sea,4432.55,2025-11-09,2025-11-09,219816.37,36423.57,1756.79,0.00,257996.73,51.20,27233.59,1800.00,255980.15,0,None,SYNTHETIC
SIM-01023,20251013,5,3,5,Sea,Sea,4779.12,2025-11-06,2025-11-05,180623.36,17683.03,2673.96,0.00,200980.35,38.40,22022.19,1800.00,207340.40,0,None,SYNTHETIC
SIM-01024,20251013,12,3,8,Sea,Sea,3982.72,2025-11-06,2025-11-06,132735.44,13432.83,1936.18,0.00,148104.45,28.80,13764.28,1800.00,130266.62,0,None,SYNTHETIC
SIM-01025,20251013,7,5,1,Road,Road,1968.89,2025-10-18,2025-10-18,38196.19,5122.11,2600.24,0.00,45918.54,18.00,4252.80,1800.00,41492.82,0,None,SYNTHETIC
SIM-01026,20251014,9,1,4,Road,Road,718.02,2025-10-19,2025-10-19,11057.30,1573.45,1458.46,0.00,14089.21,14.40,1240.74,1800.00,13380.23,0,None,SYNTHETIC
SIM-01027,20251014,6,4,4,Road,Road,5594.54,2025-10-19,2025-10-24,83575.60,8658.43,1878.25,10789.61,104901.89,14.40,9667.37,1800.00,92028.75,1,Capacity constraint,SYNTHETIC
SIM-01028,20251014,7,3,7,Sea,Sea,3534.83,2025-11-07,2025-11-07,103045.62,10706.44,2761.02,0.00,116513.08,25.60,10859.00,1800.00,103150.65,0,None,SYNTHETIC
SIM-01029,20251014,12,1,2,Road,Road,1486.75,2025-10-19,2025-10-19,31977.46,5189.94,1849.49,0.00,39016.89,25.20,4495.93,1800.00,43762.03,0,None,SYNTHETIC
SIM-01030,20251015,8,3,1,Road,Road,3957.74,2025-10-20,2025-10-20,72702.78,8993.33,2307.71,0.00,84003.82,18.00,8548.72,1800.00,81588.04,0,None,SYNTHETIC
SIM-01031,20251015,4,4,1,Road,Road,4624.43,2025-10-20,2025-10-17,82188.85,7717.53,2755.50,9131.18,101793.06,18.00,9988.77,1800.00,95028.51,1,None,SYNTHETIC
SIM-01032,20251015,11,1,1,Road,Road,3353.75,2025-10-20,2025-10-20,57791.44,8258.40,1211.11,0.00,67260.95,18.00,7244.10,1800.00,69411.60,0,None,SYNTHETIC
SIM-01033,20251015,10,2,5,Sea,Sea,1941.16,2025-11-08,2025-11-07,82262.87,10908.06,2305.93,0.00,95476.86,38.40,8944.86,1800.00,85285.40,0,None,SYNTHETIC
SIM-01034,20251016,1,1,5,Air,Air,898.68,2025-10-20,2025-10-20,231180.05,37196.87,1699.47,0.00,270076.39,252.00,27176.08,1800.00,255443.44,0,None,SYNTHETIC
SIM-01035,20251016,11,3,2,Road,Road,5424.21,2025-10-21,2025-10-21,148747.18,20571.73,2844.77,0.00,172163.68,25.20,16402.81,1800.00,154892.90,0,None,SYNTHETIC
SIM-01036,20251016,11,4,2,Road,Road,3191.27,2025-10-21,2025-10-21,78107.17,8146.58,2415.05,0.00,88668.80,25.20,9650.40,1800.00,91870.40,0,None,SYNTHETIC
SIM-01037,20251017,9,2,1,Road,Road,5411.60,2025-10-22,2025-10-22,86806.02,7265.66,2248.57,0.00,96320.25,18.00,11689.06,1800.00,110897.86,0,None,SYNTHETIC
SIM-01038,20251017,10,5,7,Sea,Sea,4085.48,2025-11-10,2025-11-10,106198.42,17055.47,1467.19,0.00,124721.08,25.60,12550.59,1800.00,118938.88,0,None,SYNTHETIC
SIM-01039,20251019,3,1,5,Sea,Sea,2171.13,2025-11-12,2025-11-12,76617.31,11063.54,1447.09,0.00,89127.94,38.40,10004.57,1800.00,95175.96,0,None,SYNTHETIC
SIM-01040,20251019,7,2,5,Sea,Sea,4802.98,2025-11-12,2025-11-12,195862.85,23816.92,1147.37,0.00,220827.14,38.40,22132.13,1800.00,208366.56,0,None,SYNTHETIC
SIM-01041,20251019,9,5,1,Road,Road,5687.22,2025-10-24,2025-10-26,109986.66,12769.45,1693.00,0.00,124449.11,18.00,12284.40,1800.00,116454.36,0,Weather,SYNTHETIC
SIM-01042,20251019,7,2,3,Road,Road,3438.13,2025-10-24,2025-10-26,61087.82,5565.10,1457.53,0.00,68110.45,19.80,8169.00,1800.00,78043.97,0,Documentation,SYNTHETIC
SIM-01043,20251019,5,3,1,Road,Road,1324.15,2025-10-24,2025-10-24,25422.25,3533.69,2769.05,0.00,31724.99,18.00,2860.16,1800.00,28494.86,0,None,SYNTHETIC
SIM-01044,20251019,8,4,7,Sea,Sea,2363.09,2025-11-12,2025-11-14,57924.16,6950.90,1297.77,0.00,66172.83,25.60,7259.41,1800.00,69554.51,0,Documentation,SYNTHETIC
SIM-01045,20251020,6,3,2,Road,Road,3320.20,2025-10-25,2025-10-24,88772.93,14434.48,1470.76,0.00,104678.17,25.20,10040.28,1800.00,95509.32,0,None,SYNTHETIC
SIM-01046,20251020,9,2,6,Sea,Sea,4956.23,2025-11-16,2025-11-21,239364.62,22452.40,2031.54,0.00,263848.56,51.20,30451.08,1800.00,286010.06,0,Weather,SYNTHETIC
SIM-01047,20251020,9,2,2,Road,Road,4725.97,2025-10-25,2025-10-25,112226.74,13343.76,1995.56,0.00,127566.06,25.20,14291.33,1800.00,135185.77,0,None,SYNTHETIC
SIM-01048,20251020,12,1,3,Road,Road,3247.43,2025-10-25,2025-10-24,64067.55,8969.46,2130.60,0.00,75167.61,19.80,7715.89,1800.00,73815.00,0,None,SYNTHETIC
SIM-01049,20251020,8,1,8,Sea,Sea,2752.32,2025-11-13,2025-11-13,82998.50,9378.83,1960.27,0.00,94337.60,28.80,9512.02,1800.00,90578.84,0,None,SYNTHETIC
SIM-01050,20251020,10,3,6,Air,Air,585.29,2025-10-27,2025-10-24,221144.96,34012.09,2874.97,15281.12,273313.14,336.00,23598.89,1800.00,222056.33,1,None,SYNTHETIC
SIM-01051,20251020,8,5,6,Sea,Sea,4916.84,2025-11-16,2025-11-20,253288.50,40880.76,1176.87,0.00,295346.13,51.20,30209.07,1800.00,283751.28,0,Weather,SYNTHETIC
SIM-01052,20251020,2,5,6,Sea,Air,85.54,2025-11-16,2025-10-26,28313.57,2735.09,1904.62,4872.77,37826.05,51.20,525.56,1800.00,6705.21,1,None,SYNTHETIC
SIM-01053,20251021,2,4,5,Air,Air,823.53,2025-10-25,2025-10-25,252403.40,42656.17,1862.15,0.00,296921.72,252.00,24903.55,1800.00,234233.11,0,None,SYNTHETIC
SIM-01054,20251021,8,3,5,Air,Air,869.60,2025-10-25,2025-10-24,224533.85,23463.79,1319.08,0.00,249316.72,252.00,26296.70,1800.00,247235.90,0,None,SYNTHETIC
SIM-01055,20251021,8,4,1,Road,Road,3030.42,2025-10-26,2025-10-25,53367.48,8090.51,2876.04,0.00,64334.03,18.00,6545.71,1800.00,62893.27,0,None,SYNTHETIC
SIM-01056,20251021,11,4,8,Sea,Sea,3107.71,2025-11-14,2025-11-16,98012.81,14897.95,2875.93,0.00,115786.69,28.80,10740.25,1800.00,102042.30,0,Capacity constraint,SYNTHETIC
SIM-01057,20251022,2,2,5,Sea,Sea,2718.58,2025-11-15,2025-11-18,98159.22,14458.85,2035.82,0.00,114653.89,38.40,12527.22,1800.00,118720.69,0,Weather,SYNTHETIC
SIM-01058,20251022,9,3,8,Sea,Air,550.87,2025-11-15,2025-10-25,103851.76,17364.01,1706.45,12669.91,135592.13,28.80,1903.81,1800.00,19568.87,1,None,SYNTHETIC
SIM-01059,20251022,1,2,1,Road,Road,5625.92,2025-10-27,2025-10-27,108137.80,9386.36,2531.50,0.00,120055.66,18.00,12151.99,1800.00,115218.55,0,None,SYNTHETIC
SIM-01060,20251022,9,1,1,Road,Road,1458.38,2025-10-27,2025-10-27,24687.45,2520.59,2607.31,0.00,29815.35,18.00,3150.10,1800.00,31200.94,0,None,SYNTHETIC
SIM-01061,20251022,12,4,7,Sea,Air,362.39,2025-11-15,2025-10-27,72985.12,8626.84,2468.99,5393.60,89474.55,25.60,1113.26,1800.00,12190.44,1,None,SYNTHETIC
SIM-01062,20251023,10,2,5,Sea,Sea,3151.51,2025-11-16,2025-11-15,134153.60,16420.40,2411.23,0.00,152985.23,38.40,14522.16,1800.00,137340.14,0,None,SYNTHETIC
SIM-01063,20251023,1,4,5,Sea,Sea,520.02,2025-11-16,2025-11-16,19982.54,3147.25,2445.56,0.00,25575.35,38.40,2396.25,1800.00,24165.02,0,None,SYNTHETIC
SIM-01064,20251023,7,5,3,Road,Road,4796.91,2025-10-28,2025-10-28,86466.60,14145.94,2448.97,0.00,103061.51,19.80,11397.46,1800.00,108176.28,0,None,SYNTHETIC
SIM-01065,20251023,7,4,7,Sea,Sea,1140.71,2025-11-16,2025-11-16,28881.66,3113.44,1407.44,0.00,33402.54,25.60,3504.26,1800.00,34506.44,0,None,SYNTHETIC
SIM-01066,20251023,8,2,4,Road,Road,3997.49,2025-10-28,2025-10-28,61879.56,4962.74,1887.96,0.00,68730.26,14.40,6907.66,1800.00,66271.52,0,None,SYNTHETIC
SIM-01067,20251024,8,1,2,Road,Road,1373.70,2025-10-29,2025-10-29,30812.32,4421.57,1210.79,0.00,36444.68,25.20,4154.07,1800.00,40571.31,0,None,SYNTHETIC
SIM-01068,20251024,9,5,3,Road,Road,2771.21,2025-10-29,2025-10-29,51540.38,7638.28,1802.20,0.00,60980.86,19.80,6584.40,1800.00,63254.36,0,None,SYNTHETIC
SIM-01069,20251024,12,1,5,Sea,Sea,2766.75,2025-11-17,2025-11-17,107520.20,15547.42,1930.89,0.00,124998.51,38.40,12749.18,1800.00,120792.38,0,None,SYNTHETIC
SIM-01070,20251024,11,3,3,Road,Road,3859.74,2025-10-29,2025-10-29,78667.36,12578.91,1411.63,0.00,92657.90,19.80,9170.74,1800.00,87393.59,0,None,SYNTHETIC
SIM-01071,20251024,6,3,2,Road,Road,1597.17,2025-10-29,2025-10-26,38982.88,5968.28,1783.88,2682.02,49417.06,25.20,4829.84,1800.00,46878.52,1,None,SYNTHETIC
SIM-01072,20251024,6,4,8,Sea,Sea,3659.95,2025-11-17,2025-11-16,106419.28,9620.30,2134.19,0.00,118173.77,28.80,12648.79,1800.00,119855.35,0,None,SYNTHETIC
SIM-01073,20251024,2,2,3,Road,Road,3826.34,2025-10-29,2025-11-05,73226.89,6773.49,2081.36,0.00,82081.74,19.80,9091.38,1800.00,86652.91,0,Capacity constraint,SYNTHETIC
SIM-01074,20251024,12,2,5,Sea,Sea,898.46,2025-11-17,2025-11-17,30762.02,2793.19,2812.12,0.00,36367.33,38.40,4140.10,1800.00,40440.96,0,None,SYNTHETIC
SIM-01075,20251024,11,2,7,Sea,Sea,2691.28,2025-11-17,2025-11-16,69149.08,8968.64,1285.73,0.00,79403.45,25.60,8267.61,1800.00,78964.38,0,None,SYNTHETIC
SIM-01076,20251025,9,5,7,Air,Air,116.40,2025-10-29,2025-10-28,19698.58,2529.30,1556.48,0.00,23784.36,168.00,2346.62,1800.00,23701.82,0,None,SYNTHETIC
SIM-01077,20251025,6,1,1,Road,Road,2730.49,2025-10-30,2025-10-27,48848.06,4049.50,1508.95,8362.79,62769.30,18.00,5897.86,1800.00,56846.68,1,None,SYNTHETIC
SIM-01078,20251025,5,3,3,Road,Road,5845.54,2025-10-30,2025-10-30,108624.62,11959.57,2609.94,0.00,123194.13,19.80,13889.00,1800.00,131430.69,0,None,SYNTHETIC
SIM-01079,20251025,6,5,8,Sea,Sea,5733.01,2025-11-18,2025-11-17,158408.49,17820.96,1209.70,0.00,177439.15,28.80,19813.28,1800.00,186723.97,0,None,SYNTHETIC
SIM-01080,20251025,8,4,8,Air,Air,652.43,2025-10-29,2025-10-29,120556.75,11223.83,1351.82,0.00,133132.40,189.00,14797.11,1800.00,139906.38,0,None,SYNTHETIC
SIM-01081,20251025,6,1,3,Road,Road,4233.72,2025-10-30,2025-10-30,72339.46,7595.64,1595.65,0.00,81530.75,19.80,10059.32,1800.00,95686.98,0,None,SYNTHETIC
SIM-01082,20251026,3,5,7,Air,Air,548.11,2025-10-30,2025-10-29,100452.48,10738.37,1977.94,0.00,113168.79,168.00,11049.90,1800.00,104932.38,0,None,SYNTHETIC
SIM-01083,20251027,5,2,4,Road,Road,4762.70,2025-11-01,2025-11-01,73352.60,7643.34,1951.83,0.00,82947.77,14.40,8229.95,1800.00,78612.83,0,None,SYNTHETIC
SIM-01084,20251027,8,1,8,Sea,Sea,5458.19,2025-11-20,2025-11-20,146507.19,18518.51,1367.13,0.00,166392.83,28.80,18863.50,1800.00,177859.37,0,None,SYNTHETIC
SIM-01085,20251028,2,3,2,Road,Road,2253.42,2025-11-02,2025-11-09,60780.41,5834.92,2609.49,0.00,69224.82,25.20,6814.34,1800.00,65400.52,0,Weather,SYNTHETIC
SIM-01086,20251028,6,4,5,Sea,Sea,1580.00,2025-11-21,2025-11-20,65678.31,8892.84,1179.24,0.00,75750.39,38.40,7280.64,1800.00,69752.64,0,None,SYNTHETIC
SIM-01087,20251028,9,3,4,Road,Road,2437.72,2025-11-02,2025-10-30,36805.51,3779.93,2542.22,6503.53,49631.19,14.40,4212.38,1800.00,41115.55,1,None,SYNTHETIC
SIM-01088,20251029,2,2,2,Road,Road,1726.84,2025-11-03,2025-11-03,40617.00,3553.99,1968.03,0.00,46139.02,25.20,5221.96,1800.00,50538.33,0,None,SYNTHETIC
SIM-01089,20251029,11,3,1,Road,Road,1913.51,2025-11-03,2025-11-08,38252.88,4460.29,1913.22,0.00,44626.39,18.00,4133.18,1800.00,40376.36,0,Capacity constraint,SYNTHETIC
SIM-01090,20251029,4,5,5,Sea,Air,846.23,2025-11-22,2025-11-02,218625.93,27546.87,1605.81,29120.97,276899.58,38.40,3899.43,1800.00,38194.66,1,None,SYNTHETIC
SIM-01091,20251030,12,1,7,Sea,Sea,4153.49,2025-11-23,2025-11-22,89561.94,11929.65,2464.34,0.00,103955.93,25.60,12759.52,1800.00,120888.86,0,None,SYNTHETIC
SIM-01092,20251030,8,3,8,Sea,Sea,5841.00,2025-11-23,2025-11-23,178419.20,17859.76,1785.02,0.00,198063.98,28.80,20186.50,1800.00,190207.30,0,None,SYNTHETIC
SIM-01093,20251030,2,5,6,Sea,Sea,4093.12,2025-11-26,2025-11-26,190412.84,19955.27,2075.69,0.00,212443.80,51.20,25148.13,1800.00,236515.87,0,None,SYNTHETIC
SIM-01094,20251030,9,2,5,Sea,Sea,3764.47,2025-11-23,2025-11-24,143278.45,12622.83,2265.59,0.00,158166.87,38.40,17346.68,1800.00,163702.33,0,Capacity constraint,SYNTHETIC
SIM-01095,20251031,10,1,5,Sea,Sea,4815.22,2025-11-24,2025-11-30,171182.70,27628.89,2549.48,0.00,201361.07,38.40,22188.53,1800.00,208892.98,0,Capacity constraint,SYNTHETIC
SIM-01096,20251031,2,5,1,Road,Road,2064.78,2025-11-05,2025-11-08,38840.89,4354.06,2632.56,0.00,45827.51,18.00,4459.92,1800.00,43425.96,0,Weather,SYNTHETIC
SIM-01097,20251031,10,1,1,Road,Road,5048.00,2025-11-05,2025-11-05,86770.67,7436.25,1196.92,0.00,95403.84,18.00,10903.68,1800.00,103567.68,0,None,SYNTHETIC
SIM-01098,20251031,10,5,5,Sea,Sea,3817.74,2025-11-24,2025-11-23,143080.24,18958.13,2277.85,0.00,164316.22,38.40,17592.15,1800.00,165993.37,0,None,SYNTHETIC
SIM-01099,20251031,11,4,2,Road,Road,1935.17,2025-11-05,2025-11-06,56746.38,7762.90,1575.24,0.00,66084.52,25.20,5851.95,1800.00,56418.23,0,Weather,SYNTHETIC
SIM-01100,20251101,5,1,3,Road,Road,707.96,2025-11-06,2025-11-09,13058.69,1052.53,2448.23,1879.15,18438.60,19.80,1682.11,1800.00,17499.72,1,Documentation,SYNTHETIC
SIM-01101,20251101,8,4,8,Sea,Sea,5137.05,2025-11-25,2025-11-24,145951.03,21425.61,1203.96,0.00,168580.60,28.80,17753.64,1800.00,167500.68,0,None,SYNTHETIC
SIM-01102,20251101,9,3,8,Sea,Sea,1276.78,2025-11-25,2025-11-25,40459.66,6295.52,2856.97,0.00,49612.15,28.80,4412.55,1800.00,42983.81,0,None,SYNTHETIC
SIM-01103,20251102,7,1,3,Road,Road,2461.91,2025-11-07,2025-11-06,51110.80,7748.40,1422.17,0.00,60281.37,19.80,5849.50,1800.00,56395.32,0,None,SYNTHETIC
SIM-01104,20251102,5,4,1,Road,Road,4698.09,2025-11-07,2025-11-04,90259.68,11553.24,2566.54,10533.30,114912.76,18.00,10147.87,1800.00,96513.49,1,None,SYNTHETIC
SIM-01105,20251102,11,1,2,Road,Road,3130.25,2025-11-07,2025-11-05,68038.26,6763.00,2020.75,10770.46,87592.47,25.20,9465.88,1800.00,90148.18,1,None,SYNTHETIC
SIM-01106,20251102,10,5,1,Road,Road,2591.40,2025-11-07,2025-11-08,47847.97,8009.75,2871.34,0.00,58729.06,18.00,5597.42,1800.00,54042.62,0,Weather,SYNTHETIC
SIM-01107,20251102,9,3,8,Sea,Sea,1340.03,2025-11-26,2025-11-25,38715.77,5683.48,2455.81,0.00,46855.06,28.80,4631.14,1800.00,45024.00,0,None,SYNTHETIC
SIM-01108,20251102,6,5,8,Air,Air,471.37,2025-11-06,2025-11-05,80093.80,6455.56,1408.20,0.00,87957.56,189.00,10690.67,1800.00,101579.60,0,None,SYNTHETIC
SIM-01109,20251102,4,1,5,Sea,Sea,4299.02,2025-11-26,2025-11-25,167302.61,15692.98,1483.84,0.00,184479.43,38.40,19809.88,1800.00,186692.25,0,None,SYNTHETIC
SIM-01110,20251103,2,4,5,Air,Air,419.96,2025-11-07,2025-11-11,119074.62,9633.14,1791.24,0.00,130499.00,252.00,12699.59,1800.00,120329.51,0,Capacity constraint,SYNTHETIC
SIM-01111,20251103,9,2,4,Road,Road,1755.77,2025-11-08,2025-11-08,24082.11,3751.99,1406.49,0.00,29240.59,14.40,3033.97,1800.00,30117.06,0,None,SYNTHETIC
SIM-01112,20251103,10,2,3,Road,Road,3516.57,2025-11-08,2025-11-08,69461.62,9016.12,2774.07,0.00,81251.81,19.80,8355.37,1800.00,79783.46,0,None,SYNTHETIC
SIM-01113,20251103,11,2,6,Sea,Sea,4224.09,2025-11-30,2025-11-30,206224.82,20024.43,1231.04,0.00,227480.29,51.20,25952.81,1800.00,244026.22,0,None,SYNTHETIC
SIM-01114,20251103,12,5,3,Road,Road,2775.60,2025-11-08,2025-11-15,60749.88,5461.41,1819.47,0.00,68030.76,19.80,6594.83,1800.00,63351.71,0,Documentation,SYNTHETIC
SIM-01115,20251103,1,2,2,Road,Road,2434.78,2025-11-08,2025-11-07,66774.97,10623.90,1651.78,0.00,79050.65,25.20,7362.78,1800.00,70519.24,0,None,SYNTHETIC
SIM-01116,20251104,6,3,5,Air,Air,430.62,2025-11-08,2025-11-07,121560.08,18270.48,1166.11,0.00,140996.67,252.00,13021.95,1800.00,123338.19,0,None,SYNTHETIC
SIM-01117,20251104,4,1,6,Air,Air,769.26,2025-11-11,2025-11-11,219661.60,29083.20,2221.12,0.00,250965.92,336.00,31016.56,1800.00,291287.92,0,None,SYNTHETIC
SIM-01118,20251104,11,3,5,Sea,Sea,638.99,2025-11-28,2025-11-28,28558.08,3381.28,2113.70,0.00,34053.06,38.40,2944.47,1800.00,29281.69,0,None,SYNTHETIC
SIM-01119,20251104,3,1,8,Air,Air,155.30,2025-11-08,2025-11-07,28062.25,3224.35,1214.33,0.00,32500.93,189.00,3522.20,1800.00,34673.90,0,None,SYNTHETIC
SIM-01120,20251104,1,5,1,Road,Road,2842.57,2025-11-09,2025-11-09,45660.41,6835.36,2500.68,0.00,54996.45,18.00,6139.95,1800.00,59106.21,0,None,SYNTHETIC
SIM-01121,20251105,3,4,5,Sea,Sea,3197.51,2025-11-29,2025-12-06,134354.10,13126.40,1251.47,0.00,148731.97,38.40,14734.13,1800.00,139318.51,0,Capacity constraint,SYNTHETIC
SIM-01122,20251105,5,2,3,Road,Road,892.76,2025-11-10,2025-11-10,18153.42,1769.96,1628.89,0.00,21552.27,19.80,2121.20,1800.00,21597.85,0,None,SYNTHETIC
SIM-01123,20251105,4,3,8,Sea,Sea,882.85,2025-11-29,2025-11-29,28600.99,3869.71,1741.64,0.00,34212.34,28.80,3051.13,1800.00,30277.21,0,None,SYNTHETIC
SIM-01124,20251106,6,4,2,Road,Road,5938.32,2025-11-11,2025-11-11,156856.23,17740.44,1616.95,0.00,176213.62,25.20,17957.48,1800.00,169403.14,0,None,SYNTHETIC
SIM-01125,20251106,6,4,5,Sea,Sea,2305.73,2025-11-30,2025-12-05,96800.30,13948.92,2281.29,0.00,113030.51,38.40,10624.80,1800.00,100964.83,0,Capacity constraint,SYNTHETIC
SIM-01126,20251106,5,1,4,Road,Road,532.86,2025-11-11,2025-11-11,7471.55,1143.89,2743.05,0.00,11358.49,14.40,920.78,1800.00,10393.96,0,None,SYNTHETIC
SIM-01127,20251107,10,1,3,Road,Road,1395.95,2025-11-12,2025-11-12,27874.60,4156.10,2203.98,0.00,34234.68,19.80,3316.78,1800.00,32756.59,0,None,SYNTHETIC
SIM-01128,20251107,4,5,8,Sea,Sea,5346.79,2025-12-01,2025-11-30,168498.29,25241.04,2015.24,0.00,195754.57,28.80,18478.51,1800.00,174266.06,0,None,SYNTHETIC
SIM-01129,20251107,10,1,7,Sea,Sea,2109.52,2025-12-01,2025-12-01,51621.69,7929.09,2244.17,0.00,61794.95,25.60,6480.45,1800.00,62284.16,0,None,SYNTHETIC
SIM-01130,20251107,10,4,6,Sea,Air,335.41,2025-12-04,2025-11-14,126138.90,20674.17,2549.25,8577.45,157939.77,51.20,2060.76,1800.00,21033.75,1,None,SYNTHETIC
SIM-01131,20251107,3,4,6,Sea,Sea,881.38,2025-12-04,2025-12-03,45898.68,4039.08,2792.65,0.00,52730.41,51.20,5415.20,1800.00,52341.86,0,None,SYNTHETIC
SIM-01132,20251108,1,3,2,Road,Road,4324.14,2025-11-13,2025-11-12,103623.01,13647.15,2478.16,0.00,119748.32,25.20,13076.20,1800.00,123844.53,0,None,SYNTHETIC
SIM-01133,20251108,4,1,5,Sea,Sea,1220.85,2025-12-02,2025-12-02,44223.05,6881.11,2120.11,0.00,53224.27,38.40,5625.68,1800.00,54306.32,0,None,SYNTHETIC
SIM-01134,20251108,10,3,2,Road,Road,5917.85,2025-11-13,2025-11-13,153955.86,21122.74,1896.39,0.00,176974.99,25.20,17895.58,1800.00,168825.40,0,None,SYNTHETIC
SIM-01135,20251109,8,1,1,Road,Road,5107.77,2025-11-14,2025-11-13,80639.24,9209.00,1210.07,0.00,91058.31,18.00,11032.78,1800.00,104772.64,0,None,SYNTHETIC
SIM-01136,20251109,2,2,6,Sea,Sea,1872.71,2025-12-06,2025-12-06,103329.99,12947.25,2897.24,0.00,119174.48,51.20,11505.93,1800.00,109188.68,0,None,SYNTHETIC
SIM-01137,20251110,3,2,7,Sea,Sea,2496.46,2025-12-04,2025-12-03,57760.26,7687.89,1426.34,0.00,66874.49,25.60,7669.13,1800.00,73378.51,0,None,SYNTHETIC
SIM-01138,20251110,5,1,2,Road,Road,3003.24,2025-11-15,2025-11-12,64083.24,8952.43,1685.69,4319.21,79040.57,25.20,9081.80,1800.00,86563.45,1,None,SYNTHETIC
SIM-01139,20251110,11,3,8,Air,Air,789.19,2025-11-14,2025-11-14,166168.49,24227.37,1871.31,0.00,192267.17,189.00,17898.83,1800.00,168855.74,0,None,SYNTHETIC
SIM-01140,20251111,8,4,3,Road,Road,3449.36,2025-11-16,2025-11-20,74420.58,9101.64,2794.97,0.00,86317.19,19.80,8195.68,1800.00,78293.01,0,Weather,SYNTHETIC
SIM-01141,20251111,7,2,4,Road,Road,5865.39,2025-11-16,2025-11-16,92477.56,13233.54,2669.95,0.00,108381.05,14.40,10135.39,1800.00,96397.01,0,None,SYNTHETIC
SIM-01142,20251111,3,2,2,Road,Road,1036.82,2025-11-16,2025-11-16,29189.87,4766.71,2073.98,0.00,36030.56,25.20,3135.34,1800.00,31063.20,0,None,SYNTHETIC
SIM-01143,20251111,8,1,6,Air,Air,888.47,2025-11-18,2025-11-18,265113.68,33881.53,1353.02,0.00,300348.23,336.00,35823.11,1800.00,336149.03,0,None,SYNTHETIC
SIM-01144,20251111,11,5,3,Road,Road,1561.16,2025-11-16,2025-11-14,33505.42,3183.01,2788.15,4382.51,43859.09,19.80,3709.32,1800.00,36420.29,1,None,SYNTHETIC
SIM-01145,20251111,1,3,6,Sea,Sea,5753.66,2025-12-08,2025-12-07,331834.13,45096.26,2183.05,0.00,379113.44,51.20,35350.49,1800.00,331737.88,0,None,SYNTHETIC
SIM-01146,20251112,2,4,7,Air,Air,424.37,2025-11-16,2025-11-15,86047.96,14172.10,2714.04,0.00,102934.10,168.00,8555.30,1800.00,81649.46,0,None,SYNTHETIC
SIM-01147,20251112,11,5,5,Sea,Sea,1055.21,2025-12-06,2025-12-08,39847.01,6710.24,2863.71,0.00,49420.96,38.40,4862.41,1800.00,47182.47,0,Weather,SYNTHETIC
SIM-01148,20251112,12,4,4,Road,Road,5539.34,2025-11-17,2025-11-17,89599.11,10644.37,1848.02,0.00,102091.50,14.40,9571.98,1800.00,91138.48,0,None,SYNTHETIC
SIM-01149,20251112,1,1,2,Road,Road,1813.97,2025-11-17,2025-11-16,46793.87,7777.14,2696.10,0.00,57267.11,25.20,5485.44,1800.00,52997.48,0,None,SYNTHETIC
SIM-01150,20251112,5,3,2,Road,Road,4072.53,2025-11-17,2025-11-16,94854.07,15432.76,1564.30,0.00,111851.13,25.20,12315.33,1800.00,116743.09,0,None,SYNTHETIC
SIM-01151,20251113,9,5,2,Road,Road,4673.09,2025-11-18,2025-11-17,126719.93,15295.10,2325.53,0.00,144340.56,25.20,14131.42,1800.00,133693.29,0,None,SYNTHETIC
SIM-01152,20251113,11,1,4,Road,Road,5497.02,2025-11-18,2025-11-16,77570.34,6228.90,2547.00,6259.93,92606.17,14.40,9498.85,1800.00,90455.94,1,None,SYNTHETIC
SIM-01153,20251113,12,1,8,Sea,Sea,2262.91,2025-12-07,2025-12-07,66162.27,8250.44,2136.80,0.00,76549.51,28.80,7820.62,1800.00,74792.43,0,None,SYNTHETIC
SIM-01154,20251114,7,1,1,Road,Road,1535.25,2025-11-19,2025-11-17,29623.74,4094.00,1676.41,2523.94,37918.09,18.00,3316.14,1800.00,32750.64,1,None,SYNTHETIC
SIM-01155,20251114,8,3,2,Road,Road,1208.57,2025-11-19,2025-11-23,34090.83,3057.95,1582.44,0.00,38731.22,25.20,3654.72,1800.00,35910.68,0,Weather,SYNTHETIC
SIM-01156,20251114,6,3,7,Sea,Sea,3224.69,2025-12-08,2025-12-07,86633.41,9598.98,1895.93,0.00,98128.32,25.60,9906.25,1800.00,94258.31,0,None,SYNTHETIC
SIM-01157,20251115,3,1,3,Road,Road,1713.91,2025-11-20,2025-11-20,30034.03,2588.93,2029.67,0.00,34652.63,19.80,4072.25,1800.00,39807.67,0,None,SYNTHETIC
SIM-01158,20251115,8,2,8,Sea,Sea,5089.20,2025-12-09,2025-12-08,150508.66,15442.19,1659.87,0.00,167610.72,28.80,17588.28,1800.00,165957.24,0,None,SYNTHETIC
SIM-01159,20251115,10,5,8,Sea,Sea,5336.45,2025-12-09,2025-12-09,147182.45,24447.00,1451.68,0.00,173081.13,28.80,18442.77,1800.00,173932.53,0,None,SYNTHETIC
SIM-01160,20251115,1,4,8,Sea,Sea,3620.54,2025-12-09,2025-12-16,102073.85,9145.82,1110.63,0.00,112330.30,28.80,12512.59,1800.00,118584.14,0,Capacity constraint,SYNTHETIC
SIM-01161,20251115,8,3,6,Air,Air,337.33,2025-11-22,2025-11-22,118581.76,12047.91,1968.35,0.00,132598.02,336.00,13601.15,1800.00,128744.03,0,None,SYNTHETIC
SIM-01162,20251115,3,4,3,Road,Road,719.21,2025-11-20,2025-11-20,14861.29,2287.15,2723.29,0.00,19871.73,19.80,1708.84,1800.00,17749.20,0,None,SYNTHETIC
SIM-01163,20251116,9,4,3,Road,Road,3356.02,2025-11-21,2025-11-20,80703.01,7158.36,1862.54,0.00,89723.91,19.80,7973.90,1800.00,76223.10,0,None,SYNTHETIC
SIM-01164,20251116,9,4,8,Sea,Sea,3007.87,2025-12-10,2025-12-13,85238.09,13748.90,2394.19,0.00,101381.18,28.80,10395.20,1800.00,98821.86,0,Weather,SYNTHETIC
SIM-01165,20251116,7,5,6,Sea,Air,112.17,2025-12-13,2025-11-23,39463.40,3942.39,2444.56,2529.60,48379.95,51.20,689.17,1800.00,8232.27,1,None,SYNTHETIC
SIM-01166,20251116,4,5,1,Road,Road,1837.12,2025-11-21,2025-11-26,30908.25,3013.55,2780.43,0.00,36702.23,18.00,3968.18,1800.00,38836.34,0,Capacity constraint,SYNTHETIC
SIM-01167,20251116,12,1,6,Sea,Sea,2071.94,2025-12-13,2025-12-13,106817.16,11707.16,2518.09,0.00,121042.41,51.20,12730.00,1800.00,120613.33,0,None,SYNTHETIC
SIM-01168,20251116,3,1,6,Sea,Sea,5232.52,2025-12-13,2025-12-13,279140.96,31515.01,1918.03,0.00,312574.00,51.20,32148.60,1800.00,301853.62,0,None,SYNTHETIC
SIM-01169,20251117,7,1,6,Sea,Sea,2466.05,2025-12-14,2025-12-14,128253.21,20841.15,2732.54,0.00,151826.90,51.20,15151.41,1800.00,143213.17,0,None,SYNTHETIC
SIM-01170,20251117,12,1,2,Road,Road,2333.78,2025-11-22,2025-11-21,59438.73,5611.02,2660.23,0.00,67709.98,25.20,7057.35,1800.00,67668.61,0,None,SYNTHETIC
SIM-01171,20251117,6,4,5,Air,Air,523.15,2025-11-21,2025-11-21,147882.17,22478.09,1358.51,0.00,171718.77,252.00,15820.06,1800.00,149453.86,0,None,SYNTHETIC
SIM-01172,20251117,5,4,1,Road,Road,4124.82,2025-11-22,2025-11-21,78472.61,6772.19,2790.33,0.00,88035.13,18.00,8909.61,1800.00,84956.37,0,None,SYNTHETIC
SIM-01173,20251118,9,5,2,Road,Road,2103.39,2025-11-23,2025-11-22,46144.48,4019.18,2719.11,0.00,52882.77,25.20,6360.65,1800.00,61166.08,0,None,SYNTHETIC
SIM-01174,20251118,11,5,2,Road,Road,1844.16,2025-11-23,2025-11-29,44988.18,7391.56,2185.83,0.00,54565.57,25.20,5576.74,1800.00,53849.57,0,Capacity constraint,SYNTHETIC
SIM-01175,20251119,8,3,4,Road,Road,2398.68,2025-11-24,2025-11-24,36284.10,6077.59,2277.60,0.00,44639.29,14.40,4144.92,1800.00,40485.91,0,None,SYNTHETIC
SIM-01176,20251119,11,1,7,Sea,Sea,5200.58,2025-12-13,2025-12-13,125383.08,12061.85,1233.40,0.00,138678.33,25.60,15976.18,1800.00,150911.03,0,None,SYNTHETIC
SIM-01177,20251119,6,5,1,Road,Road,4346.00,2025-11-24,2025-11-28,81690.05,13756.60,1330.38,0.00,96777.03,18.00,9387.36,1800.00,89415.36,0,Weather,SYNTHETIC
SIM-01178,20251119,12,1,8,Air,Air,491.80,2025-11-23,2025-11-23,99162.50,9142.78,1723.53,0.00,110028.81,189.00,11154.02,1800.00,105904.22,0,None,SYNTHETIC
SIM-01179,20251119,1,2,6,Sea,Sea,4771.88,2025-12-16,2025-12-16,217611.14,34817.78,2014.63,0.00,254443.55,51.20,29318.43,1800.00,275438.69,0,None,SYNTHETIC
SIM-01180,20251119,6,3,7,Sea,Sea,1489.35,2025-12-13,2025-12-13,40025.81,6628.27,1419.94,0.00,48074.02,25.60,4575.28,1800.00,44502.64,0,None,SYNTHETIC
SIM-01181,20251120,7,4,7,Sea,Sea,5809.70,2025-12-14,2025-12-14,177952.58,24521.87,2514.31,0.00,204988.76,25.60,17847.40,1800.00,168375.72,0,None,SYNTHETIC
SIM-01182,20251120,2,3,1,Road,Road,5878.74,2025-11-25,2025-11-22,117931.83,19293.65,1712.05,12217.74,151155.27,18.00,12698.08,1800.00,120315.40,1,None,SYNTHETIC
SIM-01183,20251121,12,4,1,Road,Road,5619.71,2025-11-26,2025-11-25,102061.36,8889.54,1639.01,0.00,112589.91,18.00,12138.57,1800.00,115093.35,0,None,SYNTHETIC
SIM-01184,20251121,7,1,7,Air,Air,600.08,2025-11-25,2025-11-29,88514.68,7399.83,1459.01,0.00,97373.52,168.00,12097.61,1800.00,114711.05,0,Weather,SYNTHETIC
SIM-01185,20251121,2,1,2,Road,Road,4403.52,2025-11-26,2025-11-25,104436.04,9921.42,2156.40,0.00,116513.86,25.20,13316.24,1800.00,126084.94,0,None,SYNTHETIC
SIM-01186,20251121,10,1,7,Sea,Sea,1088.74,2025-12-15,2025-12-14,26887.98,4253.68,2431.75,0.00,33573.41,25.60,3344.61,1800.00,33016.35,0,None,SYNTHETIC
SIM-01187,20251121,11,4,4,Road,Road,4260.87,2025-11-26,2025-11-26,65952.38,10130.29,1669.75,0.00,77752.42,14.40,7362.78,1800.00,70519.31,0,None,SYNTHETIC
SIM-01188,20251121,7,3,5,Sea,Sea,2110.36,2025-12-15,2025-12-14,75453.21,11219.89,2167.18,0.00,88840.28,38.40,9724.54,1800.00,92562.36,0,None,SYNTHETIC
SIM-01189,20251121,8,2,8,Sea,Sea,1369.80,2025-12-15,2025-12-14,38437.66,5131.43,2353.26,0.00,45922.35,28.80,4734.03,1800.00,45984.27,0,None,SYNTHETIC
SIM-01190,20251121,11,3,6,Sea,Sea,5909.99,2025-12-18,2025-12-18,317210.66,26772.58,1709.08,0.00,345692.32,51.20,36310.98,1800.00,340702.47,0,None,SYNTHETIC
SIM-01191,20251121,9,4,1,Road,Road,3092.72,2025-11-26,2025-11-26,56736.10,7982.77,1510.54,0.00,66229.41,18.00,6680.28,1800.00,64149.24,0,None,SYNTHETIC
SIM-01192,20251122,2,2,2,Road,Road,3078.00,2025-11-27,2025-11-27,77188.02,9509.56,1661.08,0.00,88358.66,25.20,9307.87,1800.00,88673.47,0,None,SYNTHETIC
SIM-01193,20251122,9,3,6,Sea,Sea,3664.78,2025-12-19,2025-12-21,205859.77,33513.97,1144.16,0.00,240517.90,51.20,22516.41,1800.00,211953.15,0,Capacity constraint,SYNTHETIC
SIM-01194,20251122,12,1,1,Road,Road,4248.91,2025-11-27,2025-11-27,75353.84,8597.87,2208.17,0.00,86159.88,18.00,9177.65,1800.00,87458.03,0,None,SYNTHETIC
SIM-01195,20251122,12,3,2,Road,Road,598.52,2025-11-27,2025-12-04,15078.08,1301.24,2829.24,0.00,19208.56,25.20,1809.92,1800.00,18692.62,0,Capacity constraint,SYNTHETIC
SIM-01196,20251123,3,5,4,Road,Road,3232.30,2025-11-28,2025-11-27,46063.84,5140.72,2695.73,0.00,53900.29,14.40,5585.41,1800.00,53930.53,0,None,SYNTHETIC
SIM-01197,20251123,12,4,7,Air,Air,380.59,2025-11-27,2025-11-27,64910.68,9496.43,2355.99,0.00,76763.10,168.00,7672.69,1800.00,73411.81,0,None,SYNTHETIC
SIM-01198,20251123,12,2,3,Road,Road,5748.37,2025-11-28,2025-12-02,113267.44,14407.62,2575.32,0.00,130250.38,19.80,13658.13,1800.00,129275.86,0,Capacity constraint,SYNTHETIC
SIM-01199,20251123,8,1,6,Air,Air,581.37,2025-11-30,2025-11-30,193426.32,17118.23,1501.90,0.00,212046.45,336.00,23440.84,1800.00,220581.16,0,None,SYNTHETIC
SIM-01200,20251124,4,2,8,Sea,Sea,4112.66,2025-12-18,2025-12-23,109377.83,8761.16,2102.26,0.00,120241.25,28.80,14213.35,1800.00,134457.96,0,Documentation,SYNTHETIC
SIM-01201,20251124,3,4,3,Road,Road,4326.46,2025-11-29,2025-11-29,98253.83,8243.50,2010.94,0.00,108508.27,19.80,10279.67,1800.00,97743.58,0,None,SYNTHETIC
SIM-01202,20251124,10,2,8,Sea,Air,287.00,2025-12-18,2025-11-29,54251.44,5094.21,1768.11,8213.67,69327.43,28.80,991.87,1800.00,11057.47,1,None,SYNTHETIC
SIM-01203,20251124,6,2,1,Road,Road,4354.56,2025-11-29,2025-11-28,70458.55,5953.75,2131.17,0.00,78543.47,18.00,9405.85,1800.00,89587.93,0,None,SYNTHETIC
SIM-01204,20251124,9,1,7,Sea,Sea,1817.80,2025-12-18,2025-12-18,41872.42,4350.54,1526.31,0.00,47749.27,25.60,5584.28,1800.00,53919.96,0,None,SYNTHETIC
SIM-01205,20251125,11,2,5,Sea,Sea,1185.90,2025-12-19,2025-12-18,51477.59,5441.18,2841.19,0.00,59759.96,38.40,5464.63,1800.00,52803.19,0,None,SYNTHETIC
SIM-01206,20251125,1,2,1,Road,Road,2703.68,2025-11-30,2025-11-30,45781.00,4413.29,2084.27,0.00,52278.56,18.00,5839.95,1800.00,56306.19,0,None,SYNTHETIC
SIM-01207,20251126,10,3,1,Road,Road,4659.58,2025-12-01,2025-11-30,83849.61,9424.70,2455.48,0.00,95729.79,18.00,10064.69,1800.00,95737.13,0,None,SYNTHETIC
SIM-01208,20251126,1,1,3,Road,Road,5788.98,2025-12-01,2025-12-01,115102.27,12500.11,1691.77,0.00,129294.15,19.80,13754.62,1800.00,130176.42,0,None,SYNTHETIC
SIM-01209,20251126,10,4,8,Sea,Air,855.90,2025-12-20,2025-12-04,193974.05,29678.03,1473.99,27602.51,252728.58,28.80,2957.99,1800.00,29407.91,1,None,SYNTHETIC
SIM-01210,20251126,5,2,7,Sea,Sea,5465.74,2025-12-20,2025-12-19,146842.98,13348.03,2346.59,0.00,162537.60,25.60,16790.75,1800.00,158513.69,0,None,SYNTHETIC
SIM-01211,20251126,2,3,8,Sea,Sea,4514.96,2025-12-20,2025-12-20,139663.23,21522.10,1298.29,0.00,162483.62,28.80,15603.70,1800.00,147434.55,0,None,SYNTHETIC
SIM-01212,20251126,9,4,5,Sea,Sea,3519.79,2025-12-20,2025-12-20,150495.26,23687.95,1925.84,0.00,176109.05,38.40,16219.19,1800.00,153179.13,0,None,SYNTHETIC
SIM-01213,20251127,7,4,7,Sea,Sea,4329.07,2025-12-21,2025-12-28,111286.02,15680.20,1735.55,0.00,128701.77,25.60,13298.90,1800.00,125923.09,0,Weather,SYNTHETIC
SIM-01214,20251127,4,1,7,Sea,Sea,3621.10,2025-12-21,2025-12-21,96964.81,12770.27,1282.79,0.00,111017.87,25.60,11124.02,1800.00,105624.18,0,None,SYNTHETIC
SIM-01215,20251128,1,3,6,Sea,Sea,5869.07,2025-12-25,2025-12-25,327055.38,47488.44,1463.02,0.00,376006.84,51.20,36059.57,1800.00,338355.95,0,None,SYNTHETIC
SIM-01216,20251128,10,1,1,Road,Road,5593.20,2025-12-03,2025-12-09,93035.54,15202.01,1349.71,0.00,109587.26,18.00,12081.31,1800.00,114558.91,0,Capacity constraint,SYNTHETIC
SIM-01217,20251129,9,4,4,Road,Road,2397.53,2025-12-04,2025-12-04,33053.84,3040.95,2533.51,0.00,38628.30,14.40,4142.93,1800.00,40467.36,0,None,SYNTHETIC
SIM-01218,20251130,10,2,6,Sea,Air,542.48,2025-12-27,2025-12-06,172771.92,22598.57,1268.44,16776.15,213415.08,51.20,3333.00,1800.00,32907.98,1,None,SYNTHETIC
SIM-01219,20251130,5,2,4,Road,Road,2704.86,2025-12-05,2025-12-04,37356.11,4710.61,1652.10,0.00,43718.82,14.40,4674.00,1800.00,45423.98,0,None,SYNTHETIC
SIM-01220,20251130,12,3,7,Air,Air,870.67,2025-12-04,2025-12-04,169615.43,26799.24,2419.32,0.00,198833.99,168.00,17552.71,1800.00,165625.27,0,None,SYNTHETIC
SIM-01221,20251130,6,5,4,Road,Road,2603.09,2025-12-05,2025-12-05,35455.28,5531.02,2512.19,0.00,43498.49,14.40,4498.14,1800.00,43782.64,0,None,SYNTHETIC
SIM-01222,20251130,5,2,8,Sea,Sea,4664.14,2025-12-24,2025-12-28,150206.14,23327.01,2412.68,0.00,175945.83,28.80,16119.27,1800.00,152246.50,0,Weather,SYNTHETIC
SIM-01223,20251130,8,1,7,Sea,Sea,3287.28,2025-12-24,2025-12-24,75571.87,6484.07,2180.30,0.00,84236.24,25.60,10098.52,1800.00,96052.89,0,None,SYNTHETIC
SIM-01224,20251130,10,1,4,Road,Road,720.52,2025-12-05,2025-12-03,9222.49,1017.24,1886.85,574.56,12701.14,14.40,1245.06,1800.00,13420.55,1,None,SYNTHETIC
SIM-01225,20251201,4,2,1,Road,Road,5108.72,2025-12-06,2025-12-06,96063.31,7896.40,1949.80,0.00,105909.51,18.00,11034.84,1800.00,104791.80,0,None,SYNTHETIC
SIM-01226,20251201,3,5,7,Sea,Air,773.79,2025-12-25,2025-12-05,126543.75,11135.85,2335.56,16767.05,156782.21,25.60,2377.08,1800.00,23986.10,1,None,SYNTHETIC
SIM-01227,20251201,12,4,8,Sea,Sea,3097.18,2025-12-25,2025-12-24,94686.00,12612.18,2099.49,0.00,109397.67,28.80,10703.85,1800.00,101702.63,0,None,SYNTHETIC
SIM-01228,20251201,8,4,7,Sea,Air,891.52,2025-12-25,2025-12-05,183330.34,20807.99,2088.55,18388.03,224614.91,25.60,2738.75,1800.00,27361.66,1,None,SYNTHETIC
SIM-01229,20251201,8,2,1,Road,Road,5648.09,2025-12-06,2025-12-13,109614.97,16420.32,2611.80,0.00,128647.09,18.00,12199.87,1800.00,115665.49,0,Documentation,SYNTHETIC
SIM-01230,20251202,11,1,6,Sea,Sea,4196.99,2025-12-29,2025-12-28,224257.72,35410.29,2302.80,0.00,261970.81,51.20,25786.31,1800.00,242472.20,0,None,SYNTHETIC
SIM-01231,20251202,12,1,7,Air,Air,467.13,2025-12-06,2025-12-05,77390.96,7197.36,1343.55,0.00,85931.87,168.00,9417.34,1800.00,89695.18,0,None,SYNTHETIC
SIM-01232,20251202,6,3,1,Road,Road,3536.28,2025-12-07,2025-12-05,60707.14,7108.81,1786.86,9877.05,79479.86,18.00,7638.36,1800.00,73091.40,1,None,SYNTHETIC
SIM-01233,20251202,5,4,2,Road,Road,915.43,2025-12-07,2025-12-07,25258.41,2541.00,1139.94,0.00,28939.35,25.20,2768.26,1800.00,27637.10,0,None,SYNTHETIC
SIM-01234,20251202,9,3,5,Air,Air,299.37,2025-12-06,2025-12-06,87603.33,12168.10,1334.78,0.00,101106.21,252.00,9052.95,1800.00,86294.19,0,None,SYNTHETIC
SIM-01235,20251202,12,3,8,Sea,Sea,5137.21,2025-12-26,2025-12-25,138304.83,21105.32,1348.39,0.00,160758.54,28.80,17754.20,1800.00,167505.85,0,None,SYNTHETIC
SIM-01236,20251203,7,4,5,Sea,Sea,1008.49,2025-12-27,2025-12-27,40738.89,6819.69,2450.69,0.00,50009.27,38.40,4647.12,1800.00,45173.14,0,None,SYNTHETIC
SIM-01237,20251203,4,2,6,Sea,Sea,2183.30,2025-12-30,2026-01-02,113910.37,12507.36,1385.16,0.00,127802.89,51.20,13414.20,1800.00,126999.16,0,Documentation,SYNTHETIC
SIM-01238,20251203,1,5,1,Road,Road,2724.62,2025-12-08,2025-12-07,48410.23,8176.49,1697.89,0.00,58284.61,18.00,5885.18,1800.00,56728.34,0,None,SYNTHETIC
SIM-01239,20251204,11,2,1,Road,Road,1753.64,2025-12-09,2025-12-09,34456.29,4503.44,2757.10,0.00,41716.83,18.00,3787.86,1800.00,37153.38,0,None,SYNTHETIC
SIM-01240,20251204,3,1,7,Sea,Air,705.90,2025-12-28,2025-12-07,108329.33,12577.04,2610.96,16054.41,139571.74,25.60,2168.52,1800.00,22039.56,1,None,SYNTHETIC
SIM-01241,20251204,1,5,3,Road,Road,4677.23,2025-12-09,2025-12-09,81778.96,13248.19,2416.10,0.00,97443.25,19.80,11113.10,1800.00,105522.25,0,None,SYNTHETIC
SIM-01242,20251204,4,4,1,Road,Road,5525.13,2025-12-09,2025-12-14,95987.23,8888.42,2673.03,0.00,107548.68,18.00,11934.28,1800.00,113186.62,0,Documentation,SYNTHETIC
SIM-01243,20251205,6,2,7,Sea,Sea,1975.14,2025-12-29,2025-12-28,54992.53,7391.00,1584.62,0.00,63968.15,25.60,6067.63,1800.00,58431.21,0,None,SYNTHETIC
SIM-01244,20251205,4,1,2,Road,Road,5702.44,2025-12-10,2025-12-09,139674.85,12081.87,2516.42,0.00,154273.14,25.20,17244.18,1800.00,162745.67,0,None,SYNTHETIC
SIM-01245,20251205,5,1,5,Air,Air,750.08,2025-12-09,2025-12-08,186200.54,17093.21,2010.80,0.00,205304.55,252.00,22682.42,1800.00,213502.58,0,None,SYNTHETIC
SIM-01246,20251205,2,4,7,Sea,Sea,503.84,2025-12-29,2025-12-29,13680.85,1266.85,1225.23,0.00,16172.93,25.60,1547.80,1800.00,16246.10,0,None,SYNTHETIC
SIM-01247,20251205,4,1,2,Road,Road,1004.16,2025-12-10,2025-12-10,22487.30,3573.23,1422.65,0.00,27483.18,25.20,3036.58,1800.00,30141.41,0,None,SYNTHETIC
SIM-01248,20251205,2,5,5,Sea,Sea,2354.94,2025-12-29,2025-12-29,97842.55,15097.11,2745.69,0.00,115685.35,38.40,10851.56,1800.00,103081.26,0,None,SYNTHETIC
SIM-01249,20251205,3,2,7,Air,Air,334.80,2025-12-09,2025-12-08,52303.65,7678.18,2606.19,0.00,62588.02,168.00,6749.57,1800.00,64795.97,0,None,SYNTHETIC
SIM-01250,20251205,1,5,3,Road,Road,2443.66,2025-12-10,2025-12-10,50216.52,6382.52,1676.51,0.00,58275.55,19.80,5806.14,1800.00,55990.61,0,None,SYNTHETIC
SIM-01251,20251206,11,2,4,Road,Road,4909.43,2025-12-11,2025-12-11,70102.57,7486.95,2385.66,0.00,79975.18,14.40,8483.49,1800.00,80979.28,0,None,SYNTHETIC
SIM-01252,20251206,9,3,6,Sea,Air,877.31,2026-01-02,2025-12-12,307864.46,33526.44,1402.48,36635.87,379429.25,51.20,5390.19,1800.00,52108.46,1,None,SYNTHETIC
SIM-01253,20251207,12,4,3,Road,Road,3780.17,2025-12-12,2025-12-09,84433.64,12563.73,1333.87,13441.84,111773.08,19.80,8981.68,1800.00,85629.05,1,None,SYNTHETIC
SIM-01254,20251207,4,2,4,Road,Road,2601.89,2025-12-12,2025-12-11,35093.45,3902.39,2404.20,0.00,41400.04,14.40,4496.07,1800.00,43763.29,0,None,SYNTHETIC
SIM-01255,20251207,8,3,4,Road,Road,5564.93,2025-12-12,2025-12-11,91550.69,13467.11,1305.03,0.00,106322.83,14.40,9616.20,1800.00,91551.19,0,None,SYNTHETIC
SIM-01256,20251208,4,1,1,Road,Road,3392.48,2025-12-13,2025-12-14,55253.09,6453.56,1502.26,3503.05,66711.96,18.00,7327.76,1800.00,70192.40,1,Weather,SYNTHETIC
SIM-01257,20251208,2,3,1,Road,Road,4469.61,2025-12-13,2025-12-13,82022.24,9170.09,1341.46,0.00,92533.79,18.00,9654.36,1800.00,91907.34,0,None,SYNTHETIC
SIM-01258,20251208,5,4,6,Sea,Sea,1599.23,2026-01-04,2026-01-03,99544.19,9168.02,1301.89,0.00,110014.10,51.20,9825.67,1800.00,93506.25,0,None,SYNTHETIC
SIM-01259,20251209,5,2,6,Sea,Sea,3395.81,2026-01-05,2026-01-05,194355.06,16209.21,2517.75,0.00,213082.02,51.20,20863.86,1800.00,196529.33,0,None,SYNTHETIC
SIM-01260,20251209,2,3,6,Sea,Sea,3917.95,2026-01-05,2026-01-07,199568.61,33308.00,2502.32,0.00,235378.93,51.20,24071.88,1800.00,226470.92,0,Documentation,SYNTHETIC
SIM-01261,20251209,7,3,2,Road,Road,5497.86,2025-12-14,2025-12-13,146350.08,22786.71,2819.02,0.00,171955.81,25.20,16625.53,1800.00,156971.60,0,None,SYNTHETIC
SIM-01262,20251209,9,4,6,Sea,Sea,3750.12,2026-01-05,2026-01-05,232489.38,30456.11,1680.93,0.00,264626.42,51.20,23040.74,1800.00,216846.88,0,None,SYNTHETIC
SIM-01263,20251209,7,4,5,Sea,Sea,4790.13,2026-01-02,2026-01-01,198345.66,16859.38,1628.99,0.00,216834.03,38.40,22072.92,1800.00,207813.91,0,None,SYNTHETIC
SIM-01264,20251209,3,2,7,Sea,Sea,567.73,2026-01-02,2026-01-01,16017.38,2673.30,2022.04,0.00,20712.72,25.60,1744.07,1800.00,18077.96,0,None,SYNTHETIC
SIM-01265,20251209,11,1,5,Air,Air,146.14,2025-12-13,2025-12-13,32387.36,5262.95,1759.68,0.00,39409.99,252.00,4419.27,1800.00,43046.55,0,None,SYNTHETIC
SIM-01266,20251210,6,2,2,Road,Road,5178.91,2025-12-15,2025-12-15,123481.64,18917.39,2344.20,0.00,144743.23,25.20,15661.02,1800.00,147969.55,0,None,SYNTHETIC
SIM-01267,20251211,6,4,4,Road,Road,4722.67,2025-12-16,2025-12-18,78660.35,11154.04,2733.39,0.00,92547.78,14.40,8160.77,1800.00,77967.22,0,Capacity constraint,SYNTHETIC
SIM-01268,20251211,6,4,4,Road,Road,4194.09,2025-12-16,2025-12-21,58482.90,8403.99,1323.37,0.00,68210.26,14.40,7247.39,1800.00,69442.29,0,Documentation,SYNTHETIC
SIM-01269,20251211,9,5,6,Air,Air,173.78,2025-12-18,2025-12-17,64446.16,7295.31,2301.95,0.00,74043.42,336.00,7006.81,1800.00,67196.89,0,None,SYNTHETIC
SIM-01270,20251211,8,4,2,Road,Road,1189.93,2025-12-16,2025-12-14,31876.26,4204.48,2600.11,5597.47,44278.32,25.20,3598.35,1800.00,35384.59,1,None,SYNTHETIC
SIM-01271,20251212,4,3,6,Sea,Sea,1428.38,2026-01-08,2026-01-14,70738.05,6585.71,2469.63,0.00,79793.39,51.20,8775.97,1800.00,83709.03,0,Capacity constraint,SYNTHETIC
SIM-01272,20251212,8,4,3,Road,Road,3220.52,2025-12-17,2025-12-21,75032.73,9799.27,2539.64,0.00,87371.64,19.80,7651.96,1800.00,73218.26,0,Documentation,SYNTHETIC
SIM-01273,20251212,10,3,2,Road,Road,2053.16,2025-12-17,2025-12-17,56277.75,9313.97,2017.17,0.00,67608.89,25.20,6208.76,1800.00,59748.39,0,None,SYNTHETIC
SIM-01274,20251213,6,5,7,Air,Air,452.60,2025-12-17,2025-12-17,78775.11,7034.62,2233.97,0.00,88043.70,168.00,9124.42,1800.00,86961.22,0,None,SYNTHETIC
SIM-01275,20251213,10,2,8,Sea,Air,398.24,2026-01-06,2025-12-17,71928.00,6085.11,1128.80,4617.78,83759.69,28.80,1376.32,1800.00,14645.63,1,None,SYNTHETIC
SIM-01276,20251213,1,5,1,Road,Road,717.43,2025-12-18,2025-12-17,13945.29,1953.74,1354.22,0.00,17253.25,18.00,1549.65,1800.00,16263.39,0,None,SYNTHETIC
SIM-01277,20251213,2,3,2,Road,Road,3303.84,2025-12-18,2025-12-17,96533.17,14779.23,2758.13,0.00,114070.53,25.20,9990.81,1800.00,95047.58,0,None,SYNTHETIC
SIM-01278,20251214,7,3,3,Road,Road,5644.02,2025-12-19,2025-12-19,104297.34,9543.21,2745.18,0.00,116585.73,19.80,13410.19,1800.00,126961.79,0,None,SYNTHETIC
SIM-01279,20251214,2,1,3,Road,Road,2564.53,2025-12-19,2025-12-18,48746.54,6103.07,2633.95,0.00,57483.56,19.80,6093.32,1800.00,58671.01,0,None,SYNTHETIC
SIM-01280,20251215,7,4,7,Sea,Sea,2786.38,2026-01-08,2026-01-08,76762.59,6916.31,2394.55,0.00,86073.45,25.60,8559.76,1800.00,81691.09,0,None,SYNTHETIC
SIM-01281,20251215,1,1,4,Road,Road,2951.15,2025-12-20,2025-12-20,45679.25,7363.50,1746.73,0.00,54789.48,14.40,5099.59,1800.00,49396.15,0,None,SYNTHETIC
SIM-01282,20251215,7,4,4,Road,Road,769.10,2025-12-20,2025-12-20,13057.56,1599.55,1721.58,0.00,16378.69,14.40,1329.00,1800.00,14204.04,0,None,SYNTHETIC
SIM-01283,20251215,10,4,8,Sea,Sea,4134.84,2026-01-08,2026-01-08,146136.65,17068.76,1411.44,0.00,164616.85,28.80,14290.01,1800.00,135173.40,0,None,SYNTHETIC
SIM-01284,20251216,10,5,4,Road,Road,5267.44,2025-12-21,2025-12-26,79851.39,10308.81,2591.87,0.00,92752.07,14.40,9102.14,1800.00,86753.28,0,Documentation,SYNTHETIC
SIM-01285,20251216,5,1,3,Road,Road,4378.91,2025-12-21,2025-12-20,84575.16,10741.05,2171.98,0.00,97488.19,19.80,10404.29,1800.00,98906.71,0,None,SYNTHETIC
SIM-01286,20251216,1,2,8,Sea,Sea,2132.93,2026-01-09,2026-01-09,60601.10,5605.60,1639.34,0.00,67846.04,28.80,7371.41,1800.00,70599.79,0,None,SYNTHETIC
SIM-01287,20251216,3,5,1,Road,Road,3285.75,2025-12-21,2025-12-21,65522.10,9762.79,1866.98,0.00,77151.87,18.00,7097.22,1800.00,68040.72,0,None,SYNTHETIC
SIM-01288,20251217,11,1,6,Sea,Sea,2721.31,2026-01-13,2026-01-13,146649.40,16087.44,1804.25,0.00,164541.09,51.20,16719.73,1800.00,157850.80,0,None,SYNTHETIC
SIM-01289,20251217,9,1,5,Sea,Sea,1306.83,2026-01-10,2026-01-10,47936.61,7727.38,2501.72,0.00,58165.71,38.40,6021.87,1800.00,58004.14,0,None,SYNTHETIC
SIM-01290,20251217,2,1,7,Sea,Sea,1254.03,2026-01-10,2026-01-10,33348.95,5425.87,2068.35,0.00,40843.17,25.60,3852.38,1800.00,37755.55,0,None,SYNTHETIC
SIM-01291,20251217,7,2,6,Sea,Sea,2422.88,2026-01-13,2026-01-18,115138.51,14115.98,1872.68,0.00,131127.17,51.20,14886.18,1800.00,140737.64,0,Documentation,SYNTHETIC
SIM-01292,20251218,11,5,5,Air,Air,149.61,2025-12-22,2025-12-21,34532.27,5704.73,1895.48,0.00,42132.48,252.00,4524.21,1800.00,44025.93,0,None,SYNTHETIC
SIM-01293,20251218,8,3,5,Sea,Sea,1528.17,2026-01-11,2026-01-11,56187.64,8540.52,1238.06,0.00,65966.22,38.40,7041.81,1800.00,67523.54,0,None,SYNTHETIC
SIM-01294,20251218,1,3,3,Road,Road,3165.58,2025-12-23,2025-12-23,62573.08,9717.60,1248.96,0.00,73539.64,19.80,7521.42,1800.00,71999.90,0,None,SYNTHETIC
SIM-01295,20251219,7,1,4,Road,Road,3762.68,2025-12-24,2025-12-24,51766.18,7511.27,1565.64,0.00,60843.09,14.40,6501.91,1800.00,62484.50,0,None,SYNTHETIC
SIM-01296,20251220,5,1,3,Road,Road,4443.24,2025-12-25,2025-12-29,84803.07,11516.26,1346.23,7734.04,105399.60,19.80,10557.14,1800.00,100333.29,1,Documentation,SYNTHETIC
SIM-01297,20251220,3,3,1,Road,Road,648.95,2025-12-25,2025-12-23,12513.00,1121.16,2401.26,1083.63,17119.05,18.00,1401.73,1800.00,14882.83,1,None,SYNTHETIC
SIM-01298,20251220,6,1,6,Sea,Sea,5126.27,2026-01-16,2026-01-20,259516.95,31790.83,1586.88,0.00,292894.66,51.20,31495.80,1800.00,295760.82,0,Documentation,SYNTHETIC
SIM-01299,20251220,10,3,6,Sea,Sea,1922.72,2026-01-16,2026-01-15,91007.14,13032.22,2309.43,0.00,106348.79,51.20,11813.19,1800.00,112056.45,0,None,SYNTHETIC
SIM-01300,20251220,3,3,3,Road,Road,3948.78,2025-12-25,2025-12-25,82406.06,13234.41,1119.92,0.00,96760.39,19.80,9382.30,1800.00,89368.14,0,None,SYNTHETIC
SIM-01301,20251221,9,3,4,Road,Road,1259.25,2025-12-26,2025-12-26,19650.94,2705.93,1262.14,0.00,23619.01,14.40,2175.98,1800.00,22109.18,0,None,SYNTHETIC
SIM-01302,20251222,12,4,7,Sea,Sea,3250.69,2026-01-15,2026-01-15,98130.94,14788.33,1686.02,0.00,114605.29,25.60,9986.12,1800.00,95003.78,0,None,SYNTHETIC
SIM-01303,20251222,6,5,7,Sea,Sea,4649.36,2026-01-15,2026-01-14,115072.13,17249.31,1214.61,0.00,133536.05,25.60,14282.83,1800.00,135106.45,0,None,SYNTHETIC
SIM-01304,20251222,10,4,8,Sea,Sea,1183.02,2026-01-15,2026-01-15,32994.15,4144.07,2853.09,0.00,39991.31,28.80,4088.52,1800.00,39959.50,0,None,SYNTHETIC
SIM-01305,20251222,8,2,3,Road,Road,1882.77,2025-12-27,2025-12-27,35209.77,3735.76,2253.54,0.00,41199.07,19.80,4473.46,1800.00,43552.31,0,None,SYNTHETIC
SIM-01306,20251222,5,1,4,Road,Road,5689.66,2025-12-27,2025-12-27,73655.31,6702.63,2568.92,0.00,82926.86,14.40,9831.73,1800.00,93562.83,0,None,SYNTHETIC
SIM-01307,20251222,6,1,5,Sea,Sea,5900.15,2026-01-15,2026-01-14,191761.80,28840.97,1131.62,0.00,221734.39,38.40,27187.89,1800.00,255553.65,0,None,SYNTHETIC
SIM-01308,20251223,12,5,8,Sea,Sea,4738.88,2026-01-16,2026-01-16,124907.18,20247.45,2364.58,0.00,147519.21,28.80,16377.57,1800.00,154657.31,0,None,SYNTHETIC
SIM-01309,20251223,5,2,8,Sea,Sea,2739.85,2026-01-16,2026-01-16,77050.91,10224.66,1144.58,0.00,88420.15,28.80,9468.92,1800.00,90176.60,0,None,SYNTHETIC
SIM-01310,20251223,8,5,7,Sea,Sea,4784.20,2026-01-16,2026-01-16,113313.41,9189.72,1796.59,0.00,124299.72,25.60,14697.06,1800.00,138972.58,0,None,SYNTHETIC
SIM-01311,20251223,8,3,7,Sea,Sea,5031.90,2026-01-16,2026-01-16,132406.50,11717.98,2275.02,0.00,146399.50,25.60,15458.00,1800.00,146074.64,0,None,SYNTHETIC
SIM-01312,20251224,11,2,7,Air,Air,798.90,2025-12-28,2025-12-28,142731.65,15557.75,2065.21,0.00,160354.61,168.00,16105.82,1800.00,152121.02,0,None,SYNTHETIC
SIM-01313,20251224,3,1,2,Road,Road,2212.60,2025-12-29,2025-12-28,58841.41,4736.73,2245.49,0.00,65823.63,25.20,6690.90,1800.00,64248.42,0,None,SYNTHETIC
SIM-01314,20251224,5,5,3,Road,Road,2667.37,2025-12-29,2025-12-28,52845.03,5791.82,2074.32,3355.66,64066.83,19.80,6337.67,1800.00,60951.60,1,None,SYNTHETIC
SIM-01315,20251224,8,3,5,Sea,Sea,1390.47,2026-01-17,2026-01-17,50872.63,6415.04,1152.22,0.00,58439.89,38.40,6407.29,1800.00,61601.34,0,None,SYNTHETIC
SIM-01316,20251225,12,3,6,Sea,Sea,4292.50,2026-01-21,2026-01-20,234252.23,24221.68,2413.59,0.00,260887.50,51.20,26373.12,1800.00,247949.12,0,None,SYNTHETIC
SIM-01317,20251225,2,1,3,Road,Road,5201.83,2025-12-30,2025-12-29,106625.45,16377.67,2352.12,0.00,125355.24,19.80,12359.55,1800.00,117155.78,0,None,SYNTHETIC
SIM-01318,20251225,11,2,1,Road,Road,567.64,2025-12-30,2025-12-31,11219.07,1805.15,1425.84,0.00,14450.06,18.00,1226.10,1800.00,13243.62,0,Weather,SYNTHETIC
SIM-01319,20251225,11,3,3,Road,Road,4241.60,2025-12-30,2026-01-01,83928.99,12404.70,1181.96,0.00,97515.65,19.80,10078.04,1800.00,95861.72,0,Capacity constraint,SYNTHETIC
SIM-01320,20251226,1,2,4,Road,Road,3323.07,2025-12-31,2025-12-30,45114.99,5409.29,1209.20,0.00,51733.48,14.40,5742.27,1800.00,55394.48,0,None,SYNTHETIC
SIM-01321,20251226,4,4,7,Sea,Sea,3301.06,2026-01-19,2026-01-19,97056.31,10239.44,1320.18,0.00,108615.93,25.60,10140.86,1800.00,96448.00,0,None,SYNTHETIC
SIM-01322,20251226,5,4,7,Sea,Sea,5741.63,2026-01-19,2026-01-18,160693.61,13964.27,1460.55,0.00,176118.43,25.60,17638.29,1800.00,166424.02,0,None,SYNTHETIC
SIM-01323,20251226,11,3,2,Road,Road,3394.86,2025-12-31,2025-12-31,81365.62,6541.80,1791.67,0.00,89699.09,25.20,10266.06,1800.00,97616.53,0,None,SYNTHETIC
SIM-01324,20251226,10,5,4,Road,Road,4924.77,2025-12-31,2025-12-28,74425.31,9042.68,1430.83,6184.74,91083.56,14.40,8510.00,1800.00,81226.69,1,None,SYNTHETIC
SIM-01325,20251226,2,2,2,Road,Road,758.94,2025-12-31,2025-12-31,21465.69,3065.30,2030.96,0.00,26561.95,25.20,2295.03,1800.00,23220.32,0,None,SYNTHETIC
SIM-01326,20251226,4,5,2,Road,Road,3283.42,2025-12-31,2026-01-05,87160.51,14303.04,1158.12,0.00,102621.67,25.20,9929.06,1800.00,94471.24,0,Weather,SYNTHETIC
SIM-01327,20251226,12,5,5,Sea,Sea,5014.39,2026-01-19,2026-01-23,194094.78,16032.23,1865.50,0.00,211992.51,38.40,23106.31,1800.00,217458.89,0,Capacity constraint,SYNTHETIC
SIM-01328,20251227,2,1,3,Road,Road,3545.17,2026-01-01,2026-01-01,61333.32,8703.20,1695.26,0.00,71731.78,19.80,8423.32,1800.00,80417.69,0,None,SYNTHETIC
SIM-01329,20251227,3,2,4,Road,Road,1501.02,2026-01-01,2026-01-01,23554.57,3813.48,2665.95,0.00,30034.00,14.40,2593.76,1800.00,26008.45,0,None,SYNTHETIC
SIM-01330,20251227,2,5,5,Sea,Sea,1795.82,2026-01-20,2026-01-20,67702.80,9390.38,2531.00,0.00,79624.18,38.40,8275.14,1800.00,79034.63,0,None,SYNTHETIC
SIM-01331,20251227,9,5,5,Air,Air,541.34,2025-12-31,2025-12-31,133575.36,17057.57,1358.77,0.00,151991.70,252.00,16370.12,1800.00,154587.80,0,None,SYNTHETIC
SIM-01332,20251228,3,2,4,Road,Road,5557.77,2026-01-02,2026-01-05,86443.04,11981.01,1397.11,0.00,99821.16,14.40,9603.83,1800.00,91435.72,0,Capacity constraint,SYNTHETIC
SIM-01333,20251228,11,4,1,Road,Road,1924.87,2026-01-02,2026-01-06,41888.68,6463.42,1879.19,0.00,50231.29,18.00,4157.72,1800.00,40605.38,0,Capacity constraint,SYNTHETIC
SIM-01334,20251228,9,3,6,Air,Air,521.22,2026-01-04,2026-01-08,192943.57,22960.28,1123.39,0.00,217027.24,336.00,21015.59,1800.00,197945.51,0,Weather,SYNTHETIC
SIM-01335,20251228,4,2,4,Road,Road,5175.78,2026-01-02,2025-12-30,80977.79,7668.60,1591.18,6729.25,96966.82,14.40,8943.75,1800.00,85274.98,1,None,SYNTHETIC
SIM-01336,20251229,5,4,3,Road,Road,4234.94,2026-01-03,2026-01-07,99091.93,11633.39,2194.48,0.00,112919.80,19.80,10062.22,1800.00,95714.03,0,Documentation,SYNTHETIC
SIM-01337,20251229,10,5,3,Road,Road,4933.20,2026-01-03,2026-01-03,103156.71,9294.42,1184.14,0.00,113635.27,19.80,11721.28,1800.00,111198.64,0,None,SYNTHETIC
SIM-01338,20251229,12,4,2,Road,Road,4783.50,2026-01-03,2026-01-03,120580.70,14445.57,1344.58,0.00,136370.85,25.20,14465.30,1800.00,136809.50,0,None,SYNTHETIC
SIM-01339,20251230,1,4,4,Road,Road,3805.48,2026-01-04,2026-01-11,61485.67,6351.47,1189.13,0.00,69026.27,14.40,6575.87,1800.00,63174.78,0,Documentation,SYNTHETIC
SIM-01340,20251230,9,4,4,Road,Road,2854.25,2026-01-04,2026-01-04,47992.96,5922.33,1692.08,0.00,55607.37,14.40,4932.14,1800.00,47833.34,0,None,SYNTHETIC
SIM-01341,20251230,2,2,7,Sea,Sea,5031.99,2026-01-23,2026-01-23,120568.87,11863.98,2096.38,0.00,134529.23,25.60,15458.27,1800.00,146077.21,0,None,SYNTHETIC
SIM-01342,20251230,3,4,2,Road,Road,1566.03,2026-01-04,2026-01-01,43273.41,5530.34,2166.32,6772.29,57742.36,25.20,4735.68,1800.00,45999.64,1,None,SYNTHETIC
SIM-01343,20251230,5,5,4,Road,Road,2854.85,2026-01-04,2026-01-01,42527.37,5209.60,1446.26,5337.18,54520.41,14.40,4933.18,1800.00,47843.02,1,None,SYNTHETIC
SIM-01344,20251230,3,4,6,Sea,Sea,2612.21,2026-01-26,2026-01-26,134028.55,16565.93,2038.92,0.00,152633.40,51.20,16049.42,1800.00,151594.57,0,None,SYNTHETIC
SIM-01345,20251231,12,2,1,Road,Road,5175.74,2026-01-05,2026-01-04,104197.13,12743.31,1110.72,0.00,118051.16,18.00,11179.60,1800.00,106142.92,0,None,SYNTHETIC
SIM-01346,20251231,4,2,1,Road,Road,897.58,2026-01-05,2026-01-05,15238.23,1478.11,2168.24,0.00,18884.58,18.00,1938.77,1800.00,19895.21,0,None,SYNTHETIC
SIM-01347,20251231,3,2,2,Road,Road,822.59,2026-01-05,2026-01-05,20304.38,2365.46,1817.36,0.00,24487.20,25.20,2487.51,1800.00,25016.78,0,None,SYNTHETIC
SIM-01348,20260101,8,3,2,Road,Road,2579.39,2026-01-06,2026-01-05,76346.28,6336.74,1618.15,0.00,84301.17,25.20,7800.08,1800.00,74600.71,0,None,SYNTHETIC
SIM-01349,20260101,1,2,3,Road,Road,4728.50,2026-01-06,2026-01-07,89833.96,11633.50,1477.37,13555.94,116500.77,19.80,11234.92,1800.00,106659.22,1,Capacity constraint,SYNTHETIC
SIM-01350,20260101,2,2,7,Sea,Sea,5791.35,2026-01-25,2026-01-25,154257.44,24496.08,1486.05,0.00,180239.57,25.60,17791.03,1800.00,167849.59,0,None,SYNTHETIC
SIM-01351,20260101,3,4,4,Road,Road,1197.62,2026-01-06,2026-01-10,20757.01,2245.91,1655.21,0.00,24658.13,14.40,2069.49,1800.00,21115.22,0,Weather,SYNTHETIC
SIM-01352,20260102,11,1,5,Sea,Sea,943.68,2026-01-26,2026-01-25,34252.53,5720.17,2303.74,0.00,42276.44,38.40,4348.48,1800.00,42385.79,0,None,SYNTHETIC
SIM-01353,20260102,5,1,4,Road,Road,3618.55,2026-01-07,2026-01-07,45570.01,4324.59,2032.59,0.00,51927.19,14.40,6252.85,1800.00,60159.97,0,None,SYNTHETIC
SIM-01354,20260102,2,2,3,Road,Road,830.76,2026-01-07,2026-01-07,17038.77,1703.88,2237.32,0.00,20979.97,19.80,1973.89,1800.00,20222.94,0,None,SYNTHETIC
SIM-01355,20260103,8,1,7,Sea,Air,374.29,2026-01-27,2026-01-06,67650.94,6656.85,2390.13,4607.03,81304.95,25.60,1149.82,1800.00,12531.64,1,None,SYNTHETIC
SIM-01356,20260103,4,1,3,Road,Road,707.61,2026-01-08,2026-01-07,12520.75,1093.06,1129.89,0.00,14743.70,19.80,1681.28,1800.00,17491.96,0,None,SYNTHETIC
SIM-01357,20260103,11,1,1,Road,Road,738.50,2026-01-08,2026-01-07,13202.98,1338.78,1472.48,0.00,16014.24,18.00,1595.16,1800.00,16688.16,0,None,SYNTHETIC
SIM-01358,20260103,10,5,5,Sea,Sea,4555.29,2026-01-27,2026-01-27,153840.14,17799.30,1638.88,0.00,173278.32,38.40,20990.78,1800.00,197713.92,0,None,SYNTHETIC
SIM-01359,20260104,1,4,5,Sea,Sea,5135.67,2026-01-28,2026-01-28,192865.19,20925.87,1942.42,0.00,215733.48,38.40,23665.17,1800.00,222674.90,0,None,SYNTHETIC
SIM-01360,20260104,6,4,1,Road,Road,2498.17,2026-01-09,2026-01-09,46134.10,6993.93,1683.20,0.00,54811.23,18.00,5396.05,1800.00,52163.11,0,None,SYNTHETIC
SIM-01361,20260104,12,1,4,Road,Road,5009.79,2026-01-09,2026-01-09,72151.80,10815.55,2586.17,0.00,85553.52,14.40,8656.92,1800.00,82597.90,0,None,SYNTHETIC
SIM-01362,20260104,5,3,4,Road,Road,1884.91,2026-01-09,2026-01-07,30562.01,4966.33,2083.97,3236.52,40848.83,14.40,3257.12,1800.00,32199.82,1,None,SYNTHETIC
SIM-01363,20260104,3,3,8,Sea,Sea,2023.72,2026-01-28,2026-01-27,54999.54,4669.46,1132.96,0.00,60801.96,28.80,6993.98,1800.00,67077.12,0,None,SYNTHETIC
SIM-01364,20260105,7,3,7,Air,Air,389.79,2026-01-09,2026-01-09,70611.79,7082.36,1229.29,0.00,78923.44,168.00,7858.17,1800.00,75142.89,0,None,SYNTHETIC
SIM-01365,20260106,8,1,2,Road,Road,4536.80,2026-01-11,2026-01-13,100532.27,11068.60,1898.61,0.00,113499.48,25.20,13719.28,1800.00,129846.64,0,Weather,SYNTHETIC
SIM-01366,20260106,3,3,3,Road,Road,3699.11,2026-01-11,2026-01-11,81180.48,9611.77,1585.49,0.00,92377.74,19.80,8789.09,1800.00,83831.47,0,None,SYNTHETIC
SIM-01367,20260106,12,2,8,Air,Air,288.73,2026-01-10,2026-01-09,58904.16,8558.77,1664.23,0.00,69127.16,189.00,6548.40,1800.00,62918.37,0,None,SYNTHETIC
SIM-01368,20260106,4,1,5,Sea,Sea,553.97,2026-01-30,2026-01-30,19118.05,1734.01,2557.69,0.00,23409.75,38.40,2552.69,1800.00,25625.14,0,None,SYNTHETIC
SIM-01369,20260106,2,5,7,Air,Air,285.73,2026-01-10,2026-01-10,43796.37,4506.65,2795.56,0.00,51098.58,168.00,5760.32,1800.00,55562.96,0,None,SYNTHETIC
SIM-01370,20260106,1,1,3,Road,Road,2363.01,2026-01-11,2026-01-18,49203.61,6017.60,1246.48,0.00,56467.69,19.80,5614.51,1800.00,54202.11,0,Capacity constraint,SYNTHETIC
SIM-01371,20260106,4,5,1,Road,Road,968.31,2026-01-11,2026-01-09,17390.94,1507.79,2383.61,2996.46,24278.80,18.00,2091.55,1800.00,21321.13,1,None,SYNTHETIC
SIM-01372,20260106,7,5,1,Road,Road,5188.73,2026-01-11,2026-01-11,83423.91,8709.46,2870.65,0.00,95004.02,18.00,11207.66,1800.00,106404.80,0,None,SYNTHETIC
SIM-01373,20260107,2,2,2,Road,Road,5724.10,2026-01-12,2026-01-11,149734.09,17264.34,2381.73,0.00,169380.16,25.20,17309.68,1800.00,163357.00,0,None,SYNTHETIC
SIM-01374,20260107,2,3,1,Road,Road,4476.50,2026-01-12,2026-01-12,92099.48,14266.21,1181.77,0.00,107547.46,18.00,9669.24,1800.00,92046.24,0,None,SYNTHETIC
SIM-01375,20260107,7,5,8,Sea,Sea,2701.21,2026-01-31,2026-01-31,74995.93,6052.17,1720.25,0.00,82768.35,28.80,9335.38,1800.00,88930.23,0,None,SYNTHETIC
SIM-01376,20260107,4,2,3,Road,Road,2320.38,2026-01-12,2026-01-12,44871.67,4716.01,2810.74,0.00,52398.42,19.80,5513.22,1800.00,53256.74,0,None,SYNTHETIC
SIM-01377,20260108,3,1,7,Sea,Sea,3826.29,2026-02-01,2026-02-01,93769.80,13943.57,1391.61,0.00,109104.98,25.60,11754.36,1800.00,111507.38,0,None,SYNTHETIC
SIM-01378,20260108,5,3,5,Sea,Sea,5835.98,2026-02-01,2026-02-07,243538.71,38917.49,2881.23,0.00,285337.43,38.40,26892.20,1800.00,252793.83,0,Weather,SYNTHETIC
SIM-01379,20260108,9,5,5,Air,Air,213.15,2026-01-12,2026-01-12,57812.26,5260.92,1486.87,0.00,64560.05,252.00,6445.66,1800.00,61959.46,0,None,SYNTHETIC
SIM-01380,20260108,11,5,2,Road,Road,3360.85,2026-01-13,2026-01-13,83120.59,10656.06,2502.20,0.00,96278.85,25.20,10163.21,1800.00,96656.63,0,None,SYNTHETIC
SIM-01381,20260108,1,2,3,Road,Road,4672.57,2026-01-13,2026-01-13,92495.31,9231.03,1620.56,0.00,103346.90,19.80,11102.03,1800.00,105418.92,0,None,SYNTHETIC
SIM-01382,20260108,2,5,6,Air,Air,637.18,2026-01-15,2026-01-15,234717.77,29269.31,1199.48,0.00,265186.56,336.00,25691.10,1800.00,241583.58,0,None,SYNTHETIC
SIM-01383,20260108,4,3,4,Road,Road,5599.55,2026-01-13,2026-01-13,86318.99,10669.03,2236.66,0.00,99224.68,14.40,9676.02,1800.00,92109.54,0,None,SYNTHETIC
SIM-01384,20260108,10,4,5,Sea,Sea,3220.27,2026-02-01,2026-01-31,130094.73,17263.57,2754.94,0.00,150113.24,38.40,14839.00,1800.00,140297.37,0,None,SYNTHETIC
SIM-01385,20260108,7,5,8,Sea,Sea,1682.54,2026-02-01,2026-01-31,48850.46,7068.66,2024.17,0.00,57943.29,28.80,5814.86,1800.00,56072.01,0,None,SYNTHETIC
SIM-01386,20260109,5,5,4,Road,Road,1640.51,2026-01-14,2026-01-14,23800.21,2313.38,1404.20,0.00,27517.79,14.40,2834.80,1800.00,28258.14,0,None,SYNTHETIC
SIM-01387,20260109,8,1,3,Road,Road,2264.81,2026-01-14,2026-01-20,46921.03,4448.11,1272.98,0.00,52642.12,19.80,5381.19,1800.00,52024.43,0,Capacity constraint,SYNTHETIC
SIM-01388,20260109,2,1,8,Air,Air,862.58,2026-01-13,2026-01-13,159136.62,17934.70,1682.26,0.00,178753.58,189.00,19563.31,1800.00,184390.93,0,None,SYNTHETIC
SIM-01389,20260109,10,1,8,Sea,Sea,2639.21,2026-02-02,2026-02-02,81548.34,12917.26,2391.68,0.00,96857.28,28.80,9121.11,1800.00,86930.36,0,None,SYNTHETIC
SIM-01390,20260109,5,5,2,Road,Road,2219.09,2026-01-14,2026-01-14,59281.36,9194.54,2411.67,0.00,70887.57,25.20,6710.53,1800.00,64431.60,0,None,SYNTHETIC
SIM-01391,20260109,4,5,3,Road,Road,4919.50,2026-01-14,2026-01-13,98693.94,14202.06,1292.11,0.00,114188.11,19.80,11688.73,1800.00,110894.83,0,None,SYNTHETIC
SIM-01392,20260109,10,4,3,Road,Road,1747.63,2026-01-14,2026-01-14,41443.23,5337.89,1204.14,0.00,47985.26,19.80,4152.37,1800.00,40555.44,0,None,SYNTHETIC
SIM-01393,20260110,5,3,3,Road,Road,4846.40,2026-01-15,2026-01-15,110898.38,13440.88,1671.45,0.00,126010.71,19.80,11515.05,1800.00,109273.77,0,None,SYNTHETIC
SIM-01394,20260110,9,5,6,Sea,Sea,1369.91,2026-02-06,2026-02-06,64495.03,10209.56,1625.48,0.00,76330.07,51.20,8416.73,1800.00,80356.12,0,None,SYNTHETIC
SIM-01395,20260110,5,1,6,Sea,Sea,2732.56,2026-02-06,2026-02-06,144575.72,21975.51,1448.14,0.00,167999.37,51.20,16788.85,1800.00,158495.92,0,None,SYNTHETIC
SIM-01396,20260110,4,5,3,Road,Road,3288.24,2026-01-15,2026-01-21,64837.61,9343.10,1183.86,0.00,75364.57,19.80,7812.86,1800.00,74720.01,0,Weather,SYNTHETIC
SIM-01397,20260110,9,1,7,Sea,Sea,5039.82,2026-02-03,2026-02-03,138177.48,11841.81,2193.04,0.00,152212.33,25.60,15482.33,1800.00,146301.72,0,None,SYNTHETIC
SIM-01398,20260111,12,4,3,Road,Road,4910.25,2026-01-16,2026-01-16,114353.72,15197.61,2714.36,0.00,132265.69,19.80,11666.75,1800.00,110689.70,0,None,SYNTHETIC
SIM-01399,20260111,7,4,8,Air,Air,226.14,2026-01-15,2026-01-18,44181.80,6357.76,1267.93,0.00,51807.49,189.00,5128.86,1800.00,49669.32,0,Weather,SYNTHETIC
SIM-01400,20260111,5,1,1,Road,Road,1162.04,2026-01-16,2026-01-16,21523.58,1898.38,1216.82,0.00,24638.78,18.00,2510.01,1800.00,25226.73,0,None,SYNTHETIC
SIM-01401,20260111,12,5,6,Air,Air,827.38,2026-01-18,2026-01-18,259244.55,39301.47,1181.25,0.00,299727.27,336.00,33359.96,1800.00,313159.64,0,None,SYNTHETIC
SIM-01402,20260111,6,5,5,Sea,Sea,2275.02,2026-02-04,2026-02-03,87116.76,11238.06,2343.38,0.00,100698.20,38.40,10483.29,1800.00,99644.06,0,None,SYNTHETIC
SIM-01403,20260111,1,5,6,Sea,Sea,2344.40,2026-02-07,2026-02-06,130230.28,19104.78,1406.05,0.00,150741.11,51.20,14403.99,1800.00,136237.27,0,None,SYNTHETIC
SIM-01404,20260112,5,5,6,Sea,Sea,730.74,2026-02-08,2026-02-08,38792.11,6311.48,2872.31,0.00,47975.90,51.20,4489.67,1800.00,43703.56,0,None,SYNTHETIC
SIM-01405,20260112,7,4,6,Sea,Sea,5566.90,2026-02-08,2026-02-12,304318.11,50729.83,2056.05,0.00,357103.99,51.20,34203.03,1800.00,321028.31,0,Weather,SYNTHETIC
SIM-01406,20260112,7,5,1,Road,Road,1556.94,2026-01-17,2026-01-17,27601.30,4510.05,2143.64,0.00,34254.99,18.00,3362.99,1800.00,33187.91,0,None,SYNTHETIC
SIM-01407,20260113,4,2,7,Air,Air,448.95,2026-01-17,2026-01-14,69167.86,5754.77,2518.79,11544.12,88985.54,168.00,9050.83,1800.00,86274.43,1,None,SYNTHETIC
SIM-01408,20260114,8,5,2,Road,Road,2948.94,2026-01-19,2026-01-21,74035.05,6300.38,2168.89,0.00,82504.32,25.20,8917.59,1800.00,85030.88,0,Documentation,SYNTHETIC
SIM-01409,20260115,3,5,4,Road,Road,1175.57,2026-01-20,2026-01-20,17013.74,2783.45,2308.40,0.00,22105.59,14.40,2031.39,1800.00,20759.60,0,None,SYNTHETIC
SIM-01410,20260115,6,4,6,Sea,Sea,4125.06,2026-02-11,2026-02-18,225659.43,21708.44,1397.86,0.00,248765.73,51.20,25344.37,1800.00,238347.44,0,Documentation,SYNTHETIC
SIM-01411,20260115,4,2,8,Air,Air,147.05,2026-01-19,2026-01-19,29748.64,2579.21,2730.20,0.00,35058.05,189.00,3335.09,1800.00,32927.54,0,None,SYNTHETIC
SIM-01412,20260115,10,3,1,Road,Road,4643.67,2026-01-20,2026-01-20,94234.39,13532.06,1621.26,0.00,109387.71,18.00,10030.33,1800.00,95416.39,0,None,SYNTHETIC
SIM-01413,20260115,8,4,8,Sea,Sea,1310.50,2026-02-08,2026-02-08,40072.36,6187.17,1441.08,0.00,47700.61,28.80,4529.09,1800.00,44071.49,0,None,SYNTHETIC
SIM-01414,20260115,2,5,4,Road,Road,1940.21,2026-01-20,2026-01-20,31045.03,4756.10,1393.21,0.00,37194.34,14.40,3352.68,1800.00,33091.70,0,None,SYNTHETIC
SIM-01415,20260115,1,5,6,Sea,Sea,1120.44,2026-02-11,2026-02-11,63550.05,5331.85,1850.02,0.00,70731.92,51.20,6883.98,1800.00,66050.51,0,None,SYNTHETIC
SIM-01416,20260116,10,5,7,Sea,Sea,3857.41,2026-02-09,2026-02-09,94523.62,9934.43,2412.03,0.00,106870.08,25.60,11849.96,1800.00,112399.66,0,None,SYNTHETIC
SIM-01417,20260116,10,2,1,Road,Road,5970.14,2026-01-21,2026-01-28,114053.10,11519.36,2723.56,0.00,128296.02,18.00,12895.50,1800.00,122158.02,0,Weather,SYNTHETIC
SIM-01418,20260116,4,3,4,Road,Road,1611.12,2026-01-21,2026-01-21,26029.59,3927.87,1629.34,0.00,31586.80,14.40,2784.02,1800.00,27784.15,0,None,SYNTHETIC
SIM-01419,20260116,12,2,8,Sea,Air,209.06,2026-02-09,2026-01-20,41776.37,5765.14,1741.90,6838.79,56122.20,28.80,722.51,1800.00,8543.44,1,None,SYNTHETIC
SIM-01420,20260117,11,4,8,Sea,Air,379.19,2026-02-10,2026-01-21,70647.51,9643.39,1237.93,10427.57,91956.40,28.80,1310.48,1800.00,14031.15,1,None,SYNTHETIC
SIM-01421,20260117,11,5,4,Road,Road,3456.36,2026-01-22,2026-01-22,43814.22,6081.41,2631.71,0.00,52527.34,14.40,5972.59,1800.00,57544.17,0,None,SYNTHETIC
SIM-01422,20260117,4,2,8,Air,Air,202.90,2026-01-21,2026-01-20,37573.32,3344.03,2594.12,0.00,43511.47,189.00,4601.77,1800.00,44749.87,0,None,SYNTHETIC
SIM-01423,20260117,8,5,1,Road,Road,730.24,2026-01-22,2026-01-21,11558.04,1678.23,2228.09,0.00,15464.36,18.00,1577.32,1800.00,16521.64,0,None,SYNTHETIC
SIM-01424,20260117,2,5,5,Sea,Sea,1400.90,2026-02-10,2026-02-09,57080.60,5023.09,2103.08,0.00,64206.77,38.40,6455.35,1800.00,62049.91,0,None,SYNTHETIC
SIM-01425,20260117,8,2,7,Sea,Air,854.65,2026-02-10,2026-01-26,158608.23,24267.06,1796.10,15527.75,200199.14,25.60,2625.48,1800.00,26304.52,1,None,SYNTHETIC
SIM-01426,20260117,12,2,4,Road,Road,2949.32,2026-01-22,2026-01-28,46632.97,5740.52,1516.17,0.00,53889.66,14.40,5096.43,1800.00,49366.64,0,Documentation,SYNTHETIC
SIM-01427,20260117,5,3,3,Road,Road,3094.66,2026-01-22,2026-01-19,63926.40,7632.81,1453.02,10573.43,83585.66,19.80,7352.91,1800.00,70427.18,1,None,SYNTHETIC
SIM-01428,20260117,1,5,7,Air,Air,124.05,2026-01-21,2026-01-22,18393.63,2560.39,1175.75,0.00,22129.77,168.00,2500.85,1800.00,25141.25,0,Documentation,SYNTHETIC
SIM-01429,20260118,3,1,5,Sea,Sea,3553.39,2026-02-11,2026-02-11,128344.03,10857.90,1107.09,0.00,140309.02,38.40,16374.02,1800.00,154624.20,0,None,SYNTHETIC
SIM-01430,20260118,1,5,2,Road,Road,1963.88,2026-01-23,2026-01-20,43702.09,6476.65,1187.30,7403.13,58769.17,25.20,5938.77,1800.00,57228.55,1,None,SYNTHETIC
SIM-01431,20260118,10,1,3,Road,Road,2757.82,2026-01-23,2026-01-30,57485.03,7605.27,2107.38,0.00,67197.68,19.80,6552.58,1800.00,62957.42,0,Capacity constraint,SYNTHETIC
SIM-01432,20260118,10,2,7,Sea,Sea,3280.43,2026-02-11,2026-02-10,84491.72,11262.75,2002.90,0.00,97757.37,25.60,10077.48,1800.00,95856.49,0,None,SYNTHETIC
SIM-01433,20260118,6,3,8,Air,Air,457.10,2026-01-22,2026-01-29,91917.12,14991.68,1516.88,0.00,108425.68,189.00,10367.03,1800.00,98558.93,0,Capacity constraint,SYNTHETIC
SIM-01434,20260119,2,1,7,Sea,Sea,4626.19,2026-02-12,2026-02-12,101831.64,11710.64,1158.51,0.00,114700.79,25.60,14211.66,1800.00,134442.12,0,None,SYNTHETIC
SIM-01435,20260119,11,1,1,Road,Road,2212.48,2026-01-24,2026-01-24,38681.70,6134.92,1175.33,0.00,45991.95,18.00,4778.96,1800.00,46403.60,0,None,SYNTHETIC
SIM-01436,20260119,9,3,6,Sea,Sea,1636.71,2026-02-15,2026-02-14,83915.38,11202.70,2747.89,0.00,97865.97,51.20,10055.95,1800.00,95655.50,0,None,SYNTHETIC
SIM-01437,20260119,8,1,1,Road,Road,881.95,2026-01-24,2026-01-24,13631.16,1979.24,2029.39,0.00,17639.79,18.00,1905.01,1800.00,19580.11,0,None,SYNTHETIC
SIM-01438,20260120,7,1,4,Road,Road,3837.61,2026-01-25,2026-01-24,53708.58,7422.53,1114.44,0.00,62245.55,14.40,6631.39,1800.00,63692.97,0,None,SYNTHETIC
SIM-01439,20260120,2,3,6,Sea,Sea,971.63,2026-02-16,2026-02-16,46909.42,4597.12,2704.26,0.00,54210.80,51.20,5969.70,1800.00,57517.16,0,None,SYNTHETIC
SIM-01440,20260120,12,1,6,Air,Air,660.24,2026-01-27,2026-01-28,223298.20,30547.19,1756.97,0.00,255602.36,336.00,26620.88,1800.00,250261.52,0,Capacity constraint,SYNTHETIC
SIM-01441,20260121,2,4,4,Road,Road,5262.74,2026-01-26,2026-01-25,87582.60,7278.11,2719.25,0.00,97579.96,14.40,9094.02,1800.00,86677.48,0,None,SYNTHETIC
SIM-01442,20260121,2,5,2,Road,Road,1697.46,2026-01-26,2026-01-26,37782.54,5977.20,1983.69,0.00,45743.43,25.20,5133.12,1800.00,49709.11,0,None,SYNTHETIC
SIM-01443,20260121,9,2,1,Road,Road,3678.50,2026-01-26,2026-01-25,66324.20,7494.63,1622.48,0.00,75441.31,18.00,7945.56,1800.00,75958.56,0,None,SYNTHETIC
SIM-01444,20260122,2,5,7,Sea,Sea,1033.25,2026-02-15,2026-02-15,24158.22,2256.38,2624.79,0.00,29039.39,25.60,3174.14,1800.00,31425.34,0,None,SYNTHETIC
SIM-01445,20260122,1,1,3,Road,Road,2824.26,2026-01-27,2026-01-27,48600.19,7450.41,2470.10,0.00,58520.70,19.80,6710.44,1800.00,64430.79,0,None,SYNTHETIC
SIM-01446,20260123,12,2,8,Sea,Sea,3954.26,2026-02-16,2026-02-16,120608.15,15582.57,2069.13,0.00,138259.85,28.80,13665.92,1800.00,129348.61,0,None,SYNTHETIC
SIM-01447,20260123,3,4,5,Sea,Air,696.00,2026-02-16,2026-01-30,188004.35,17898.01,1946.63,14043.92,221892.91,38.40,3207.17,1800.00,31733.57,1,None,SYNTHETIC
SIM-01448,20260123,6,2,2,Road,Road,2214.82,2026-01-28,2026-01-28,52274.57,8620.08,2335.12,0.00,63229.77,25.20,6697.62,1800.00,64311.08,0,None,SYNTHETIC
SIM-01449,20260124,4,2,8,Sea,Sea,2933.52,2026-02-17,2026-02-17,92908.39,15580.74,2127.92,0.00,110617.05,28.80,10138.25,1800.00,96423.63,0,None,SYNTHETIC
SIM-01450,20260124,10,5,7,Sea,Sea,1235.14,2026-02-17,2026-02-24,32593.05,4426.14,2754.31,0.00,39773.50,25.60,3794.35,1800.00,37213.93,0,Documentation,SYNTHETIC
SIM-01451,20260124,11,5,8,Air,Air,134.19,2026-01-28,2026-01-28,24627.95,2886.40,2886.35,0.00,30400.70,189.00,3043.43,1800.00,30205.34,0,None,SYNTHETIC
SIM-01452,20260124,6,5,5,Air,Air,777.24,2026-01-28,2026-01-28,207925.94,23017.40,2613.88,0.00,233557.22,252.00,23503.74,1800.00,221168.22,0,None,SYNTHETIC
SIM-01453,20260125,12,1,6,Sea,Air,611.52,2026-02-21,2026-02-01,175580.18,23106.35,1627.23,12852.47,213166.23,51.20,3757.18,1800.00,36867.00,1,None,SYNTHETIC
SIM-01454,20260125,9,3,3,Road,Road,5830.49,2026-01-30,2026-02-03,117680.55,11944.58,1624.66,0.00,131249.79,19.80,13853.24,1800.00,131096.94,0,Documentation,SYNTHETIC
SIM-01455,20260125,11,3,8,Sea,Sea,4559.84,2026-02-18,2026-02-17,124441.15,19960.36,1223.50,0.00,145625.01,28.80,15758.81,1800.00,148882.20,0,None,SYNTHETIC
SIM-01456,20260125,4,1,6,Sea,Sea,4736.39,2026-02-21,2026-02-20,212818.37,25304.10,2637.46,0.00,240759.93,51.20,29100.38,1800.00,273403.55,0,None,SYNTHETIC
SIM-01457,20260127,6,1,6,Sea,Sea,3220.93,2026-02-23,2026-02-26,157818.33,17675.65,2818.46,0.00,178312.44,51.20,19789.39,1800.00,186501.01,0,Weather,SYNTHETIC
SIM-01458,20260127,2,1,6,Air,Air,666.13,2026-02-03,2026-02-03,236793.31,24105.56,2813.73,0.00,263712.60,336.00,26858.36,1800.00,252478.04,0,None,SYNTHETIC
SIM-01459,20260128,5,5,2,Road,Road,1928.49,2026-02-02,2026-02-01,51013.70,5555.39,2393.53,0.00,58962.62,25.20,5831.75,1800.00,56229.70,0,None,SYNTHETIC
SIM-01460,20260128,8,1,7,Sea,Sea,606.00,2026-02-21,2026-02-27,13661.24,1434.43,2362.63,0.00,17458.30,25.60,1861.63,1800.00,19175.23,0,Documentation,SYNTHETIC
SIM-01461,20260128,1,3,5,Sea,Air,568.16,2026-02-21,2026-02-04,167189.89,17922.76,1920.71,17454.62,204487.98,38.40,2618.08,1800.00,26235.42,1,None,SYNTHETIC
SIM-01462,20260128,5,1,5,Air,Air,251.38,2026-02-01,2026-02-01,68230.45,7525.82,1914.81,0.00,77671.08,252.00,7601.73,1800.00,72749.49,0,None,SYNTHETIC
SIM-01463,20260128,12,3,1,Road,Road,5415.00,2026-02-02,2026-02-02,103795.99,11417.56,2542.10,0.00,117755.65,18.00,11696.40,1800.00,110966.40,0,None,SYNTHETIC
SIM-01464,20260128,12,4,2,Road,Road,3643.53,2026-02-02,2026-02-03,104813.77,11435.18,2501.52,0.00,118750.47,25.20,11018.04,1800.00,104635.00,0,Weather,SYNTHETIC
SIM-01465,20260129,8,3,6,Sea,Sea,5412.86,2026-02-25,2026-02-25,269037.44,37961.18,2323.39,0.00,309322.01,51.20,33256.61,1800.00,312195.04,0,None,SYNTHETIC
SIM-01466,20260129,6,1,3,Road,Road,4345.52,2026-02-03,2026-02-07,74348.51,10602.10,1752.51,0.00,86703.12,19.80,10324.96,1800.00,98166.26,0,Capacity constraint,SYNTHETIC
SIM-01467,20260129,10,1,8,Sea,Sea,5397.42,2026-02-22,2026-02-26,135567.33,19548.81,1407.13,0.00,156523.27,28.80,18653.48,1800.00,175899.18,0,Capacity constraint,SYNTHETIC
SIM-01468,20260129,9,2,1,Road,Road,5717.39,2026-02-03,2026-02-02,104434.84,10579.25,2588.15,0.00,117602.24,18.00,12349.56,1800.00,117062.58,0,None,SYNTHETIC
SIM-01469,20260129,2,5,6,Sea,Air,456.37,2026-02-25,2026-02-05,152281.80,17268.76,1250.46,12167.32,182968.34,51.20,2803.94,1800.00,27970.08,1,None,SYNTHETIC
SIM-01470,20260129,11,1,2,Road,Road,1758.28,2026-02-03,2026-02-09,46502.55,4231.73,1981.14,0.00,52715.42,25.20,5317.04,1800.00,51425.70,0,Documentation,SYNTHETIC
SIM-01471,20260130,1,4,5,Air,Air,327.60,2026-02-03,2026-02-03,90176.09,10830.15,2426.37,0.00,103432.61,252.00,9906.62,1800.00,94261.82,0,None,SYNTHETIC
SIM-01472,20260130,5,2,8,Sea,Sea,4436.40,2026-02-23,2026-02-23,114669.91,14563.08,2024.96,0.00,131257.95,28.80,15332.20,1800.00,144900.52,0,None,SYNTHETIC
SIM-01473,20260130,3,1,8,Sea,Sea,4835.15,2026-02-23,2026-02-23,130405.11,20499.68,2697.61,0.00,153602.40,28.80,16710.28,1800.00,157762.60,0,None,SYNTHETIC
SIM-01474,20260131,2,1,7,Sea,Sea,1297.10,2026-02-24,2026-02-23,35107.82,4395.50,1395.35,0.00,40898.67,25.60,3984.69,1800.00,38990.45,0,None,SYNTHETIC
SIM-01475,20260131,9,3,5,Air,Air,149.10,2026-02-04,2026-02-03,40730.78,5307.22,1795.31,0.00,47833.31,252.00,4508.78,1800.00,43881.98,0,None,SYNTHETIC
SIM-01476,20260131,11,4,7,Sea,Sea,2968.29,2026-02-24,2026-02-23,80166.30,12401.73,1860.12,0.00,94428.15,25.60,9118.59,1800.00,86906.81,0,None,SYNTHETIC
SIM-01477,20260201,7,1,6,Sea,Sea,1757.75,2026-02-28,2026-03-06,77394.97,12592.16,2211.05,0.00,92198.18,51.20,10799.62,1800.00,102596.42,0,Documentation,SYNTHETIC
SIM-01478,20260201,9,2,8,Sea,Sea,3714.03,2026-02-25,2026-02-24,96456.76,11246.86,2148.81,0.00,109852.43,28.80,12835.69,1800.00,121599.75,0,None,SYNTHETIC
SIM-01479,20260201,3,5,5,Sea,Sea,2107.54,2026-02-25,2026-02-25,87229.38,14488.80,1768.36,0.00,103486.54,38.40,9711.54,1800.00,92441.08,0,None,SYNTHETIC
SIM-01480,20260201,9,5,5,Sea,Sea,928.27,2026-02-25,2026-02-27,39220.64,6016.45,1405.41,0.00,46642.50,38.40,4277.47,1800.00,41723.04,0,Documentation,SYNTHETIC
SIM-01481,20260202,5,1,8,Sea,Sea,3837.46,2026-02-26,2026-02-26,113565.12,12049.26,1998.44,0.00,127612.82,28.80,13262.26,1800.00,125581.11,0,None,SYNTHETIC
SIM-01482,20260202,7,1,1,Road,Road,5119.62,2026-02-07,2026-02-06,85460.81,9657.07,2807.68,0.00,97925.56,18.00,11058.38,1800.00,105011.54,0,None,SYNTHETIC
SIM-01483,20260202,6,1,3,Road,Road,3075.54,2026-02-07,2026-02-13,54266.78,6001.91,1682.13,0.00,61950.82,19.80,7307.48,1800.00,70003.17,0,Documentation,SYNTHETIC
SIM-01484,20260203,2,2,3,Road,Road,4093.26,2026-02-08,2026-02-08,72812.98,9960.82,2869.07,0.00,85642.87,19.80,9725.59,1800.00,92572.14,0,None,SYNTHETIC
SIM-01485,20260203,4,2,2,Road,Road,4467.43,2026-02-08,2026-02-08,123549.56,16073.80,1305.04,0.00,140928.40,25.20,13509.51,1800.00,127888.75,0,None,SYNTHETIC
SIM-01486,20260203,10,1,1,Road,Road,5976.45,2026-02-08,2026-02-08,103526.15,13272.05,2692.50,0.00,119490.70,18.00,12909.13,1800.00,122285.23,0,None,SYNTHETIC
SIM-01487,20260203,9,2,7,Sea,Sea,3164.01,2026-02-27,2026-02-27,90380.88,9453.84,2400.45,0.00,102235.17,25.60,9719.84,1800.00,92518.50,0,None,SYNTHETIC
SIM-01488,20260203,6,1,3,Road,Road,1474.63,2026-02-08,2026-02-08,29484.12,4968.07,1424.73,0.00,35876.92,19.80,3503.72,1800.00,34501.39,0,None,SYNTHETIC
SIM-01489,20260204,12,2,4,Road,Road,624.77,2026-02-09,2026-02-09,8590.07,899.38,2654.45,0.00,12143.90,14.40,1079.60,1800.00,11876.29,0,None,SYNTHETIC
SIM-01490,20260204,1,3,7,Sea,Sea,2967.74,2026-02-28,2026-02-28,82896.32,7485.54,1617.03,0.00,91998.89,25.60,9116.90,1800.00,86891.04,0,None,SYNTHETIC
SIM-01491,20260204,10,3,6,Sea,Sea,2958.28,2026-03-03,2026-03-02,153041.02,16360.09,2296.82,0.00,171697.93,51.20,18175.67,1800.00,171439.61,0,None,SYNTHETIC
SIM-01492,20260204,1,5,7,Air,Air,711.51,2026-02-08,2026-02-08,109739.38,12367.63,2416.29,0.00,124523.30,168.00,14344.04,1800.00,135677.72,0,None,SYNTHETIC
SIM-01493,20260205,11,2,4,Road,Road,2261.19,2026-02-10,2026-02-12,29942.67,4428.52,1958.09,0.00,36329.28,14.40,3907.34,1800.00,38268.48,0,Documentation,SYNTHETIC
SIM-01494,20260205,10,4,1,Road,Road,3539.63,2026-02-10,2026-02-09,66787.55,10893.05,1438.15,0.00,79118.75,18.00,7645.60,1800.00,73158.94,0,None,SYNTHETIC
SIM-01495,20260205,6,2,4,Road,Road,3669.04,2026-02-10,2026-02-10,59423.90,9234.47,1554.19,0.00,70212.56,14.40,6340.10,1800.00,60974.28,0,None,SYNTHETIC
SIM-01496,20260205,1,5,7,Sea,Sea,3389.54,2026-03-01,2026-02-28,84689.36,13448.67,2874.42,0.00,101012.45,25.60,10412.67,1800.00,98984.89,0,None,SYNTHETIC
SIM-01497,20260205,9,2,5,Sea,Sea,5643.22,2026-03-01,2026-03-01,194325.72,22638.95,2876.04,0.00,219840.71,38.40,26003.96,1800.00,244503.61,0,None,SYNTHETIC
SIM-01498,20260205,5,3,6,Sea,Air,379.32,2026-03-04,2026-02-11,139610.83,20090.00,1410.51,12509.13,173620.47,51.20,2330.54,1800.00,23551.72,1,None,SYNTHETIC
SIM-01499,20260206,9,3,3,Road,Road,2680.94,2026-02-11,2026-02-16,50771.94,5407.21,1398.15,0.00,57577.30,19.80,6369.91,1800.00,61252.52,0,Weather,SYNTHETIC
SIM-01500,20260206,5,5,4,Road,Road,1826.69,2026-02-11,2026-02-10,24010.34,2739.58,1255.47,0.00,28005.39,14.40,3156.52,1800.00,31260.86,0,None,SYNTHETIC
SIM-01501,20260206,6,2,5,Sea,Sea,2138.11,2026-03-02,2026-03-09,93088.69,8052.17,1377.44,0.00,102518.30,38.40,9852.41,1800.00,93755.83,0,Capacity constraint,SYNTHETIC
SIM-01502,20260206,7,5,4,Road,Road,3796.45,2026-02-11,2026-02-11,48703.98,8036.16,1869.56,0.00,58609.70,14.40,6560.27,1800.00,63029.15,0,None,SYNTHETIC
SIM-01503,20260206,3,3,6,Sea,Air,610.84,2026-03-05,2026-02-18,237114.94,35875.49,2780.14,15697.01,291467.58,51.20,3753.00,1800.00,36828.01,1,None,SYNTHETIC
SIM-01504,20260206,2,3,2,Road,Road,5172.71,2026-02-11,2026-02-10,124298.17,15015.22,1351.89,0.00,140665.28,25.20,15642.27,1800.00,147794.56,0,None,SYNTHETIC
SIM-01505,20260206,9,1,1,Road,Road,3332.65,2026-02-11,2026-02-10,59863.03,5369.71,1632.41,0.00,66865.15,18.00,7198.52,1800.00,68986.22,0,None,SYNTHETIC
SIM-01506,20260206,4,1,2,Road,Road,4991.00,2026-02-11,2026-02-11,111520.43,13828.53,2725.02,0.00,128073.98,25.20,15092.78,1800.00,142665.98,0,None,SYNTHETIC
SIM-01507,20260206,1,4,2,Road,Road,4471.70,2026-02-11,2026-02-11,118140.81,14543.13,1473.91,0.00,134157.85,25.20,13522.42,1800.00,128009.26,0,None,SYNTHETIC
SIM-01508,20260207,11,4,1,Road,Road,2483.09,2026-02-12,2026-02-11,47571.23,4585.87,2221.02,0.00,54378.12,18.00,5363.47,1800.00,51859.09,0,None,SYNTHETIC
SIM-01509,20260207,6,4,4,Road,Road,5197.46,2026-02-12,2026-02-12,80684.45,7907.08,2757.37,0.00,91348.90,14.40,8981.21,1800.00,85624.63,0,None,SYNTHETIC
SIM-01510,20260207,7,3,7,Sea,Sea,4905.04,2026-03-03,2026-03-02,147287.91,13977.62,1294.90,0.00,162560.43,25.60,15068.28,1800.00,142437.30,0,None,SYNTHETIC
SIM-01511,20260207,3,1,1,Road,Road,5907.13,2026-02-12,2026-02-10,95065.50,15913.96,1461.99,14896.76,127338.21,18.00,12759.40,1800.00,120887.74,1,None,SYNTHETIC
SIM-01512,20260207,4,2,8,Sea,Sea,3698.20,2026-03-03,2026-03-02,115884.64,12643.01,1994.88,0.00,130522.53,28.80,12780.98,1800.00,121089.14,0,None,SYNTHETIC
SIM-01513,20260208,8,1,2,Road,Road,4900.43,2026-02-13,2026-02-20,118951.50,16082.24,2715.55,0.00,137749.29,25.20,14818.90,1800.00,140109.74,0,Documentation,SYNTHETIC
SIM-01514,20260208,7,1,7,Sea,Sea,3985.70,2026-03-04,2026-03-04,94214.65,8290.89,2268.20,0.00,104773.74,25.60,12244.07,1800.00,116077.99,0,None,SYNTHETIC
SIM-01515,20260208,12,1,8,Sea,Sea,514.63,2026-03-04,2026-03-07,14362.68,2318.14,1878.08,0.00,18558.90,28.80,1778.56,1800.00,18399.90,0,Weather,SYNTHETIC
SIM-01516,20260208,5,3,3,Road,Road,873.49,2026-02-13,2026-02-13,18227.83,1660.56,2293.01,0.00,22181.40,19.80,2075.41,1800.00,21170.51,0,None,SYNTHETIC
SIM-01517,20260209,7,3,5,Air,Air,887.24,2026-02-13,2026-02-15,221533.95,26650.53,1776.00,0.00,249960.48,252.00,26830.14,1800.00,252214.62,0,Capacity constraint,SYNTHETIC
SIM-01518,20260209,7,5,5,Sea,Sea,4581.94,2026-03-05,2026-03-05,190067.74,24765.83,2416.71,0.00,217250.28,38.40,21113.58,1800.00,198860.08,0,None,SYNTHETIC
SIM-01519,20260209,6,5,8,Sea,Sea,1959.19,2026-03-05,2026-03-04,53130.01,8192.65,2099.73,0.00,63422.39,28.80,6770.96,1800.00,64995.63,0,None,SYNTHETIC
SIM-01520,20260209,7,2,7,Sea,Sea,714.01,2026-03-05,2026-03-05,16359.11,1806.05,1657.72,0.00,19822.88,25.60,2193.44,1800.00,22272.10,0,None,SYNTHETIC
SIM-01521,20260209,12,5,7,Sea,Sea,810.93,2026-03-05,2026-03-05,19340.32,1622.65,2050.32,0.00,23013.29,25.60,2491.18,1800.00,25050.99,0,None,SYNTHETIC
SIM-01522,20260210,5,4,1,Road,Road,1942.44,2026-02-15,2026-02-17,39895.60,3634.49,1427.25,0.00,44957.34,18.00,4195.67,1800.00,40959.59,0,Documentation,SYNTHETIC
SIM-01523,20260210,2,5,2,Road,Road,3621.06,2026-02-15,2026-02-15,100384.72,10670.90,2060.62,0.00,113116.24,25.20,10950.09,1800.00,104000.80,0,None,SYNTHETIC
SIM-01524,20260210,3,3,1,Road,Road,626.61,2026-02-15,2026-02-15,10491.46,1549.59,1203.03,0.00,13244.08,18.00,1353.48,1800.00,14432.46,0,None,SYNTHETIC
SIM-01525,20260211,8,2,4,Road,Road,2568.17,2026-02-16,2026-02-16,39295.98,4271.47,1481.08,0.00,45048.53,14.40,4437.80,1800.00,43219.45,0,None,SYNTHETIC
SIM-01526,20260211,6,3,4,Road,Road,2979.42,2026-02-16,2026-02-16,48681.42,6567.12,2833.86,0.00,58082.40,14.40,5148.44,1800.00,49852.09,0,None,SYNTHETIC
SIM-01527,20260211,5,1,5,Sea,Sea,5258.93,2026-03-07,2026-03-14,218035.12,29129.49,1709.46,0.00,248874.07,38.40,24233.15,1800.00,227976.06,0,Documentation,SYNTHETIC
SIM-01528,20260211,12,1,1,Road,Road,1766.96,2026-02-16,2026-02-18,34274.61,5812.97,2242.92,0.00,42330.50,18.00,3816.63,1800.00,37421.91,0,Documentation,SYNTHETIC
SIM-01529,20260211,11,2,2,Road,Road,1142.23,2026-02-16,2026-02-23,29387.13,4093.63,2729.06,0.00,36209.82,25.20,3454.10,1800.00,34038.30,0,Capacity constraint,SYNTHETIC
SIM-01530,20260211,7,1,2,Road,Road,3817.06,2026-02-16,2026-02-16,84079.09,9820.44,1579.16,0.00,95478.69,25.20,11542.79,1800.00,109532.70,0,None,SYNTHETIC
SIM-01531,20260212,3,4,8,Air,Air,469.06,2026-02-16,2026-02-16,94131.18,10410.91,2371.74,0.00,106913.83,189.00,10638.28,1800.00,101090.62,0,None,SYNTHETIC
SIM-01532,20260212,9,5,7,Sea,Sea,5028.42,2026-03-08,2026-03-08,125180.85,20304.33,2695.32,0.00,148180.50,25.60,15447.31,1800.00,145974.86,0,None,SYNTHETIC
SIM-01533,20260212,6,2,4,Road,Road,5587.33,2026-02-17,2026-02-16,75454.99,11167.34,2341.94,0.00,88964.27,14.40,9654.91,1800.00,91912.46,0,None,SYNTHETIC
SIM-01534,20260212,11,4,1,Road,Road,4608.43,2026-02-17,2026-02-22,91377.02,8525.48,2734.97,0.00,102637.47,18.00,9954.21,1800.00,94705.95,0,Weather,SYNTHETIC
SIM-01535,20260213,1,5,6,Air,Air,682.39,2026-02-20,2026-02-20,251760.97,27039.13,2013.92,0.00,280814.02,336.00,27513.96,1800.00,258597.00,0,None,SYNTHETIC
SIM-01536,20260213,5,1,3,Road,Road,868.91,2026-02-18,2026-02-18,16811.02,2153.49,1550.98,0.00,20515.49,19.80,2064.53,1800.00,21068.95,0,None,SYNTHETIC
SIM-01537,20260213,8,5,3,Road,Road,928.26,2026-02-18,2026-02-18,16566.90,2614.26,1892.58,0.00,21073.74,19.80,2205.55,1800.00,22385.10,0,None,SYNTHETIC
SIM-01538,20260213,11,5,3,Road,Road,5711.55,2026-02-18,2026-02-21,101429.48,10183.52,1749.70,0.00,113362.70,19.80,13570.64,1800.00,128459.33,0,Capacity constraint,SYNTHETIC
SIM-01539,20260213,1,4,6,Sea,Sea,4387.38,2026-03-12,2026-03-17,243412.37,40747.23,2364.67,0.00,286524.27,51.20,26956.06,1800.00,253389.92,0,Capacity constraint,SYNTHETIC
SIM-01540,20260213,8,5,6,Sea,Sea,4370.60,2026-03-12,2026-03-13,222143.79,20703.80,1331.34,0.00,244178.93,51.20,26852.97,1800.00,252427.69,0,Documentation,SYNTHETIC
SIM-01541,20260213,5,1,3,Road,Road,4560.53,2026-02-18,2026-02-16,96458.11,11497.81,2022.07,8922.38,118900.37,19.80,10835.82,1800.00,102934.31,1,None,SYNTHETIC
SIM-01542,20260213,7,5,5,Sea,Sea,2944.05,2026-03-09,2026-03-08,123701.75,20126.27,1668.95,0.00,145496.97,38.40,13566.18,1800.00,128417.70,0,None,SYNTHETIC
SIM-01543,20260213,2,4,4,Road,Road,2260.72,2026-02-18,2026-02-18,39372.45,3527.77,1153.89,0.00,44054.11,14.40,3906.52,1800.00,38260.89,0,None,SYNTHETIC
SIM-01544,20260213,1,5,3,Road,Road,3238.57,2026-02-18,2026-02-17,68096.52,9642.47,2897.03,0.00,80636.02,19.80,7694.84,1800.00,73618.53,0,None,SYNTHETIC
SIM-01545,20260213,10,4,5,Sea,Sea,5654.19,2026-03-09,2026-03-08,266420.24,26428.89,2119.67,0.00,294968.80,38.40,26054.51,1800.00,244975.41,0,None,SYNTHETIC
SIM-01546,20260214,10,4,3,Road,Road,5651.57,2026-02-19,2026-02-18,122409.49,18361.42,1650.44,0.00,142421.35,19.80,13428.13,1800.00,127129.22,0,None,SYNTHETIC
SIM-01547,20260214,3,3,7,Air,Air,588.93,2026-02-18,2026-02-19,98963.94,14023.19,2657.55,12726.76,128371.44,168.00,11872.83,1800.00,112613.07,1,Documentation,SYNTHETIC
SIM-01548,20260214,10,3,7,Sea,Sea,1697.81,2026-03-10,2026-03-10,47133.68,4152.48,2764.01,0.00,54050.17,25.60,5215.67,1800.00,50479.61,0,None,SYNTHETIC
SIM-01549,20260214,4,2,1,Road,Road,4286.95,2026-02-19,2026-02-19,86825.01,8882.20,1690.94,0.00,97398.15,18.00,9259.81,1800.00,88224.91,0,None,SYNTHETIC
SIM-01550,20260214,4,1,5,Air,Air,546.69,2026-02-18,2026-02-18,128715.34,11455.67,2140.20,0.00,142311.21,252.00,16531.91,1800.00,156097.79,0,None,SYNTHETIC
SIM-01551,20260214,7,2,5,Air,Air,452.50,2026-02-18,2026-02-18,108769.19,16717.82,1419.05,0.00,126906.06,252.00,13683.60,1800.00,129513.60,0,None,SYNTHETIC
SIM-01552,20260215,1,2,6,Sea,Sea,3798.87,2026-03-14,2026-03-14,190934.62,20162.70,2501.83,0.00,213599.15,51.20,23340.26,1800.00,219642.40,0,None,SYNTHETIC
SIM-01553,20260215,1,2,8,Sea,Air,315.95,2026-03-11,2026-02-22,59909.19,8710.80,1311.68,6991.40,76923.07,28.80,1091.92,1800.00,11991.28,1,None,SYNTHETIC
SIM-01554,20260215,3,3,4,Road,Road,4045.70,2026-02-20,2026-02-23,57122.08,9539.39,1960.57,0.00,68622.04,14.40,6990.97,1800.00,67049.05,0,Weather,SYNTHETIC
SIM-01555,20260215,3,5,2,Road,Road,4185.52,2026-02-20,2026-02-19,108002.31,17172.37,1667.64,0.00,126842.32,25.20,12657.01,1800.00,119932.11,0,None,SYNTHETIC
SIM-01556,20260215,12,3,7,Air,Air,387.36,2026-02-19,2026-02-17,62136.08,6064.48,1507.46,5542.54,75250.56,168.00,7809.18,1800.00,74685.66,1,None,SYNTHETIC
SIM-01557,20260215,1,1,6,Sea,Sea,5711.12,2026-03-14,2026-03-14,265295.15,30959.94,2259.83,0.00,298514.92,51.20,35089.12,1800.00,329298.46,0,None,SYNTHETIC
SIM-01558,20260216,11,1,2,Road,Road,2415.34,2026-02-21,2026-02-20,65720.73,7459.30,1680.37,0.00,74860.40,25.20,7303.99,1800.00,69970.56,0,None,SYNTHETIC
SIM-01559,20260216,8,5,3,Road,Road,5292.78,2026-02-21,2026-02-21,102864.00,16108.50,2190.83,0.00,121163.33,19.80,12575.64,1800.00,119172.68,0,None,SYNTHETIC
SIM-01560,20260216,6,2,4,Road,Road,3506.17,2026-02-21,2026-02-21,47147.60,7949.09,2894.97,0.00,57991.66,14.40,6058.66,1800.00,58347.51,0,None,SYNTHETIC
SIM-01561,20260216,3,2,2,Road,Road,3385.32,2026-02-21,2026-02-21,76692.55,10476.20,1709.25,0.00,88878.00,25.20,10237.21,1800.00,97347.27,0,None,SYNTHETIC
SIM-01562,20260216,12,4,5,Sea,Sea,3330.24,2026-03-12,2026-03-11,141297.80,21406.62,1323.47,0.00,164027.89,38.40,15345.75,1800.00,145026.97,0,None,SYNTHETIC
SIM-01563,20260217,8,2,5,Air,Air,741.46,2026-02-21,2026-02-24,195616.72,21185.29,2465.52,0.00,219267.53,252.00,22421.75,1800.00,211069.67,0,Weather,SYNTHETIC
SIM-01564,20260218,1,4,6,Sea,Sea,1355.86,2026-03-17,2026-03-17,68862.12,6259.57,2825.38,0.00,77947.07,51.20,8330.40,1800.00,79550.43,0,None,SYNTHETIC
SIM-01565,20260218,10,1,5,Sea,Sea,4557.23,2026-03-14,2026-03-14,178614.38,19701.17,2332.59,0.00,200648.14,38.40,20999.72,1800.00,197797.35,0,None,SYNTHETIC
SIM-01566,20260218,9,1,8,Air,Air,522.37,2026-02-22,2026-02-22,92416.06,9786.86,2832.03,0.00,105034.95,189.00,11847.35,1800.00,112375.28,0,None,SYNTHETIC
SIM-01567,20260218,7,3,5,Sea,Sea,2951.12,2026-03-14,2026-03-14,108822.48,11807.24,2429.00,0.00,123058.72,38.40,13598.76,1800.00,128721.77,0,None,SYNTHETIC
SIM-01568,20260218,12,2,8,Sea,Sea,4646.49,2026-03-14,2026-03-13,146614.48,21435.04,2576.84,0.00,170626.36,28.80,16058.27,1800.00,151677.18,0,None,SYNTHETIC
SIM-01569,20260218,7,4,2,Road,Road,5378.06,2026-02-23,2026-02-21,135309.48,13125.02,2805.33,12637.91,163877.74,25.20,16263.25,1800.00,153590.36,1,None,SYNTHETIC
SIM-01570,20260218,10,2,6,Sea,Sea,4649.58,2026-03-17,2026-03-16,220268.20,33701.03,2399.15,0.00,256368.38,51.20,28567.02,1800.00,268425.52,0,None,SYNTHETIC
SIM-01571,20260218,12,1,8,Air,Air,750.98,2026-02-22,2026-02-22,140215.81,14344.08,1397.33,0.00,155957.22,189.00,17032.23,1800.00,160767.45,0,None,SYNTHETIC
SIM-01572,20260219,7,4,6,Sea,Sea,2113.67,2026-03-18,2026-03-21,131163.42,20645.12,2551.65,0.00,154360.19,51.20,12986.39,1800.00,123006.29,0,Documentation,SYNTHETIC
SIM-01573,20260219,11,5,3,Road,Road,5360.83,2026-02-24,2026-02-23,115640.38,15981.50,1392.25,0.00,133014.13,19.80,12737.33,1800.00,120681.76,0,None,SYNTHETIC
SIM-01574,20260219,8,5,4,Road,Road,2342.40,2026-02-24,2026-02-24,31831.34,3259.53,1547.56,0.00,36638.43,14.40,4047.67,1800.00,39578.23,0,None,SYNTHETIC
SIM-01575,20260219,5,5,5,Air,Air,669.83,2026-02-23,2026-02-23,151386.31,19165.51,1935.67,0.00,172487.49,252.00,20255.66,1800.00,190852.82,0,None,SYNTHETIC
SIM-01576,20260219,7,4,8,Sea,Sea,508.92,2026-03-15,2026-03-20,15187.82,2427.01,1919.51,0.00,19534.34,28.80,1758.83,1800.00,18215.73,0,Weather,SYNTHETIC
SIM-01577,20260219,2,5,2,Road,Road,4326.74,2026-02-24,2026-02-24,122029.32,15680.77,2042.76,0.00,139752.85,25.20,13084.06,1800.00,123917.91,0,None,SYNTHETIC
SIM-01578,20260220,9,2,1,Road,Road,4718.98,2026-02-25,2026-02-25,93991.11,10799.58,1922.63,0.00,106713.32,18.00,10193.00,1800.00,96934.64,0,None,SYNTHETIC
SIM-01579,20260220,5,1,8,Sea,Sea,2424.87,2026-03-16,2026-03-15,70493.69,8142.02,1418.83,0.00,80054.54,28.80,8380.35,1800.00,80016.61,0,None,SYNTHETIC
SIM-01580,20260220,6,2,5,Sea,Sea,2279.14,2026-03-16,2026-03-16,83641.71,12947.74,1285.27,0.00,97874.72,38.40,10502.28,1800.00,99821.26,0,None,SYNTHETIC
SIM-01581,20260220,1,5,1,Road,Road,3061.70,2026-02-25,2026-02-25,53350.87,7650.51,2102.00,0.00,63103.38,18.00,6613.27,1800.00,63523.87,0,None,SYNTHETIC
SIM-01582,20260220,5,5,5,Sea,Sea,4543.48,2026-03-16,2026-03-15,183275.82,20160.34,1741.85,0.00,205178.01,38.40,20936.36,1800.00,197205.99,0,None,SYNTHETIC
SIM-01583,20260220,5,4,5,Sea,Sea,3512.05,2026-03-16,2026-03-15,165682.66,20925.72,2667.40,0.00,189275.78,38.40,16183.53,1800.00,152846.25,0,None,SYNTHETIC
SIM-01584,20260221,9,4,3,Road,Road,4304.35,2026-02-26,2026-02-25,86565.01,10128.11,1380.83,0.00,98073.95,19.80,10227.14,1800.00,97253.27,0,None,SYNTHETIC
SIM-01585,20260221,1,5,8,Air,Air,732.59,2026-02-25,2026-02-25,122098.72,10573.75,2031.83,0.00,134704.30,189.00,16615.14,1800.00,156874.65,0,None,SYNTHETIC
SIM-01586,20260221,12,3,8,Sea,Sea,1516.35,2026-03-17,2026-03-17,51688.29,5530.65,2895.12,0.00,60114.06,28.80,5240.51,1800.00,50711.39,0,None,SYNTHETIC
SIM-01587,20260221,12,3,6,Air,Air,148.22,2026-02-28,2026-02-28,50106.91,5401.52,1433.09,0.00,56941.52,336.00,5976.23,1800.00,57578.15,0,None,SYNTHETIC
SIM-01588,20260221,3,4,5,Sea,Sea,2009.65,2026-03-17,2026-03-17,89172.34,8649.72,2410.98,0.00,100233.04,38.40,9260.47,1800.00,88231.03,0,None,SYNTHETIC
SIM-01589,20260221,11,1,5,Air,Air,214.85,2026-02-25,2026-02-25,55467.59,5258.33,2752.27,0.00,63478.19,252.00,6497.06,1800.00,62439.26,0,None,SYNTHETIC
SIM-01590,20260221,6,4,3,Road,Road,5780.21,2026-02-26,2026-02-25,127091.69,11717.85,2147.85,0.00,140957.39,19.80,13733.78,1800.00,129981.94,0,None,SYNTHETIC
SIM-01591,20260222,4,1,1,Road,Road,2069.81,2026-02-27,2026-02-27,35557.02,4561.97,2688.78,0.00,42807.77,18.00,4470.79,1800.00,43527.37,0,None,SYNTHETIC
SIM-01592,20260222,9,2,3,Road,Road,775.74,2026-02-27,2026-02-27,17131.54,1658.33,2489.05,0.00,21278.92,19.80,1843.16,1800.00,19002.81,0,None,SYNTHETIC
SIM-01593,20260222,9,3,5,Sea,Sea,5094.77,2026-03-18,2026-03-18,220199.42,28868.14,1325.73,0.00,250393.29,38.40,23476.70,1800.00,220915.87,0,None,SYNTHETIC
SIM-01594,20260222,6,4,3,Road,Road,4597.50,2026-02-27,2026-02-27,103517.54,16076.27,2034.97,0.00,121628.78,19.80,10923.66,1800.00,103754.16,0,None,SYNTHETIC
SIM-01595,20260222,7,1,3,Road,Road,4432.64,2026-02-27,2026-02-27,81784.46,6779.93,1477.04,0.00,90041.43,19.80,10531.95,1800.00,100098.22,0,None,SYNTHETIC
SIM-01596,20260222,3,2,7,Sea,Sea,2235.66,2026-03-18,2026-03-18,63293.82,6202.79,2417.55,0.00,71914.16,25.60,6867.95,1800.00,65900.85,0,None,SYNTHETIC
SIM-01597,20260223,8,5,8,Sea,Sea,1319.17,2026-03-19,2026-03-19,33289.87,2669.85,1618.90,0.00,37578.62,28.80,4559.05,1800.00,44351.15,0,None,SYNTHETIC
SIM-01598,20260223,12,3,8,Sea,Air,705.57,2026-03-19,2026-02-26,142458.51,13462.33,1820.07,24944.49,182685.40,28.80,2438.45,1800.00,24558.87,1,None,SYNTHETIC
SIM-01599,20260223,12,1,8,Air,Air,787.49,2026-02-27,2026-02-26,140923.42,22942.33,2455.44,0.00,166321.19,189.00,17860.27,1800.00,168495.88,0,None,SYNTHETIC
SIM-01600,20260223,11,1,8,Sea,Air,397.63,2026-03-19,2026-02-26,75692.39,7039.39,2153.60,10521.24,95406.62,28.80,1374.21,1800.00,14625.95,1,None,SYNTHETIC
SIM-01601,20260224,1,5,8,Sea,Sea,2590.09,2026-03-20,2026-03-20,68743.51,8111.73,1284.32,0.00,78139.56,28.80,8951.35,1800.00,85345.94,0,None,SYNTHETIC
SIM-01602,20260224,9,5,8,Air,Air,461.80,2026-02-28,2026-02-28,82326.58,9574.58,1592.43,0.00,93493.59,189.00,10473.62,1800.00,99553.82,0,None,SYNTHETIC
SIM-01603,20260225,12,2,5,Sea,Sea,1281.54,2026-03-21,2026-03-21,51938.05,4695.20,2645.64,0.00,59278.89,38.40,5905.34,1800.00,56916.48,0,None,SYNTHETIC
SIM-01604,20260225,5,1,4,Road,Road,3359.60,2026-03-02,2026-03-02,51025.39,8638.60,1528.77,0.00,61192.76,14.40,5805.39,1800.00,55983.63,0,None,SYNTHETIC
SIM-01605,20260225,5,5,2,Road,Road,4537.02,2026-03-02,2026-03-01,110441.29,13805.16,1592.33,0.00,125838.78,25.20,13719.95,1800.00,129852.85,0,None,SYNTHETIC
SIM-01606,20260225,4,1,3,Road,Road,5107.01,2026-03-02,2026-03-02,108140.98,12403.77,2185.73,0.00,122730.48,19.80,12134.26,1800.00,115053.06,0,None,SYNTHETIC
SIM-01607,20260226,11,1,7,Sea,Sea,4122.62,2026-03-22,2026-03-21,105338.34,13967.86,1919.56,0.00,121225.76,25.60,12664.69,1800.00,120003.76,0,None,SYNTHETIC
SIM-01608,20260226,1,5,2,Road,Road,548.30,2026-03-03,2026-03-03,14107.13,2351.66,2609.90,0.00,19068.69,25.20,1658.06,1800.00,17275.22,0,None,SYNTHETIC
SIM-01609,20260226,11,3,8,Sea,Air,684.61,2026-03-22,2026-03-02,153603.65,20966.90,2479.40,15037.80,192087.75,28.80,2366.01,1800.00,23882.78,1,None,SYNTHETIC
SIM-01610,20260226,3,3,5,Sea,Sea,4051.68,2026-03-22,2026-03-21,184143.38,21913.06,1821.95,0.00,207878.39,38.40,18670.14,1800.00,176054.65,0,None,SYNTHETIC
SIM-01611,20260226,12,5,6,Sea,Sea,3271.97,2026-03-25,2026-03-25,172972.06,19078.82,2460.71,0.00,194511.59,51.20,20102.98,1800.00,189427.84,0,None,SYNTHETIC
SIM-01612,20260227,6,2,2,Road,Road,5173.32,2026-03-04,2026-03-04,137327.58,14584.19,2762.72,0.00,154674.49,25.20,15644.12,1800.00,147811.78,0,None,SYNTHETIC
SIM-01613,20260227,6,3,7,Air,Air,228.88,2026-03-03,2026-03-02,42748.59,7053.52,1789.59,6121.60,57713.30,168.00,4614.22,1800.00,44866.06,1,None,SYNTHETIC
SIM-01614,20260227,9,3,5,Air,Air,369.52,2026-03-03,2026-03-03,96869.83,14036.44,2217.74,0.00,113124.01,252.00,11174.28,1800.00,106093.32,0,None,SYNTHETIC
SIM-01615,20260227,4,1,6,Sea,Sea,2188.17,2026-03-26,2026-03-26,116404.86,19486.17,1403.15,0.00,137294.18,51.20,13444.12,1800.00,127278.42,0,None,SYNTHETIC
SIM-01616,20260227,6,1,6,Air,Air,327.40,2026-03-06,2026-03-06,111654.67,12829.12,1988.93,0.00,126472.72,336.00,13200.77,1800.00,125007.17,0,None,SYNTHETIC
SIM-01617,20260227,12,3,7,Sea,Sea,4273.88,2026-03-23,2026-03-22,111119.26,11445.28,2083.64,0.00,124648.18,25.60,13129.36,1800.00,124340.69,0,None,SYNTHETIC
SIM-01618,20260228,1,3,1,Road,Road,2825.16,2026-03-05,2026-03-05,50456.61,7507.94,1710.25,0.00,59674.80,18.00,6102.35,1800.00,58755.23,0,None,SYNTHETIC
SIM-01619,20260228,12,1,2,Road,Road,544.72,2026-03-05,2026-03-05,13591.03,1970.70,2041.12,0.00,17602.85,25.20,1647.23,1800.00,17174.17,0,None,SYNTHETIC
SIM-01620,20260228,3,2,5,Sea,Sea,4548.26,2026-03-24,2026-03-23,196678.27,22578.67,1550.48,0.00,220807.42,38.40,20958.38,1800.00,197411.56,0,None,SYNTHETIC
SIM-01621,20260301,6,5,2,Road,Road,928.11,2026-03-06,2026-03-05,24304.98,4046.78,2678.70,0.00,31030.46,25.20,2806.60,1800.00,27994.97,0,None,SYNTHETIC
SIM-01622,20260301,1,1,6,Sea,Air,228.48,2026-03-28,2026-03-08,74299.09,6181.68,2701.99,7883.13,91065.89,51.20,1403.78,1800.00,14901.96,1,None,SYNTHETIC
SIM-01623,20260301,7,4,5,Sea,Sea,2257.83,2026-03-25,2026-03-24,106269.02,13804.35,2145.55,0.00,122218.92,38.40,10404.08,1800.00,98904.75,0,None,SYNTHETIC
SIM-01624,20260302,9,2,4,Road,Road,1756.89,2026-03-07,2026-03-09,24383.40,2162.81,1164.69,0.00,27710.90,14.40,3035.91,1800.00,30135.13,0,Weather,SYNTHETIC
SIM-01625,20260302,3,2,5,Sea,Sea,1716.88,2026-03-26,2026-03-26,67433.38,6419.66,1905.45,0.00,75758.49,38.40,7911.38,1800.00,75639.57,0,None,SYNTHETIC
SIM-01626,20260302,3,2,6,Sea,Sea,855.83,2026-03-29,2026-03-28,44376.77,5742.35,1997.83,0.00,52116.95,51.20,5258.22,1800.00,50876.72,0,None,SYNTHETIC
SIM-01627,20260302,10,3,4,Road,Road,3720.75,2026-03-07,2026-03-06,55051.18,7800.75,2703.04,0.00,65554.97,14.40,6429.46,1800.00,61808.26,0,None,SYNTHETIC
SIM-01628,20260303,10,3,5,Air,Air,567.33,2026-03-07,2026-03-06,157683.75,15831.45,1146.43,0.00,174661.63,252.00,17156.06,1800.00,161923.22,0,None,SYNTHETIC
SIM-01629,20260303,8,2,1,Road,Road,5364.68,2026-03-08,2026-03-08,86961.77,12374.66,2293.47,0.00,101629.90,18.00,11587.71,1800.00,109951.95,0,None,SYNTHETIC
SIM-01630,20260303,12,3,3,Road,Road,2063.53,2026-03-08,2026-03-08,47208.79,4772.81,2196.76,0.00,54178.36,19.80,4902.95,1800.00,47560.84,0,None,SYNTHETIC
SIM-01631,20260303,10,2,2,Road,Road,1352.09,2026-03-08,2026-03-06,38537.78,3514.65,1724.03,3942.41,47718.87,25.20,4088.72,1800.00,39961.39,1,None,SYNTHETIC
SIM-01632,20260303,1,3,2,Road,Road,4326.48,2026-03-08,2026-03-08,120704.59,18745.42,1957.69,0.00,141407.70,25.20,13083.28,1800.00,123910.58,0,None,SYNTHETIC
SIM-01633,20260303,4,4,6,Sea,Sea,3791.24,2026-03-30,2026-03-30,219070.79,31064.24,1613.58,0.00,251748.61,51.20,23293.38,1800.00,219204.87,0,None,SYNTHETIC
SIM-01634,20260303,9,3,6,Air,Air,302.17,2026-03-10,2026-03-10,114404.50,11348.93,2081.53,0.00,127834.96,336.00,12183.49,1800.00,115512.61,0,None,SYNTHETIC
SIM-01635,20260304,5,2,3,Road,Road,1970.32,2026-03-09,2026-03-09,43112.64,5470.99,1369.84,0.00,49953.47,19.80,4681.48,1800.00,45493.82,0,None,SYNTHETIC
SIM-01636,20260304,7,5,7,Air,Air,205.18,2026-03-08,2026-03-08,37069.98,4563.31,2058.56,0.00,43691.85,168.00,4136.43,1800.00,40406.67,0,None,SYNTHETIC
SIM-01637,20260304,11,2,5,Air,Air,242.22,2026-03-08,2026-03-11,56647.31,7352.82,1725.03,0.00,65725.16,252.00,7324.73,1800.00,70164.17,0,Capacity constraint,SYNTHETIC
SIM-01638,20260304,5,4,2,Road,Road,5878.66,2026-03-09,2026-03-14,182796.93,30618.49,2671.00,0.00,216086.42,25.20,17777.07,1800.00,167719.30,0,Documentation,SYNTHETIC
SIM-01639,20260304,6,1,7,Sea,Sea,3727.16,2026-03-28,2026-03-27,91965.94,11670.48,1107.69,0.00,104744.11,25.60,11449.84,1800.00,108665.14,0,None,SYNTHETIC
SIM-01640,20260304,4,1,5,Sea,Sea,5423.90,2026-03-28,2026-04-02,196092.42,25688.11,1643.29,0.00,223423.82,38.40,24993.33,1800.00,235071.09,0,Documentation,SYNTHETIC
SIM-01641,20260304,11,3,8,Sea,Sea,2118.91,2026-03-28,2026-03-28,63460.66,9151.03,1210.61,0.00,73822.30,28.80,7322.95,1800.00,70147.56,0,None,SYNTHETIC
SIM-01642,20260305,10,2,5,Sea,Sea,5243.04,2026-03-29,2026-03-28,206295.26,25250.54,1516.61,0.00,233062.41,38.40,24159.93,1800.00,227292.67,0,None,SYNTHETIC
SIM-01643,20260305,10,3,8,Sea,Air,775.08,2026-03-29,2026-03-09,172032.66,27697.26,1830.16,16429.12,217989.20,28.80,2678.68,1800.00,26800.98,1,None,SYNTHETIC
SIM-01644,20260305,1,1,4,Road,Road,3698.55,2026-03-10,2026-03-15,49335.83,6078.17,2343.78,0.00,57757.78,14.40,6391.09,1800.00,61450.21,0,Documentation,SYNTHETIC
SIM-01645,20260305,5,2,4,Road,Road,4079.06,2026-03-10,2026-03-08,66051.35,5885.18,2116.92,9689.73,83743.18,14.40,7048.62,1800.00,67587.08,1,None,SYNTHETIC
SIM-01646,20260305,9,3,4,Road,Road,4726.91,2026-03-10,2026-03-10,63589.36,10053.48,1220.39,0.00,74863.23,14.40,8168.10,1800.00,78035.60,0,None,SYNTHETIC
SIM-01647,20260305,2,1,6,Sea,Sea,5493.03,2026-04-01,2026-04-01,242420.17,24145.05,2423.38,0.00,268988.60,51.20,33749.18,1800.00,316792.32,0,None,SYNTHETIC
SIM-01648,20260305,12,2,4,Road,Road,4808.77,2026-03-10,2026-03-10,69351.41,6380.33,2429.46,0.00,78161.20,14.40,8309.55,1800.00,79355.84,0,None,SYNTHETIC
SIM-01649,20260305,6,4,4,Road,Road,3657.94,2026-03-10,2026-03-17,57272.08,7262.10,1424.96,0.00,65959.14,14.40,6320.92,1800.00,60795.26,0,Weather,SYNTHETIC
SIM-01650,20260305,10,2,4,Road,Road,1705.33,2026-03-10,2026-03-14,24803.08,3569.16,1863.38,0.00,30235.62,14.40,2946.81,1800.00,29303.56,0,Weather,SYNTHETIC
SIM-01651,20260306,4,5,6,Sea,Air,176.83,2026-04-02,2026-03-13,62295.45,5911.84,1666.45,6939.71,76813.45,51.20,1086.44,1800.00,11940.14,1,None,SYNTHETIC
SIM-01652,20260307,1,4,8,Sea,Sea,4816.11,2026-03-31,2026-03-31,146885.16,17053.37,2102.76,0.00,166041.29,28.80,16644.48,1800.00,157148.45,0,None,SYNTHETIC
SIM-01653,20260307,8,5,1,Road,Road,3975.80,2026-03-12,2026-03-12,63692.21,5299.19,1815.68,0.00,70807.08,18.00,8587.73,1800.00,81952.13,0,None,SYNTHETIC
SIM-01654,20260307,3,1,3,Road,Road,2614.95,2026-03-12,2026-03-10,50866.12,6856.75,2740.96,7985.98,68449.81,19.80,6213.12,1800.00,59789.13,1,None,SYNTHETIC
SIM-01655,20260307,11,4,6,Sea,Sea,5818.64,2026-04-03,2026-04-03,315043.12,44862.14,1772.91,0.00,361678.17,51.20,35749.72,1800.00,335464.09,0,None,SYNTHETIC
SIM-01656,20260307,5,2,4,Road,Road,2996.47,2026-03-12,2026-03-11,41208.11,4800.74,2730.14,4874.92,53613.91,14.40,5177.90,1800.00,50127.07,1,None,SYNTHETIC
SIM-01657,20260308,8,1,8,Sea,Sea,4649.00,2026-04-01,2026-04-01,120604.15,13760.93,2104.76,0.00,136469.84,28.80,16066.94,1800.00,151758.14,0,None,SYNTHETIC
SIM-01658,20260308,9,3,1,Road,Road,5786.47,2026-03-13,2026-03-13,110525.00,9262.00,1441.05,0.00,121228.05,18.00,12498.78,1800.00,118455.24,0,None,SYNTHETIC
SIM-01659,20260309,2,5,7,Air,Air,898.25,2026-03-13,2026-03-14,164447.56,18237.23,2278.36,0.00,184963.15,168.00,18108.72,1800.00,170814.72,0,Weather,SYNTHETIC
SIM-01660,20260309,10,4,3,Road,Road,3154.68,2026-03-14,2026-03-13,72654.03,11755.42,1812.47,0.00,86221.92,19.80,7495.52,1800.00,71758.18,0,None,SYNTHETIC
SIM-01661,20260309,12,5,7,Air,Air,683.79,2026-03-13,2026-03-12,117598.09,16346.13,2675.44,0.00,136619.66,168.00,13785.21,1800.00,130461.93,0,None,SYNTHETIC
SIM-01662,20260309,2,2,1,Road,Road,4502.30,2026-03-14,2026-03-11,80876.14,10295.53,2896.68,10853.58,104921.93,18.00,9724.97,1800.00,92566.37,1,None,SYNTHETIC
SIM-01663,20260309,5,5,5,Sea,Sea,1548.94,2026-04-02,2026-04-02,54897.46,5297.60,2255.95,0.00,62451.01,38.40,7137.52,1800.00,68416.82,0,None,SYNTHETIC
SIM-01664,20260309,4,5,8,Sea,Sea,3010.77,2026-04-02,2026-04-01,97002.44,8749.62,2846.08,0.00,108598.14,28.80,10405.22,1800.00,98915.40,0,None,SYNTHETIC
SIM-01665,20260309,12,5,6,Sea,Sea,962.07,2026-04-05,2026-04-07,46662.84,3994.34,1545.02,0.00,52202.20,51.20,5910.96,1800.00,56968.94,0,Capacity constraint,SYNTHETIC
SIM-01666,20260310,8,1,4,Road,Road,2871.51,2026-03-15,2026-03-15,42148.29,6878.60,1614.21,0.00,50641.10,14.40,4961.97,1800.00,48111.71,0,None,SYNTHETIC
SIM-01667,20260310,3,2,5,Sea,Sea,1805.22,2026-04-03,2026-04-03,66423.53,9026.96,1817.85,0.00,77268.34,38.40,8318.45,1800.00,79438.90,0,None,SYNTHETIC
SIM-01668,20260310,1,2,4,Road,Road,2361.72,2026-03-15,2026-03-15,37043.45,5156.45,2699.04,0.00,44898.94,14.40,4081.05,1800.00,39889.82,0,None,SYNTHETIC
SIM-01669,20260310,11,4,5,Sea,Sea,2001.71,2026-04-03,2026-04-03,76509.50,6289.08,1648.86,0.00,84447.44,38.40,9223.88,1800.00,87889.54,0,None,SYNTHETIC
SIM-01670,20260310,1,3,1,Road,Road,2793.50,2026-03-15,2026-03-15,55327.21,7546.63,1726.36,0.00,64600.20,18.00,6033.96,1800.00,58116.96,0,None,SYNTHETIC
SIM-01671,20260310,9,2,5,Sea,Sea,912.40,2026-04-03,2026-04-03,32665.76,4602.61,2741.92,0.00,40010.29,38.40,4204.34,1800.00,41040.50,0,None,SYNTHETIC
SIM-01672,20260310,2,1,5,Sea,Sea,5116.64,2026-04-03,2026-04-03,211969.43,34127.08,1602.79,0.00,247699.30,38.40,23577.48,1800.00,221856.46,0,None,SYNTHETIC
SIM-01673,20260311,11,1,4,Road,Road,5100.59,2026-03-16,2026-03-13,73953.86,11522.01,1615.85,13185.97,100277.69,14.40,8813.82,1800.00,84062.32,1,None,SYNTHETIC
SIM-01674,20260311,3,4,5,Air,Air,625.50,2026-03-15,2026-03-15,172707.69,25077.16,1663.23,0.00,199448.08,252.00,18915.12,1800.00,178341.12,0,None,SYNTHETIC
SIM-01675,20260311,8,1,2,Road,Road,2355.51,2026-03-16,2026-03-17,51517.15,4914.74,2542.47,0.00,58974.36,25.20,7123.06,1800.00,68281.91,0,Capacity constraint,SYNTHETIC
SIM-01676,20260311,11,1,4,Road,Road,1135.01,2026-03-16,2026-03-15,16618.41,1801.44,1987.29,1621.96,22029.10,14.40,1961.30,1800.00,20105.44,1,None,SYNTHETIC
SIM-01677,20260311,7,4,5,Sea,Sea,5046.21,2026-04-04,2026-04-04,188928.86,23200.46,2619.84,0.00,214749.16,38.40,23252.94,1800.00,218827.40,0,None,SYNTHETIC
SIM-01678,20260311,3,5,2,Road,Road,5962.61,2026-03-16,2026-03-15,132480.14,21819.48,1182.84,0.00,155482.46,25.20,18030.93,1800.00,170088.70,0,None,SYNTHETIC
SIM-01679,20260312,5,1,5,Sea,Sea,2287.16,2026-04-05,2026-04-05,75097.28,9297.04,2561.35,0.00,86955.67,38.40,10539.23,1800.00,100166.17,0,None,SYNTHETIC
SIM-01680,20260312,5,4,1,Road,Road,2560.69,2026-03-17,2026-03-17,56323.66,8426.02,1587.73,0.00,66337.41,18.00,5531.09,1800.00,53423.51,0,None,SYNTHETIC
SIM-01681,20260313,2,1,3,Road,Road,3463.07,2026-03-18,2026-03-18,60873.08,6744.74,1955.79,0.00,69573.61,19.80,8228.25,1800.00,78597.04,0,None,SYNTHETIC
SIM-01682,20260313,7,5,3,Road,Road,3927.97,2026-03-18,2026-03-18,68762.44,7357.58,1903.03,0.00,78023.05,19.80,9332.86,1800.00,88906.67,0,None,SYNTHETIC
SIM-01683,20260313,6,4,2,Road,Road,3107.21,2026-03-18,2026-03-24,86667.65,6959.41,1636.58,0.00,95263.64,25.20,9396.20,1800.00,89497.89,0,Weather,SYNTHETIC
SIM-01684,20260313,5,2,4,Road,Road,5994.04,2026-03-18,2026-03-18,91420.17,9014.03,2351.25,0.00,102785.45,14.40,10357.70,1800.00,98471.88,0,None,SYNTHETIC
SIM-01685,20260313,8,5,7,Sea,Sea,4115.99,2026-04-06,2026-04-08,105190.46,10213.99,1211.34,0.00,116615.79,25.60,12644.32,1800.00,119813.66,0,Documentation,SYNTHETIC
SIM-01686,20260314,5,4,6,Sea,Sea,1075.36,2026-04-10,2026-04-10,63550.34,8070.89,1481.99,0.00,73103.22,51.20,6607.01,1800.00,63465.44,0,None,SYNTHETIC
SIM-01687,20260314,7,4,5,Sea,Air,645.36,2026-04-07,2026-03-18,173765.32,28184.73,1278.76,25265.48,228494.29,38.40,2973.82,1800.00,29555.64,1,None,SYNTHETIC
SIM-01688,20260314,9,5,4,Road,Road,1309.44,2026-03-19,2026-03-19,17023.71,2694.85,1197.96,0.00,20916.52,14.40,2262.71,1800.00,22918.65,0,None,SYNTHETIC
SIM-01689,20260315,12,4,3,Road,Road,4947.44,2026-03-20,2026-03-20,116989.91,16320.09,1616.22,0.00,134926.22,19.80,11755.12,1800.00,111514.43,0,None,SYNTHETIC
SIM-01690,20260315,1,4,7,Air,Air,148.17,2026-03-19,2026-03-19,28717.21,2455.32,2122.12,0.00,33294.65,168.00,2987.11,1800.00,29679.67,0,None,SYNTHETIC
SIM-01691,20260315,12,1,5,Sea,Sea,2480.77,2026-04-08,2026-04-08,88477.51,13607.84,1590.08,0.00,103675.43,38.40,11431.39,1800.00,108492.96,0,None,SYNTHETIC
SIM-01692,20260316,7,2,5,Sea,Air,696.52,2026-04-09,2026-03-20,165849.78,21096.09,1490.07,21908.76,210344.70,38.40,3209.56,1800.00,31755.93,1,None,SYNTHETIC
SIM-01693,20260316,9,2,4,Road,Road,2278.98,2026-03-21,2026-03-21,31154.90,2831.98,1700.09,0.00,35686.97,14.40,3938.08,1800.00,38555.39,0,None,SYNTHETIC
SIM-01694,20260316,6,4,1,Road,Road,1695.40,2026-03-21,2026-03-20,36881.67,4274.59,2528.77,0.00,43685.03,18.00,3662.06,1800.00,35979.26,0,None,SYNTHETIC
SIM-01695,20260316,2,4,7,Sea,Sea,642.40,2026-04-09,2026-04-12,17050.90,1408.40,2031.73,0.00,20491.03,25.60,1973.45,1800.00,20218.89,0,Documentation,SYNTHETIC
SIM-01696,20260316,12,5,6,Air,Air,663.63,2026-03-23,2026-03-22,212147.95,18096.22,1774.30,0.00,232018.47,336.00,26757.56,1800.00,251537.24,0,None,SYNTHETIC
SIM-01697,20260316,3,4,1,Road,Road,3998.13,2026-03-21,2026-03-21,73916.21,10163.48,2501.11,0.00,86580.80,18.00,8635.96,1800.00,82402.30,0,None,SYNTHETIC
SIM-01698,20260316,3,3,7,Sea,Sea,1154.17,2026-04-09,2026-04-08,32273.40,4744.19,2077.24,0.00,39094.83,25.60,3545.61,1800.00,34892.36,0,None,SYNTHETIC
SIM-01699,20260316,11,1,7,Sea,Sea,1421.17,2026-04-09,2026-04-09,37088.02,6234.50,2192.57,0.00,45515.09,25.60,4365.83,1800.00,42547.78,0,None,SYNTHETIC
SIM-01700,20260317,9,2,5,Sea,Sea,5012.27,2026-04-10,2026-04-09,186336.75,25938.08,1826.75,0.00,214101.58,38.40,23096.54,1800.00,217367.71,0,None,SYNTHETIC
SIM-01701,20260317,2,4,1,Road,Road,1213.02,2026-03-22,2026-03-21,24903.08,2216.37,1944.72,0.00,29064.17,18.00,2620.12,1800.00,26254.48,0,None,SYNTHETIC
SIM-01702,20260317,4,5,3,Road,Road,1110.06,2026-03-22,2026-03-22,21193.85,1873.54,2614.34,0.00,25681.73,19.80,2637.50,1800.00,26416.69,0,None,SYNTHETIC
SIM-01703,20260317,2,2,6,Sea,Sea,3373.59,2026-04-13,2026-04-13,156987.54,23956.30,2132.40,0.00,183076.24,51.20,20727.34,1800.00,195255.15,0,None,SYNTHETIC
SIM-01704,20260317,2,1,1,Road,Road,5172.14,2026-03-22,2026-03-21,93846.69,12162.53,2711.15,0.00,108720.37,18.00,11171.82,1800.00,106070.34,0,None,SYNTHETIC
SIM-01705,20260317,1,2,3,Road,Road,5171.08,2026-03-22,2026-03-21,112906.03,10455.10,1909.18,0.00,125270.31,19.80,12286.49,1800.00,116473.87,0,None,SYNTHETIC
SIM-01706,20260318,10,1,5,Sea,Sea,4391.85,2026-04-11,2026-04-11,164614.44,25202.47,2141.79,0.00,191958.70,38.40,20237.64,1800.00,190684.68,0,None,SYNTHETIC
SIM-01707,20260318,9,2,5,Air,Air,599.39,2026-03-22,2026-03-25,148469.80,13080.19,1921.98,0.00,163471.97,252.00,18125.55,1800.00,170971.83,0,Documentation,SYNTHETIC
SIM-01708,20260318,6,5,4,Road,Road,582.08,2026-03-23,2026-03-21,8578.91,1365.76,2504.93,785.83,13235.43,14.40,1005.83,1800.00,11187.78,1,None,SYNTHETIC
SIM-01709,20260318,8,2,7,Sea,Air,236.39,2026-04-11,2026-03-25,36257.59,5725.07,2554.30,3089.15,47626.11,25.60,726.19,1800.00,8577.77,1,None,SYNTHETIC
SIM-01710,20260318,1,5,3,Road,Road,1316.56,2026-03-23,2026-03-23,27181.95,4504.05,2495.93,0.00,34181.93,19.80,3128.15,1800.00,30996.04,0,None,SYNTHETIC
SIM-01711,20260318,3,5,8,Sea,Sea,4297.47,2026-04-11,2026-04-11,126063.22,11887.76,1556.79,0.00,139507.77,28.80,14852.06,1800.00,140419.20,0,None,SYNTHETIC
SIM-01712,20260318,5,2,2,Road,Road,3879.09,2026-03-23,2026-03-23,111564.44,10174.68,1970.11,0.00,123709.23,25.20,11730.37,1800.00,111283.44,0,None,SYNTHETIC
SIM-01713,20260318,5,2,3,Road,Road,2907.94,2026-03-23,2026-03-22,60693.09,5723.36,2665.98,0.00,69082.43,19.80,6909.27,1800.00,66286.48,0,None,SYNTHETIC
SIM-01714,20260319,8,4,7,Air,Air,487.83,2026-03-23,2026-03-22,85208.71,8376.02,2306.32,0.00,95891.05,168.00,9834.65,1800.00,93590.09,0,None,SYNTHETIC
SIM-01715,20260319,10,4,7,Sea,Sea,2265.57,2026-04-12,2026-04-12,70227.15,10660.48,1897.73,0.00,82785.36,25.60,6959.83,1800.00,66758.42,0,None,SYNTHETIC
SIM-01716,20260319,6,5,1,Road,Road,3385.47,2026-03-24,2026-03-23,59688.56,9299.48,1981.51,0.00,70969.55,18.00,7312.62,1800.00,70051.08,0,None,SYNTHETIC
SIM-01717,20260319,5,2,3,Road,Road,1482.39,2026-03-24,2026-03-23,31987.76,4951.71,2463.43,0.00,39402.90,19.80,3522.16,1800.00,34673.48,0,None,SYNTHETIC
SIM-01718,20260320,3,5,7,Sea,Sea,2351.03,2026-04-13,2026-04-12,66878.64,7283.08,2531.81,0.00,76693.53,25.60,7222.36,1800.00,69208.73,0,None,SYNTHETIC
SIM-01719,20260320,11,3,8,Air,Air,240.36,2026-03-24,2026-03-24,45093.60,6204.88,2890.49,0.00,54188.97,189.00,5451.36,1800.00,52679.40,0,None,SYNTHETIC
SIM-01720,20260320,2,4,8,Sea,Sea,4664.90,2026-04-13,2026-04-13,135495.69,12519.80,2543.93,0.00,150559.42,28.80,16121.89,1800.00,152271.01,0,None,SYNTHETIC
SIM-01721,20260320,1,3,2,Road,Road,511.29,2026-03-25,2026-03-24,14602.44,1816.54,2653.14,0.00,19072.12,25.20,1546.14,1800.00,16230.65,0,None,SYNTHETIC
SIM-01722,20260320,12,3,7,Sea,Sea,4294.41,2026-04-13,2026-04-12,124063.64,11562.73,1282.20,0.00,136908.57,25.60,13192.43,1800.00,124929.33,0,None,SYNTHETIC
SIM-01723,20260321,10,5,2,Road,Road,3938.90,2026-03-26,2026-03-26,96695.68,10597.85,2770.22,0.00,110063.75,25.20,11911.23,1800.00,112971.51,0,None,SYNTHETIC
SIM-01724,20260321,5,4,4,Road,Road,5808.71,2026-03-26,2026-03-28,103381.37,10875.72,2832.33,0.00,117089.42,14.40,10037.45,1800.00,95482.87,0,Capacity constraint,SYNTHETIC
SIM-01725,20260321,3,4,8,Sea,Air,307.66,2026-04-14,2026-03-25,60180.04,5181.50,1983.68,9093.20,76438.42,28.80,1063.27,1800.00,11723.88,1,None,SYNTHETIC
SIM-01726,20260321,11,2,8,Sea,Sea,1196.83,2026-04-14,2026-04-14,34324.52,2773.42,2185.18,0.00,39283.12,28.80,4136.24,1800.00,40404.94,0,None,SYNTHETIC
SIM-01727,20260322,4,3,3,Road,Road,1823.19,2026-03-27,2026-03-27,33937.73,5331.62,2734.09,0.00,42003.44,19.80,4331.90,1800.00,42231.06,0,None,SYNTHETIC
SIM-01728,20260322,9,1,8,Sea,Sea,4565.32,2026-04-15,2026-04-15,142041.87,18238.18,1430.85,0.00,161710.90,28.80,15777.75,1800.00,149058.97,0,None,SYNTHETIC
SIM-01729,20260322,8,1,8,Air,Air,559.21,2026-03-26,2026-03-26,101195.30,10018.33,1155.42,0.00,112369.05,189.00,12682.88,1800.00,120173.57,0,None,SYNTHETIC
SIM-01730,20260323,9,5,4,Road,Road,5422.58,2026-03-28,2026-03-28,72426.87,8546.37,2890.31,0.00,83863.55,14.40,9370.22,1800.00,89255.37,0,None,SYNTHETIC
SIM-01731,20260323,10,3,6,Sea,Sea,1494.49,2026-04-19,2026-04-24,81713.04,11317.26,2073.56,0.00,95103.86,51.20,9182.15,1800.00,87500.04,0,Capacity constraint,SYNTHETIC
SIM-01732,20260323,4,5,4,Road,Road,3666.39,2026-03-28,2026-03-27,50698.63,7031.90,2849.82,0.00,60580.35,14.40,6335.52,1800.00,60931.54,0,None,SYNTHETIC
SIM-01733,20260323,6,5,8,Sea,Sea,1831.62,2026-04-16,2026-04-21,56352.56,5556.36,2250.84,0.00,64159.76,28.80,6330.08,1800.00,60880.74,0,Capacity constraint,SYNTHETIC
SIM-01734,20260323,3,1,1,Road,Road,1409.20,2026-03-28,2026-03-28,21687.42,2442.00,1264.00,0.00,25393.42,18.00,3043.87,1800.00,30209.47,0,None,SYNTHETIC
SIM-01735,20260323,10,4,7,Sea,Sea,1629.81,2026-04-16,2026-04-16,49841.04,6220.16,2735.58,0.00,58796.78,25.60,5006.78,1800.00,48529.92,0,None,SYNTHETIC
SIM-01736,20260324,9,4,7,Sea,Sea,3861.85,2026-04-17,2026-04-18,101125.75,11851.94,1881.15,0.00,114858.84,25.60,11863.60,1800.00,112526.96,0,Weather,SYNTHETIC
SIM-01737,20260324,7,5,3,Road,Road,5072.22,2026-03-29,2026-03-29,92214.30,13703.04,1151.36,0.00,107068.70,19.80,12051.60,1800.00,114281.56,0,None,SYNTHETIC
SIM-01738,20260324,12,4,5,Sea,Sea,2226.17,2026-04-17,2026-04-17,86254.26,14637.35,2252.02,0.00,103143.63,38.40,10258.19,1800.00,97543.12,0,None,SYNTHETIC
SIM-01739,20260325,8,2,7,Sea,Sea,1146.19,2026-04-18,2026-04-18,32890.37,4561.89,1469.95,0.00,38922.21,25.60,3521.10,1800.00,34663.56,0,None,SYNTHETIC
SIM-01740,20260325,9,3,1,Road,Road,1426.26,2026-03-30,2026-03-30,26366.23,4157.95,1678.85,0.00,32203.03,18.00,3080.72,1800.00,30553.40,0,None,SYNTHETIC
SIM-01741,20260325,5,4,3,Road,Road,3879.54,2026-03-30,2026-03-30,89983.26,9331.26,1702.68,0.00,101017.20,19.80,9217.79,1800.00,87832.68,0,None,SYNTHETIC
SIM-01742,20260326,3,5,8,Sea,Sea,5624.59,2026-04-19,2026-04-18,164060.38,15159.18,1150.11,0.00,180369.67,28.80,19438.58,1800.00,183226.77,0,None,SYNTHETIC
SIM-01743,20260326,4,3,1,Road,Road,5233.95,2026-03-31,2026-03-31,107452.04,9509.51,1702.53,0.00,118664.08,18.00,11305.33,1800.00,107316.43,0,None,SYNTHETIC
SIM-01744,20260326,1,1,7,Sea,Sea,2465.91,2026-04-19,2026-04-19,58749.93,8459.99,2794.63,0.00,70004.55,25.60,7575.28,1800.00,72502.58,0,None,SYNTHETIC
SIM-01745,20260326,7,3,7,Sea,Sea,4639.29,2026-04-19,2026-04-19,116594.96,19739.53,1138.96,0.00,137473.45,25.60,14251.90,1800.00,134817.72,0,None,SYNTHETIC
SIM-01746,20260327,2,1,5,Sea,Air,157.31,2026-04-20,2026-04-02,37805.79,4109.49,1750.10,4926.09,48591.47,38.40,724.88,1800.00,8565.58,1,None,SYNTHETIC
SIM-01747,20260327,10,2,8,Air,Air,279.15,2026-03-31,2026-03-30,50810.34,6244.59,1449.63,4090.23,62594.79,189.00,6331.12,1800.00,60890.47,1,None,SYNTHETIC
SIM-01748,20260327,2,3,2,Road,Road,1803.71,2026-04-01,2026-04-01,43583.45,4188.37,1112.36,0.00,48884.18,25.20,5454.42,1800.00,52707.91,0,None,SYNTHETIC
SIM-01749,20260327,2,2,3,Road,Road,5108.77,2026-04-01,2026-04-04,101994.73,13259.31,2006.08,0.00,117260.12,19.80,12138.44,1800.00,115092.09,0,Capacity constraint,SYNTHETIC
SIM-01750,20260328,7,3,4,Road,Road,4168.08,2026-04-02,2026-04-09,62728.33,6542.56,2860.96,0.00,72131.85,14.40,7202.44,1800.00,69022.79,0,Documentation,SYNTHETIC
SIM-01751,20260328,6,5,3,Road,Road,4795.80,2026-04-02,2026-03-31,92440.79,11203.82,2613.63,11980.33,118238.57,19.80,11394.82,1800.00,108151.66,1,None,SYNTHETIC
SIM-01752,20260328,2,4,2,Road,Road,2823.63,2026-04-02,2026-04-02,79473.43,7565.87,2513.93,0.00,89553.23,25.20,8538.66,1800.00,81494.14,0,None,SYNTHETIC
SIM-01753,20260329,1,3,2,Road,Road,789.56,2026-04-03,2026-04-03,23249.77,3692.06,2660.45,0.00,29602.28,25.20,2387.63,1800.00,24084.54,0,None,SYNTHETIC
SIM-01754,20260329,5,1,8,Sea,Sea,618.77,2026-04-22,2026-04-21,18547.82,2637.50,1479.94,0.00,22665.26,28.80,2138.47,1800.00,21759.05,0,None,SYNTHETIC
SIM-01755,20260329,9,1,5,Sea,Sea,5055.71,2026-04-22,2026-04-22,191707.42,21777.96,1298.78,0.00,214784.16,38.40,23296.71,1800.00,219235.97,0,None,SYNTHETIC
SIM-01756,20260329,3,4,3,Road,Road,5551.67,2026-04-03,2026-04-03,125031.06,20530.10,2426.34,0.00,147987.50,19.80,13190.77,1800.00,124913.84,0,None,SYNTHETIC
SIM-01757,20260330,3,2,8,Sea,Sea,2251.05,2026-04-23,2026-04-23,68567.65,9359.48,1290.60,0.00,79217.73,28.80,7779.63,1800.00,74409.87,0,None,SYNTHETIC
SIM-01758,20260330,5,4,1,Road,Road,5414.13,2026-04-04,2026-04-04,111550.62,13051.42,1262.57,0.00,125864.61,18.00,11694.52,1800.00,110948.86,0,None,SYNTHETIC
SIM-01759,20260330,5,2,8,Sea,Sea,2830.40,2026-04-23,2026-04-29,79768.28,9141.44,1458.52,0.00,90368.24,28.80,9781.86,1800.00,93097.38,0,Documentation,SYNTHETIC
SIM-01760,20260330,9,2,5,Sea,Sea,5684.92,2026-04-23,2026-04-23,210629.47,23990.70,1965.24,0.00,236585.41,38.40,26196.11,1800.00,246297.04,0,None,SYNTHETIC
SIM-01761,20260330,8,2,1,Road,Road,5612.05,2026-04-04,2026-04-01,111224.13,11667.41,1690.18,18763.51,143345.23,18.00,12122.03,1800.00,114938.93,1,None,SYNTHETIC
SIM-01762,20260331,2,1,1,Road,Road,2011.81,2026-04-05,2026-04-04,33781.34,4104.43,2534.72,4655.07,45075.56,18.00,4345.51,1800.00,42358.09,1,None,SYNTHETIC
SIM-01763,20260331,6,2,8,Sea,Sea,1804.69,2026-04-24,2026-04-29,59573.56,9591.34,1937.13,0.00,71102.03,28.80,6237.01,1800.00,60012.08,0,Capacity constraint,SYNTHETIC
SIM-01764,20260331,8,3,4,Road,Road,1785.95,2026-04-05,2026-04-05,29974.90,4655.10,1177.03,0.00,35807.03,14.40,3086.12,1800.00,30603.80,0,None,SYNTHETIC
SIM-01765,20260331,9,2,4,Road,Road,5754.72,2026-04-05,2026-04-05,76358.28,10064.02,2361.01,0.00,88783.31,14.40,9944.16,1800.00,94612.13,0,None,SYNTHETIC
SIM-01766,20260401,5,5,7,Air,Air,161.43,2026-04-05,2026-04-05,26412.44,2630.68,1274.52,0.00,30317.64,168.00,3254.43,1800.00,32174.67,0,None,SYNTHETIC
SIM-01767,20260401,9,4,5,Air,Air,872.21,2026-04-05,2026-04-10,229861.97,24480.30,1591.61,0.00,255933.88,252.00,26375.63,1800.00,247972.55,0,Capacity constraint,SYNTHETIC
SIM-01768,20260401,10,5,7,Sea,Sea,4517.03,2026-04-25,2026-04-25,120309.93,13607.05,2542.33,0.00,136459.31,25.60,13876.32,1800.00,131312.29,0,None,SYNTHETIC
SIM-01769,20260401,1,1,4,Road,Road,5266.34,2026-04-06,2026-04-05,78026.50,6866.33,1594.09,0.00,86486.92,14.40,9100.24,1800.00,86735.54,0,None,SYNTHETIC
SIM-01770,20260401,10,3,4,Road,Road,1305.00,2026-04-06,2026-04-06,21422.99,2461.50,1578.95,0.00,25463.44,14.40,2255.04,1800.00,22847.04,0,None,SYNTHETIC
SIM-01771,20260401,11,2,6,Air,Air,490.61,2026-04-08,2026-04-07,177236.57,26815.89,1669.93,0.00,205722.39,336.00,19781.40,1800.00,186426.36,0,None,SYNTHETIC
SIM-01772,20260401,5,2,1,Road,Road,4752.31,2026-04-06,2026-04-05,84332.63,8930.83,1759.15,0.00,95022.61,18.00,10264.99,1800.00,97606.57,0,None,SYNTHETIC
SIM-01773,20260401,7,1,3,Road,Road,4061.61,2026-04-06,2026-04-06,73753.32,6527.17,2192.03,0.00,82472.52,19.80,9650.39,1800.00,91870.27,0,None,SYNTHETIC
SIM-01774,20260401,6,1,7,Sea,Sea,1069.15,2026-04-25,2026-05-01,26997.08,2867.09,2470.10,0.00,32334.27,25.60,3284.43,1800.00,32454.67,0,Documentation,SYNTHETIC
SIM-01775,20260401,6,5,3,Road,Road,1740.87,2026-04-06,2026-04-06,37717.81,5966.96,2597.09,0.00,46281.86,19.80,4136.31,1800.00,40405.54,0,None,SYNTHETIC
SIM-01776,20260402,7,1,2,Road,Road,2444.70,2026-04-07,2026-04-06,59201.25,8323.70,2846.94,0.00,70371.89,25.20,7392.77,1800.00,70799.21,0,None,SYNTHETIC
SIM-01777,20260402,7,2,3,Road,Road,5643.63,2026-04-07,2026-04-07,118361.58,19979.43,2653.11,0.00,140994.12,19.80,13409.26,1800.00,126953.13,0,None,SYNTHETIC
SIM-01778,20260402,12,3,2,Road,Road,4052.56,2026-04-07,2026-04-10,109834.02,15640.36,1406.41,0.00,126880.79,25.20,12254.94,1800.00,116179.45,0,Weather,SYNTHETIC
SIM-01779,20260402,2,4,6,Sea,Sea,5195.84,2026-04-29,2026-04-30,272218.68,29045.73,1272.74,0.00,302537.15,51.20,31923.24,1800.00,299750.25,0,Documentation,SYNTHETIC
SIM-01780,20260402,12,4,8,Sea,Sea,5205.52,2026-04-26,2026-04-25,182436.73,27584.43,2542.44,0.00,212563.60,28.80,17990.28,1800.00,169709.26,0,None,SYNTHETIC
SIM-01781,20260402,5,2,5,Sea,Sea,5725.94,2026-04-26,2026-04-29,223709.59,36822.60,2173.93,0.00,262706.12,38.40,26385.13,1800.00,248061.23,0,Capacity constraint,SYNTHETIC
SIM-01782,20260403,2,3,1,Road,Road,529.41,2026-04-08,2026-04-07,9379.87,802.92,2390.06,0.00,12572.85,18.00,1143.53,1800.00,12472.91,0,None,SYNTHETIC
SIM-01783,20260403,5,3,8,Sea,Sea,2349.67,2026-04-27,2026-04-26,69732.55,9692.82,1169.18,0.00,80594.55,28.80,8120.46,1800.00,77590.96,0,None,SYNTHETIC
SIM-01784,20260403,1,5,2,Road,Road,5051.15,2026-04-08,2026-04-07,113943.39,11029.72,1444.90,0.00,126418.01,25.20,15274.68,1800.00,144363.66,0,None,SYNTHETIC
SIM-01785,20260403,8,3,2,Road,Road,3754.50,2026-04-08,2026-04-05,111352.07,13273.17,2712.04,8596.38,135933.66,25.20,11353.61,1800.00,107767.01,1,None,SYNTHETIC
SIM-01786,20260403,9,2,6,Sea,Sea,3697.51,2026-04-30,2026-04-30,204908.68,29322.43,2084.59,0.00,236315.70,51.20,22717.50,1800.00,213830.01,0,None,SYNTHETIC
SIM-01787,20260403,9,3,5,Sea,Sea,4816.43,2026-04-27,2026-04-27,180584.11,21832.62,2504.57,0.00,204921.30,38.40,22194.11,1800.00,208945.02,0,None,SYNTHETIC
SIM-01788,20260403,10,4,5,Sea,Sea,3293.94,2026-04-27,2026-04-27,130942.53,17873.66,1229.42,0.00,150045.61,38.40,15178.48,1800.00,143465.78,0,None,SYNTHETIC
SIM-01789,20260403,5,5,1,Road,Road,4678.07,2026-04-08,2026-04-08,91177.43,12199.54,1824.62,0.00,105201.59,18.00,10104.63,1800.00,96109.89,0,None,SYNTHETIC
SIM-01790,20260404,11,2,3,Road,Road,2430.05,2026-04-09,2026-04-09,45150.53,5932.78,2300.72,0.00,53384.03,19.80,5773.80,1800.00,55688.79,0,None,SYNTHETIC
SIM-01791,20260404,8,2,4,Road,Road,5192.92,2026-04-09,2026-04-07,71990.91,11324.17,1896.74,9689.98,94901.80,14.40,8973.37,1800.00,85551.42,1,None,SYNTHETIC
SIM-01792,20260404,4,2,2,Road,Road,1986.99,2026-04-09,2026-04-09,53196.24,7559.19,2332.52,0.00,63087.95,25.20,6008.66,1800.00,57880.81,0,None,SYNTHETIC
SIM-01793,20260405,6,3,1,Road,Road,2855.24,2026-04-10,2026-04-11,52264.39,5330.97,2665.93,0.00,60261.29,18.00,6167.32,1800.00,59361.64,0,Capacity constraint,SYNTHETIC
SIM-01794,20260405,8,4,5,Sea,Sea,1677.20,2026-04-29,2026-04-30,73368.94,7696.40,1445.43,0.00,82510.77,38.40,7728.54,1800.00,73933.02,0,Weather,SYNTHETIC
SIM-01795,20260405,2,2,3,Road,Road,5085.10,2026-04-10,2026-04-10,112854.96,10980.79,1246.19,0.00,125081.94,19.80,12082.20,1800.00,114567.18,0,None,SYNTHETIC
SIM-01796,20260405,8,3,4,Road,Road,2176.29,2026-04-10,2026-04-17,36646.21,4547.79,1532.52,0.00,42726.52,14.40,3760.63,1800.00,36899.21,0,Weather,SYNTHETIC
SIM-01797,20260405,12,1,7,Air,Air,134.00,2026-04-09,2026-04-08,22839.97,2185.79,1724.10,0.00,26749.86,168.00,2701.44,1800.00,27013.44,0,None,SYNTHETIC
SIM-01798,20260405,7,3,6,Sea,Air,189.69,2026-05-02,2026-04-18,64678.80,5549.44,1232.86,4132.98,75594.08,51.20,1165.46,1800.00,12677.59,1,None,SYNTHETIC
SIM-01799,20260406,6,2,6,Sea,Sea,4006.76,2026-05-03,2026-05-02,233328.83,18946.30,2260.39,0.00,254535.52,51.20,24617.53,1800.00,231563.64,0,None,SYNTHETIC
SIM-01800,20260406,2,1,2,Road,Road,4658.78,2026-04-11,2026-04-13,109367.23,8782.19,1475.11,0.00,119624.53,25.20,14088.15,1800.00,133289.41,0,Capacity constraint,SYNTHETIC
SIM-01801,20260406,6,4,6,Sea,Sea,4708.64,2026-05-03,2026-05-03,253476.78,36399.27,2418.93,0.00,292294.98,51.20,28929.88,1800.00,271812.25,0,None,SYNTHETIC
SIM-01802,20260406,1,2,2,Road,Road,1780.96,2026-04-11,2026-04-14,51302.88,7192.66,1551.97,0.00,60047.51,25.20,5385.62,1800.00,52065.81,0,Capacity constraint,SYNTHETIC
SIM-01803,20260406,11,5,7,Sea,Sea,4321.46,2026-04-30,2026-04-30,106601.17,12419.04,1616.33,0.00,120636.54,25.60,13275.53,1800.00,125704.91,0,None,SYNTHETIC
SIM-01804,20260406,7,3,3,Road,Road,2356.52,2026-04-11,2026-04-10,47999.16,4833.52,2139.44,0.00,54972.12,19.80,5599.09,1800.00,54058.19,0,None,SYNTHETIC
SIM-01805,20260406,9,2,5,Sea,Sea,1288.37,2026-04-30,2026-05-05,45965.65,5612.41,2186.23,0.00,53764.29,38.40,5936.81,1800.00,57210.22,0,Documentation,SYNTHETIC
SIM-01806,20260406,7,4,7,Sea,Sea,4685.10,2026-04-30,2026-04-30,129597.54,11754.50,2819.27,0.00,144171.31,25.60,14392.63,1800.00,136131.19,0,None,SYNTHETIC
SIM-01807,20260406,4,2,3,Road,Road,5770.00,2026-04-11,2026-04-10,118525.46,11402.15,1779.86,0.00,131707.47,19.80,13709.52,1800.00,129755.52,0,None,SYNTHETIC
SIM-01808,20260407,11,1,1,Road,Road,4389.83,2026-04-12,2026-04-12,78830.30,8718.63,1166.87,0.00,88715.80,18.00,9482.03,1800.00,90298.97,0,None,SYNTHETIC
SIM-01809,20260407,10,4,2,Road,Road,4949.40,2026-04-12,2026-04-12,141950.54,11739.31,2463.70,0.00,156153.55,25.20,14966.99,1800.00,141491.87,0,None,SYNTHETIC
SIM-01810,20260408,1,4,3,Road,Road,5543.80,2026-04-13,2026-04-12,122688.15,17544.41,2356.33,0.00,142588.89,19.80,13172.07,1800.00,124739.31,0,None,SYNTHETIC
SIM-01811,20260408,1,4,7,Sea,Air,218.72,2026-05-02,2026-04-13,43972.47,5250.31,2111.36,4322.49,55656.63,25.60,671.91,1800.00,8071.14,1,None,SYNTHETIC
SIM-01812,20260408,12,3,7,Air,Air,134.26,2026-04-12,2026-04-12,21701.36,2541.23,1324.84,0.00,25567.43,168.00,2706.68,1800.00,27062.36,0,None,SYNTHETIC
SIM-01813,20260408,8,4,7,Sea,Sea,3171.15,2026-05-02,2026-05-01,98034.37,13724.81,2826.74,0.00,114585.92,25.60,9741.77,1800.00,92723.21,0,None,SYNTHETIC
SIM-01814,20260408,6,4,5,Sea,Sea,1062.10,2026-05-02,2026-05-01,47452.28,7146.31,1855.28,0.00,56453.87,38.40,4894.16,1800.00,47478.80,0,None,SYNTHETIC
SIM-01815,20260408,8,1,4,Road,Road,1918.58,2026-04-13,2026-04-13,24210.89,4028.69,2382.82,0.00,30622.40,14.40,3315.31,1800.00,32742.86,0,None,SYNTHETIC
SIM-01816,20260408,12,1,5,Sea,Sea,1480.48,2026-05-02,2026-05-02,51063.92,6658.74,1565.28,0.00,59287.94,38.40,6822.05,1800.00,65472.48,0,None,SYNTHETIC
SIM-01817,20260408,12,3,7,Air,Air,214.16,2026-04-12,2026-04-12,38954.12,3237.09,2649.88,0.00,44841.09,168.00,4317.47,1800.00,42096.35,0,None,SYNTHETIC
SIM-01818,20260408,9,5,8,Air,Air,129.38,2026-04-12,2026-04-11,23353.09,3091.95,2597.39,0.00,29042.43,189.00,2934.34,1800.00,29187.16,0,None,SYNTHETIC
SIM-01819,20260409,3,2,4,Road,Road,2545.17,2026-04-14,2026-04-14,34278.38,5340.57,1934.87,0.00,41553.82,14.40,4398.05,1800.00,42848.50,0,None,SYNTHETIC
SIM-01820,20260409,4,3,5,Sea,Air,627.15,2026-05-03,2026-04-13,178666.51,23923.45,1475.54,12345.86,216411.36,38.40,2889.91,1800.00,28772.47,1,None,SYNTHETIC
SIM-01821,20260409,11,1,2,Road,Road,2036.51,2026-04-14,2026-04-14,54179.49,6133.12,1897.31,0.00,62209.92,25.20,6158.41,1800.00,59278.46,0,None,SYNTHETIC
SIM-01822,20260409,1,1,5,Sea,Sea,1940.03,2026-05-03,2026-05-02,80693.56,8634.21,2538.00,0.00,91865.77,38.40,8939.66,1800.00,85236.81,0,None,SYNTHETIC
SIM-01823,20260409,10,3,4,Road,Road,5317.61,2026-04-14,2026-04-14,71941.78,11891.98,1897.19,0.00,85730.95,14.40,9188.83,1800.00,87562.41,0,None,SYNTHETIC
SIM-01824,20260410,9,3,6,Sea,Air,528.66,2026-05-07,2026-04-17,190020.67,17614.92,1443.74,25766.80,234846.13,51.20,3248.09,1800.00,32115.48,1,None,SYNTHETIC
SIM-01825,20260410,4,2,1,Road,Road,2998.86,2026-04-15,2026-04-15,53318.47,5657.09,2731.92,0.00,61707.48,18.00,6477.54,1800.00,62257.02,0,None,SYNTHETIC
SIM-01826,20260411,9,2,7,Air,Air,791.90,2026-04-15,2026-04-14,127890.97,20411.40,1580.88,0.00,149883.25,168.00,15964.70,1800.00,150803.90,0,None,SYNTHETIC
SIM-01827,20260411,5,2,2,Road,Road,2826.48,2026-04-16,2026-04-15,72683.27,10909.76,2777.65,0.00,86370.68,25.20,8547.28,1800.00,81574.58,0,None,SYNTHETIC
SIM-01828,20260411,11,2,6,Sea,Sea,2192.91,2026-05-08,2026-05-15,124574.42,11984.06,2116.09,0.00,138674.57,51.20,13473.24,1800.00,127550.23,0,Weather,SYNTHETIC
SIM-01829,20260411,11,5,4,Road,Road,3161.70,2026-04-16,2026-04-15,42749.27,6083.22,1421.77,0.00,50254.26,14.40,5463.42,1800.00,52791.90,0,None,SYNTHETIC
SIM-01830,20260412,4,2,1,Road,Road,3891.22,2026-04-17,2026-04-17,75503.60,12042.82,1644.34,0.00,89190.76,18.00,8405.04,1800.00,80247.00,0,None,SYNTHETIC
SIM-01831,20260412,6,4,5,Sea,Sea,4906.77,2026-05-06,2026-05-11,217506.70,29841.92,2715.10,0.00,250063.72,38.40,22610.40,1800.00,212830.37,0,Weather,SYNTHETIC
SIM-01832,20260412,4,3,1,Road,Road,1863.69,2026-04-17,2026-04-17,37560.27,4586.11,2274.41,0.00,44420.79,18.00,4025.57,1800.00,39371.99,0,None,SYNTHETIC
SIM-01833,20260413,10,2,3,Road,Road,3859.86,2026-04-18,2026-04-18,81508.97,8101.99,1434.50,0.00,91045.46,19.80,9171.03,1800.00,87396.26,0,None,SYNTHETIC
SIM-01834,20260413,6,4,8,Air,Air,106.64,2026-04-17,2026-04-17,24015.72,2291.10,1755.13,0.00,28061.95,189.00,2418.60,1800.00,24373.56,0,None,SYNTHETIC
SIM-01835,20260413,2,2,6,Sea,Sea,4090.60,2026-05-10,2026-05-09,196410.43,20583.81,2709.19,0.00,219703.43,51.20,25132.65,1800.00,236371.37,0,None,SYNTHETIC
SIM-01836,20260414,9,1,7,Sea,Air,148.75,2026-05-08,2026-04-18,22426.34,3698.10,1749.35,3760.90,31634.69,25.60,456.96,1800.00,6064.96,1,None,SYNTHETIC
SIM-01837,20260414,2,2,6,Sea,Sea,2773.67,2026-05-11,2026-05-17,162380.38,26662.86,2693.19,0.00,191736.43,51.20,17041.43,1800.00,160853.33,0,Weather,SYNTHETIC
SIM-01838,20260414,11,1,7,Sea,Sea,5497.43,2026-05-08,2026-05-07,124494.56,11951.48,2685.74,0.00,139131.78,25.60,16888.11,1800.00,159422.32,0,None,SYNTHETIC
SIM-01839,20260414,9,1,3,Road,Road,3702.29,2026-04-19,2026-04-17,70561.18,9299.96,2129.77,10880.53,92871.44,19.80,8796.64,1800.00,83901.98,1,None,SYNTHETIC
SIM-01840,20260414,3,2,4,Road,Road,2165.62,2026-04-19,2026-04-17,31779.22,4776.42,1902.34,5148.23,43606.21,14.40,3742.19,1800.00,36727.12,1,None,SYNTHETIC
SIM-01841,20260414,5,1,2,Road,Road,4096.73,2026-04-19,2026-04-18,112734.20,14599.08,2293.44,0.00,129626.72,25.20,12388.51,1800.00,117426.11,0,None,SYNTHETIC
SIM-01842,20260414,7,5,4,Road,Road,5296.84,2026-04-19,2026-04-17,80498.72,13354.74,1544.89,6142.05,101540.40,14.40,9152.94,1800.00,87227.44,1,None,SYNTHETIC
SIM-01843,20260414,4,5,4,Road,Road,2795.08,2026-04-19,2026-04-16,41844.06,4309.94,1325.76,5213.77,52693.53,14.40,4829.90,1800.00,46879.05,1,None,SYNTHETIC
SIM-01844,20260415,2,4,1,Road,Road,4603.52,2026-04-20,2026-04-25,92978.02,12514.84,1176.46,0.00,106669.32,18.00,9943.60,1800.00,94606.96,0,Weather,SYNTHETIC
SIM-01845,20260415,3,1,5,Sea,Sea,2923.32,2026-05-09,2026-05-09,111455.97,9540.63,1511.74,0.00,122508.34,38.40,13470.66,1800.00,127526.15,0,None,SYNTHETIC
SIM-01846,20260415,11,2,8,Sea,Sea,5981.92,2026-05-09,2026-05-09,186632.55,19260.48,2044.34,0.00,207937.37,28.80,20673.52,1800.00,194752.82,0,None,SYNTHETIC
SIM-01847,20260416,11,3,5,Sea,Air,894.33,2026-05-10,2026-04-26,243454.74,27072.17,2682.42,33255.92,306465.25,38.40,4121.07,1800.00,40263.34,1,None,SYNTHETIC
SIM-01848,20260416,7,4,1,Road,Road,2330.30,2026-04-21,2026-04-19,51553.40,5175.96,1778.05,4433.59,62941.00,18.00,5033.45,1800.00,48778.85,1,None,SYNTHETIC
SIM-01849,20260416,1,2,2,Road,Road,5260.15,2026-04-21,2026-04-26,126863.44,18027.29,2554.81,0.00,147445.54,25.20,15906.69,1800.00,150262.47,0,Capacity constraint,SYNTHETIC
SIM-01850,20260416,10,2,7,Sea,Sea,5432.71,2026-05-10,2026-05-09,150974.72,16848.78,1661.94,0.00,169485.44,25.60,16689.29,1800.00,157566.67,0,None,SYNTHETIC
SIM-01851,20260418,1,5,1,Road,Road,2989.74,2026-04-23,2026-04-22,55164.72,5632.32,2255.00,0.00,63052.04,18.00,6457.84,1800.00,62073.16,0,None,SYNTHETIC
SIM-01852,20260418,5,5,8,Air,Air,739.84,2026-04-22,2026-04-22,141169.25,13382.84,2291.09,0.00,156843.18,189.00,16779.57,1800.00,158409.33,0,None,SYNTHETIC
SIM-01853,20260418,12,1,1,Road,Road,4335.77,2026-04-23,2026-04-22,81510.41,11329.95,1153.49,0.00,93993.85,18.00,9365.26,1800.00,89209.12,0,None,SYNTHETIC
SIM-01854,20260418,10,5,4,Road,Road,1108.89,2026-04-23,2026-04-23,17211.04,2469.78,1165.43,0.00,20846.25,14.40,1916.16,1800.00,19684.18,0,None,SYNTHETIC
SIM-01855,20260418,2,5,2,Road,Road,1197.12,2026-04-23,2026-04-23,29124.06,3774.48,1945.19,0.00,34843.73,25.20,3620.09,1800.00,35587.51,0,None,SYNTHETIC
SIM-01856,20260419,9,5,4,Road,Road,1580.05,2026-04-24,2026-04-23,22858.84,1986.43,2613.92,0.00,27459.19,14.40,2730.33,1800.00,27283.05,0,None,SYNTHETIC
SIM-01857,20260419,6,4,6,Sea,Sea,4834.97,2026-05-16,2026-05-15,300848.49,38027.25,2448.30,0.00,341324.04,51.20,29706.06,1800.00,279056.52,0,None,SYNTHETIC
SIM-01858,20260419,5,5,7,Sea,Air,415.34,2026-05-13,2026-04-23,69439.88,5992.66,2198.76,11186.76,88818.06,25.60,1275.92,1800.00,13708.62,1,None,SYNTHETIC
SIM-01859,20260419,7,1,7,Sea,Sea,1330.78,2026-05-13,2026-05-12,32533.14,4372.45,2388.18,0.00,39293.77,25.60,4088.16,1800.00,39956.13,0,None,SYNTHETIC
SIM-01860,20260420,3,5,8,Sea,Sea,4932.53,2026-05-14,2026-05-17,151633.04,20622.09,1848.59,0.00,174103.72,28.80,17046.82,1800.00,160903.68,0,Weather,SYNTHETIC
SIM-01861,20260420,5,5,6,Sea,Sea,818.53,2026-05-17,2026-05-20,42059.87,5602.37,1254.75,0.00,48916.99,51.20,5029.05,1800.00,48737.79,0,Weather,SYNTHETIC
SIM-01862,20260420,4,1,2,Road,Road,4650.75,2026-04-25,2026-04-23,106570.58,11179.25,1394.79,13534.46,132679.08,25.20,14063.87,1800.00,133062.77,1,None,SYNTHETIC
SIM-01863,20260420,4,5,2,Road,Road,5917.16,2026-04-25,2026-04-25,140439.13,17905.99,2178.27,0.00,160523.39,25.20,17893.49,1800.00,168805.92,0,None,SYNTHETIC
SIM-01864,20260421,4,1,5,Sea,Sea,1248.64,2026-05-15,2026-05-15,51815.90,5730.84,2884.74,0.00,60431.48,38.40,5753.73,1800.00,55501.51,0,None,SYNTHETIC
SIM-01865,20260421,6,2,3,Road,Road,2961.27,2026-04-26,2026-04-26,59496.83,9168.46,1927.03,0.00,70592.32,19.80,7035.98,1800.00,67469.13,0,None,SYNTHETIC
SIM-01866,20260421,11,4,7,Air,Air,378.39,2026-04-25,2026-04-25,67453.65,7871.84,2873.45,0.00,78198.94,168.00,7628.34,1800.00,72997.86,0,None,SYNTHETIC
SIM-01867,20260422,12,5,3,Road,Road,864.41,2026-04-27,2026-04-27,16147.02,2375.23,1598.77,0.00,20121.02,19.80,2053.84,1800.00,20969.16,0,None,SYNTHETIC
SIM-01868,20260422,6,3,7,Sea,Sea,4871.75,2026-05-16,2026-05-15,131854.89,10851.66,1127.62,0.00,143834.17,25.60,14966.02,1800.00,141482.82,0,None,SYNTHETIC
SIM-01869,20260422,1,1,5,Sea,Sea,1933.89,2026-05-16,2026-05-16,66228.17,9609.71,1842.73,0.00,77680.61,38.40,8911.37,1800.00,84972.75,0,None,SYNTHETIC
SIM-01870,20260422,7,3,1,Road,Road,3254.84,2026-04-27,2026-05-04,56317.02,5513.44,2595.46,0.00,64425.92,18.00,7030.45,1800.00,67417.57,0,Documentation,SYNTHETIC
SIM-01871,20260423,6,3,2,Road,Road,2208.60,2026-04-28,2026-04-27,56528.82,7693.57,2008.38,0.00,66230.77,25.20,6678.81,1800.00,64135.53,0,None,SYNTHETIC
SIM-01872,20260423,12,3,7,Air,Air,643.70,2026-04-27,2026-04-24,125845.79,19833.30,1514.18,16271.86,163465.13,168.00,12976.99,1800.00,122918.59,1,None,SYNTHETIC
SIM-01873,20260423,2,5,1,Road,Road,2800.12,2026-04-28,2026-04-30,51170.50,5372.90,1680.04,0.00,58223.44,18.00,6048.26,1800.00,58250.42,0,Capacity constraint,SYNTHETIC
SIM-01874,20260423,11,1,5,Air,Air,512.40,2026-04-27,2026-04-26,121320.25,19532.56,1289.22,0.00,142142.03,252.00,15494.98,1800.00,146419.78,0,None,SYNTHETIC
SIM-01875,20260424,6,4,1,Road,Road,3940.19,2026-04-29,2026-04-27,71930.88,9876.11,1913.24,6171.67,89891.90,18.00,8510.81,1800.00,81234.23,1,None,SYNTHETIC
SIM-01876,20260424,5,2,6,Air,Air,406.17,2026-05-01,2026-05-01,123959.86,18941.07,2398.21,0.00,145299.14,336.00,16376.77,1800.00,154649.89,0,None,SYNTHETIC
SIM-01877,20260424,4,2,8,Sea,Sea,5149.67,2026-05-18,2026-05-18,159389.10,20784.34,1159.92,0.00,181333.36,28.80,17797.26,1800.00,167907.76,0,None,SYNTHETIC
SIM-01878,20260424,6,2,4,Road,Road,3196.82,2026-04-29,2026-04-29,52798.41,5654.71,2719.09,0.00,61172.21,14.40,5524.11,1800.00,53358.32,0,None,SYNTHETIC
SIM-01879,20260425,4,2,7,Sea,Sea,5117.76,2026-05-19,2026-05-19,118482.87,13459.65,1237.24,0.00,133179.76,25.60,15721.76,1800.00,148536.42,0,None,SYNTHETIC
SIM-01880,20260425,7,2,5,Sea,Sea,4998.64,2026-05-19,2026-05-25,196244.45,17446.13,2790.01,0.00,216480.59,38.40,23033.73,1800.00,216781.51,0,Documentation,SYNTHETIC
SIM-01881,20260425,4,1,7,Sea,Sea,2089.48,2026-05-19,2026-05-18,51827.19,4918.40,2253.74,0.00,58999.33,25.60,6418.88,1800.00,61709.57,0,None,SYNTHETIC
SIM-01882,20260425,9,4,4,Road,Road,2817.96,2026-04-30,2026-04-28,44097.34,6107.48,2026.14,3920.25,56151.21,14.40,4869.43,1800.00,47248.05,1,None,SYNTHETIC
SIM-01883,20260425,11,5,1,Road,Road,4406.97,2026-04-30,2026-04-30,81569.72,10343.04,2561.03,0.00,94473.79,18.00,9519.06,1800.00,90644.52,0,None,SYNTHETIC
SIM-01884,20260425,10,2,6,Air,Air,899.24,2026-05-02,2026-05-01,346930.12,48917.15,1489.91,0.00,397337.18,336.00,36257.36,1800.00,340202.00,0,None,SYNTHETIC
SIM-01885,20260426,7,2,3,Road,Road,4801.53,2026-05-01,2026-05-08,104751.16,10789.37,2076.56,0.00,117617.09,19.80,11408.43,1800.00,108278.72,0,Capacity constraint,SYNTHETIC
SIM-01886,20260426,12,4,7,Sea,Sea,4110.83,2026-05-20,2026-05-20,109100.50,13255.71,1822.40,0.00,124178.61,25.60,12628.47,1800.00,119665.72,0,None,SYNTHETIC
SIM-01887,20260427,9,5,1,Road,Road,5918.72,2026-05-02,2026-05-02,98817.54,15613.17,2405.96,0.00,116836.67,18.00,12784.44,1800.00,121121.40,0,None,SYNTHETIC
SIM-01888,20260427,9,4,1,Road,Road,5708.63,2026-05-02,2026-05-01,108021.99,9052.24,2709.77,0.00,119784.00,18.00,12330.64,1800.00,116885.98,0,None,SYNTHETIC
SIM-01889,20260427,12,1,4,Road,Road,4172.46,2026-05-02,2026-04-30,61358.87,6565.40,1720.25,8424.57,78069.09,14.40,7210.01,1800.00,69093.43,1,None,SYNTHETIC
SIM-01890,20260427,9,1,3,Road,Road,1651.31,2026-05-02,2026-05-02,29581.85,4709.43,1398.57,0.00,35689.85,19.80,3923.51,1800.00,38419.45,0,None,SYNTHETIC
SIM-01891,20260427,1,4,1,Road,Road,968.48,2026-05-02,2026-05-07,19402.85,1691.93,1876.23,0.00,22971.01,18.00,2091.92,1800.00,21324.56,0,Capacity constraint,SYNTHETIC
SIM-01892,20260427,7,1,4,Road,Road,4707.50,2026-05-02,2026-05-08,67398.31,6739.83,2112.97,0.00,76251.11,14.40,8134.56,1800.00,77722.56,0,Weather,SYNTHETIC
SIM-01893,20260428,2,4,7,Sea,Air,717.12,2026-05-22,2026-05-02,136707.51,20820.55,1870.55,11674.82,171073.43,25.60,2202.99,1800.00,22361.26,1,None,SYNTHETIC
SIM-01894,20260428,1,1,3,Road,Road,3707.69,2026-05-03,2026-05-02,70261.44,7026.14,1464.31,0.00,78751.89,19.80,8809.47,1800.00,84021.73,0,None,SYNTHETIC
SIM-01895,20260428,12,1,5,Sea,Sea,4254.69,2026-05-22,2026-05-22,152377.86,16715.85,1304.61,0.00,170398.32,38.40,19605.61,1800.00,184785.71,0,None,SYNTHETIC
SIM-01896,20260429,8,3,5,Sea,Sea,1700.75,2026-05-23,2026-05-23,61535.76,9076.52,2479.79,0.00,73092.07,38.40,7837.06,1800.00,74945.86,0,None,SYNTHETIC
SIM-01897,20260429,10,5,4,Road,Road,5799.81,2026-05-04,2026-05-03,77730.04,8153.88,1673.04,0.00,87556.96,14.40,10022.07,1800.00,95339.33,0,None,SYNTHETIC
SIM-01898,20260429,12,3,1,Road,Road,2868.01,2026-05-04,2026-05-04,51921.69,7855.75,2671.68,0.00,62449.12,18.00,6194.90,1800.00,59619.08,0,None,SYNTHETIC
SIM-01899,20260430,3,1,2,Road,Road,4374.08,2026-05-05,2026-05-02,110804.45,11158.01,1852.65,16775.79,140590.90,25.20,13227.22,1800.00,125254.04,1,None,SYNTHETIC
SIM-01900,20260430,7,3,5,Air,Air,708.95,2026-05-04,2026-05-04,206849.63,27655.80,2378.01,0.00,236883.44,252.00,21438.65,1800.00,201894.05,0,None,SYNTHETIC
SIM-01901,20260430,3,3,1,Road,Road,2998.94,2026-05-05,2026-05-07,56097.06,6322.14,1149.96,0.00,63569.16,18.00,6477.71,1800.00,62258.63,0,Capacity constraint,SYNTHETIC
SIM-01902,20260430,3,1,1,Road,Road,5368.72,2026-05-05,2026-05-03,94069.77,10065.47,2180.98,13593.08,119909.30,18.00,11596.44,1800.00,110033.40,1,None,SYNTHETIC
SIM-01903,20260430,10,2,8,Air,Air,880.87,2026-05-04,2026-05-03,182844.15,16364.55,2503.33,0.00,201712.03,189.00,19978.13,1800.00,188262.56,0,None,SYNTHETIC
SIM-01904,20260430,5,5,2,Road,Road,2304.69,2026-05-05,2026-05-04,56584.07,6048.84,1155.74,0.00,63788.65,25.20,6969.38,1800.00,66847.57,0,None,SYNTHETIC
SIM-01905,20260501,11,1,6,Sea,Air,196.06,2026-05-28,2026-05-08,71606.21,8363.61,2191.04,4396.62,86557.48,51.20,1204.59,1800.00,13042.86,1,None,SYNTHETIC
SIM-01906,20260501,8,2,6,Air,Air,333.39,2026-05-08,2026-05-07,123406.71,10378.50,2275.56,0.00,136060.77,336.00,13442.28,1800.00,127261.32,0,None,SYNTHETIC
SIM-01907,20260501,1,1,2,Road,Road,5671.13,2026-05-06,2026-05-06,150667.96,22946.73,1686.50,0.00,175301.19,25.20,17149.50,1800.00,161861.98,0,None,SYNTHETIC
SIM-01908,20260501,11,1,3,Road,Road,2037.08,2026-05-06,2026-05-13,35560.51,3260.90,1249.20,0.00,40070.61,19.80,4840.10,1800.00,46974.28,0,Capacity constraint,SYNTHETIC
SIM-01909,20260502,7,2,5,Sea,Sea,868.94,2026-05-26,2026-05-25,36385.43,3023.63,1123.44,0.00,40532.50,38.40,4004.08,1800.00,39171.38,0,None,SYNTHETIC
SIM-01910,20260502,4,5,3,Road,Road,5875.74,2026-05-07,2026-05-07,111884.88,13896.10,2316.68,0.00,128097.66,19.80,13960.76,1800.00,132100.41,0,None,SYNTHETIC
SIM-01911,20260502,2,1,2,Road,Road,3724.03,2026-05-07,2026-05-07,90868.21,15102.30,1680.59,0.00,107651.10,25.20,11261.47,1800.00,106907.03,0,None,SYNTHETIC
SIM-01912,20260502,11,1,1,Road,Road,3409.77,2026-05-07,2026-05-06,56825.85,9506.96,2060.74,0.00,68393.55,18.00,7365.10,1800.00,70540.96,0,None,SYNTHETIC
SIM-01913,20260503,10,2,7,Sea,Sea,5549.70,2026-05-27,2026-05-27,152970.04,12987.16,2608.52,0.00,168565.72,25.60,17048.68,1800.00,160921.00,0,None,SYNTHETIC
SIM-01914,20260503,3,2,7,Sea,Sea,3654.79,2026-05-27,2026-06-03,98751.43,13064.81,2355.00,0.00,114171.24,25.60,11227.51,1800.00,106590.13,0,Weather,SYNTHETIC
SIM-01915,20260503,11,5,5,Sea,Sea,3455.48,2026-05-27,2026-05-27,140706.81,11594.24,2044.47,0.00,154345.52,38.40,15922.85,1800.00,150413.28,0,None,SYNTHETIC
SIM-01916,20260504,12,4,5,Sea,Sea,686.55,2026-05-28,2026-05-30,29179.69,2605.75,2526.35,0.00,34311.79,38.40,3163.62,1800.00,31327.14,0,Weather,SYNTHETIC
SIM-01917,20260504,11,3,2,Road,Road,2736.86,2026-05-09,2026-05-09,71772.99,7651.00,2859.75,0.00,82283.74,25.20,8276.26,1800.00,79045.13,0,None,SYNTHETIC
SIM-01918,20260504,3,5,3,Road,Road,3436.05,2026-05-09,2026-05-10,71639.77,9542.42,2240.98,0.00,83423.17,19.80,8164.05,1800.00,77997.84,0,Weather,SYNTHETIC
SIM-01919,20260504,8,4,3,Road,Road,2710.27,2026-05-09,2026-05-15,54571.32,5255.22,2356.43,0.00,62182.97,19.80,6439.60,1800.00,61902.95,0,Weather,SYNTHETIC
SIM-01920,20260505,12,3,6,Sea,Sea,4568.76,2026-06-01,2026-06-01,228669.81,24559.14,2738.70,0.00,255967.65,51.20,28070.46,1800.00,263790.97,0,None,SYNTHETIC
SIM-01921,20260505,3,2,6,Air,Air,459.55,2026-05-12,2026-05-17,166631.14,20195.69,1944.44,0.00,188771.27,336.00,18529.06,1800.00,174737.86,0,Capacity constraint,SYNTHETIC
SIM-01922,20260505,10,3,5,Sea,Sea,3854.22,2026-05-29,2026-05-29,154770.63,24902.59,2766.45,0.00,182439.67,38.40,17760.25,1800.00,167562.30,0,None,SYNTHETIC
SIM-01923,20260505,12,1,3,Road,Road,4847.11,2026-05-10,2026-05-07,84328.59,10372.42,2344.93,13323.92,110369.86,19.80,11516.73,1800.00,109289.51,1,None,SYNTHETIC
SIM-01924,20260506,7,5,6,Sea,Sea,4678.64,2026-06-02,2026-06-01,222465.04,37129.42,2408.38,0.00,262002.84,51.20,28745.56,1800.00,270091.93,0,None,SYNTHETIC
SIM-01925,20260506,8,4,2,Road,Road,3240.06,2026-05-11,2026-05-11,85568.21,10379.42,2060.89,0.00,98008.52,25.20,9797.94,1800.00,93247.45,0,None,SYNTHETIC
SIM-01926,20260506,3,1,4,Road,Road,1148.92,2026-05-11,2026-05-11,17950.98,1979.99,1364.16,0.00,21295.13,14.40,1985.33,1800.00,20329.78,0,None,SYNTHETIC
SIM-01927,20260506,9,4,8,Sea,Sea,2160.46,2026-05-30,2026-05-30,70337.87,6555.49,1461.91,0.00,78355.27,28.80,7466.55,1800.00,71487.80,0,None,SYNTHETIC
SIM-01928,20260507,11,4,8,Sea,Air,868.96,2026-05-31,2026-05-17,185400.89,29886.62,2574.42,16945.64,234807.57,28.80,3003.13,1800.00,29829.18,1,None,SYNTHETIC
SIM-01929,20260507,5,4,4,Road,Road,5800.90,2026-05-12,2026-05-12,99764.86,11762.28,1535.02,0.00,113062.16,14.40,10023.96,1800.00,95356.92,0,None,SYNTHETIC
SIM-01930,20260507,5,5,2,Road,Road,4553.04,2026-05-12,2026-05-14,119320.31,18482.72,2220.61,0.00,140023.64,25.20,13768.39,1800.00,130305.00,0,Weather,SYNTHETIC
SIM-01931,20260507,10,3,3,Road,Road,1204.13,2026-05-12,2026-05-11,23649.10,2345.99,1183.59,0.00,27178.68,19.80,2861.01,1800.00,28502.78,0,None,SYNTHETIC
SIM-01932,20260507,4,3,2,Road,Road,2317.95,2026-05-12,2026-05-12,61566.71,5959.66,2623.76,0.00,70150.13,25.20,7009.48,1800.00,67221.82,0,None,SYNTHETIC
SIM-01933,20260507,10,2,8,Sea,Sea,2711.23,2026-05-31,2026-05-31,86908.67,12801.65,2860.36,0.00,102570.68,28.80,9370.01,1800.00,89253.43,0,None,SYNTHETIC
SIM-01934,20260508,4,4,2,Road,Road,2720.51,2026-05-13,2026-05-15,84204.12,10449.73,2457.24,0.00,97111.09,25.20,8226.82,1800.00,78583.67,0,Documentation,SYNTHETIC
SIM-01935,20260508,2,5,4,Road,Road,5706.13,2026-05-13,2026-05-13,75173.59,6231.89,2250.34,0.00,83655.82,14.40,9860.19,1800.00,93828.46,0,None,SYNTHETIC
SIM-01936,20260508,5,1,5,Sea,Air,139.12,2026-06-01,2026-05-11,30568.96,3142.49,2647.42,5245.63,41604.50,38.40,641.07,1800.00,7783.28,1,None,SYNTHETIC
SIM-01937,20260508,2,1,3,Road,Road,2145.62,2026-05-13,2026-05-12,41585.52,6379.22,1224.95,0.00,49189.69,19.80,5097.99,1800.00,49381.27,0,None,SYNTHETIC
SIM-01938,20260509,3,5,6,Sea,Sea,3811.38,2026-06-05,2026-06-05,187232.60,27467.02,2708.51,0.00,217408.13,51.20,23417.12,1800.00,220359.78,0,None,SYNTHETIC
SIM-01939,20260509,1,2,3,Road,Road,1376.33,2026-05-14,2026-05-14,27517.65,3428.70,2300.91,0.00,33247.26,19.80,3270.16,1800.00,32321.49,0,None,SYNTHETIC
SIM-01940,20260509,9,3,6,Sea,Sea,4331.28,2026-06-05,2026-06-04,208391.00,18817.71,1743.31,0.00,228952.02,51.20,26611.38,1800.00,250172.92,0,None,SYNTHETIC
SIM-01941,20260509,5,5,7,Sea,Sea,2383.86,2026-06-02,2026-06-01,55480.24,5220.69,2615.36,0.00,63316.29,25.60,7323.22,1800.00,70150.04,0,None,SYNTHETIC
SIM-01942,20260510,2,5,5,Sea,Sea,4858.97,2026-06-03,2026-06-05,183244.23,29905.46,2681.98,0.00,215831.67,38.40,22390.13,1800.00,210774.58,0,Documentation,SYNTHETIC
SIM-01943,20260510,1,5,1,Road,Road,2848.54,2026-05-15,2026-05-15,48622.96,4760.19,1213.88,0.00,54597.03,18.00,6152.85,1800.00,59226.57,0,None,SYNTHETIC
SIM-01944,20260510,1,5,3,Road,Road,2204.44,2026-05-15,2026-05-15,45453.88,4468.12,2416.39,0.00,52338.39,19.80,5237.75,1800.00,50685.66,0,None,SYNTHETIC
SIM-01945,20260510,9,1,5,Air,Air,450.65,2026-05-14,2026-05-14,101220.35,9292.03,2542.77,0.00,113055.15,252.00,13627.66,1800.00,128991.46,0,None,SYNTHETIC
SIM-01946,20260510,7,5,2,Road,Road,5510.55,2026-05-15,2026-05-15,125704.15,19421.29,1956.19,0.00,147081.63,25.20,16663.90,1800.00,157329.76,0,None,SYNTHETIC
SIM-01947,20260510,9,4,1,Road,Road,2702.55,2026-05-15,2026-05-14,58442.00,8427.34,1933.56,0.00,68802.90,18.00,5837.51,1800.00,56283.41,0,None,SYNTHETIC
SIM-01948,20260510,2,4,1,Road,Road,622.61,2026-05-15,2026-05-21,13218.10,1465.89,1351.39,0.00,16035.38,18.00,1344.84,1800.00,14351.82,0,Weather,SYNTHETIC
SIM-01949,20260511,6,1,6,Sea,Sea,2808.25,2026-06-07,2026-06-10,129387.24,18360.05,1232.80,0.00,148980.09,51.20,17253.89,1800.00,162836.29,0,Weather,SYNTHETIC
SIM-01950,20260512,4,1,4,Road,Road,5804.11,2026-05-17,2026-05-15,84326.51,12345.40,1336.08,12083.99,110091.98,14.40,10029.50,1800.00,95408.68,1,None,SYNTHETIC
SIM-01951,20260512,9,3,7,Sea,Sea,1417.54,2026-06-05,2026-06-05,37327.75,3788.77,2808.01,0.00,43924.53,25.60,4354.68,1800.00,42443.70,0,None,SYNTHETIC
SIM-01952,20260513,11,3,8,Sea,Sea,935.27,2026-06-06,2026-06-05,26378.86,4225.89,2187.03,0.00,32791.78,28.80,3232.29,1800.00,31968.07,0,None,SYNTHETIC
SIM-01953,20260513,1,1,7,Sea,Sea,2501.65,2026-06-06,2026-06-06,58591.68,5337.70,1381.21,0.00,65310.59,25.60,7685.07,1800.00,73527.31,0,None,SYNTHETIC
SIM-01954,20260513,2,5,7,Air,Air,228.76,2026-05-17,2026-05-21,35752.97,6074.43,1731.12,3922.10,47480.62,168.00,4611.80,1800.00,44843.48,1,Capacity constraint,SYNTHETIC
SIM-01955,20260513,2,2,7,Sea,Sea,3109.09,2026-06-06,2026-06-13,85482.77,11847.91,1659.52,0.00,98990.20,25.60,9551.12,1800.00,90943.82,0,Weather,SYNTHETIC
SIM-01956,20260513,9,1,5,Sea,Sea,1701.51,2026-06-06,2026-06-06,59693.33,7348.25,2291.24,0.00,69332.82,38.40,7840.56,1800.00,74978.54,0,None,SYNTHETIC
SIM-01957,20260514,6,1,6,Sea,Sea,3604.84,2026-06-10,2026-06-10,191678.41,31626.94,1700.47,0.00,225005.82,51.20,22148.14,1800.00,208515.95,0,None,SYNTHETIC
SIM-01958,20260514,3,2,4,Road,Road,4329.14,2026-05-19,2026-05-18,63944.25,9355.04,2300.35,0.00,75599.64,14.40,7480.75,1800.00,71620.37,0,None,SYNTHETIC
SIM-01959,20260514,5,1,2,Road,Road,1406.00,2026-05-19,2026-05-19,34803.17,4332.99,1854.18,0.00,40990.34,25.20,4251.74,1800.00,41482.94,0,None,SYNTHETIC
SIM-01960,20260514,5,2,2,Road,Road,1769.89,2026-05-19,2026-05-19,48752.84,4431.63,2330.22,0.00,55514.69,25.20,5352.15,1800.00,51753.38,0,None,SYNTHETIC
SIM-01961,20260515,9,5,7,Air,Air,429.82,2026-05-19,2026-05-19,72227.32,11267.46,2584.88,0.00,86079.66,168.00,8665.17,1800.00,82674.93,0,None,SYNTHETIC
SIM-01962,20260515,12,3,4,Road,Road,4260.63,2026-05-20,2026-05-20,64498.90,6869.13,2152.93,0.00,73520.96,14.40,7362.37,1800.00,70515.44,0,None,SYNTHETIC
SIM-01963,20260515,2,3,3,Road,Road,735.56,2026-05-20,2026-05-20,14134.19,1194.34,2472.15,0.00,17800.68,19.80,1747.69,1800.00,18111.78,0,None,SYNTHETIC
SIM-01964,20260515,5,4,4,Road,Road,4650.05,2026-05-20,2026-05-17,78664.94,8763.27,1798.47,7127.04,96353.72,14.40,8035.29,1800.00,76796.01,1,None,SYNTHETIC
SIM-01965,20260515,4,5,6,Air,Air,727.73,2026-05-22,2026-05-23,265194.76,32831.11,2075.82,0.00,300101.69,336.00,29342.07,1800.00,275659.35,0,Documentation,SYNTHETIC
SIM-01966,20260516,7,3,5,Sea,Sea,1096.80,2026-06-09,2026-06-08,42986.37,5240.04,1959.35,0.00,50185.76,38.40,5054.05,1800.00,48971.17,0,None,SYNTHETIC
SIM-01967,20260516,12,1,6,Sea,Sea,1016.15,2026-06-12,2026-06-12,54396.44,7838.53,1832.29,0.00,64067.26,51.20,6243.23,1800.00,60070.11,0,None,SYNTHETIC
SIM-01968,20260517,6,1,8,Sea,Sea,1755.12,2026-06-10,2026-06-09,53787.07,4604.17,1894.63,0.00,60285.87,28.80,6065.70,1800.00,58413.16,0,None,SYNTHETIC
SIM-01969,20260517,3,5,2,Road,Road,4415.37,2026-05-22,2026-05-22,107688.86,16487.16,1420.31,0.00,125596.33,25.20,13352.08,1800.00,126419.40,0,None,SYNTHETIC
SIM-01970,20260517,9,5,3,Road,Road,5558.19,2026-05-22,2026-05-22,102286.45,15987.37,2681.48,0.00,120955.30,19.80,13206.26,1800.00,125058.42,0,None,SYNTHETIC
SIM-01971,20260517,3,3,7,Sea,Sea,1239.29,2026-06-10,2026-06-10,30817.74,4024.80,2350.09,0.00,37192.63,25.60,3807.10,1800.00,37332.92,0,None,SYNTHETIC
SIM-01972,20260517,2,1,5,Sea,Sea,2250.92,2026-06-10,2026-06-09,93521.37,8033.49,1374.47,0.00,102929.33,38.40,10372.24,1800.00,98607.57,0,None,SYNTHETIC
SIM-01973,20260517,2,3,5,Sea,Air,659.81,2026-06-10,2026-05-21,171641.53,20648.48,1489.59,12444.01,206223.61,38.40,3040.40,1800.00,30177.10,1,None,SYNTHETIC
SIM-01974,20260517,3,5,8,Sea,Sea,907.96,2026-06-10,2026-06-10,25093.19,3304.77,1159.28,0.00,29557.24,28.80,3137.91,1800.00,31087.16,0,None,SYNTHETIC
SIM-01975,20260517,8,1,2,Road,Road,3076.82,2026-05-22,2026-05-22,72776.47,8180.08,2277.17,0.00,83233.72,25.20,9304.30,1800.00,88640.16,0,None,SYNTHETIC
SIM-01976,20260517,2,2,5,Air,Air,734.88,2026-05-21,2026-05-21,211598.07,18070.48,1851.01,0.00,231519.56,252.00,22222.77,1800.00,209212.53,0,None,SYNTHETIC
SIM-01977,20260518,5,2,4,Road,Road,3470.99,2026-05-23,2026-05-24,47554.70,5183.46,1501.46,0.00,54239.62,14.40,5997.87,1800.00,57780.13,0,Weather,SYNTHETIC
SIM-01978,20260518,10,3,4,Road,Road,2935.61,2026-05-23,2026-05-22,45990.76,6535.29,1826.21,0.00,54352.26,14.40,5072.73,1800.00,49145.51,0,None,SYNTHETIC
SIM-01979,20260518,9,2,2,Road,Road,1148.52,2026-05-23,2026-05-22,31968.71,5425.09,2816.90,2726.93,42937.63,25.20,3473.12,1800.00,34215.82,1,None,SYNTHETIC
SIM-01980,20260518,3,4,5,Sea,Sea,5296.12,2026-06-11,2026-06-11,222599.25,19121.28,2215.13,0.00,243935.66,38.40,24404.52,1800.00,229575.53,0,None,SYNTHETIC
SIM-01981,20260518,8,5,4,Road,Road,2149.28,2026-05-23,2026-05-22,30111.30,3315.25,2300.37,0.00,35726.92,14.40,3713.96,1800.00,36463.59,0,None,SYNTHETIC
SIM-01982,20260518,5,3,3,Road,Road,2363.19,2026-05-23,2026-05-21,56015.17,4503.62,2589.05,4755.69,67863.53,19.80,5614.94,1800.00,54206.10,1,None,SYNTHETIC
SIM-01983,20260519,7,2,1,Road,Road,4639.59,2026-05-24,2026-05-27,86580.57,10995.73,2143.17,13125.61,112845.08,18.00,10021.51,1800.00,95334.13,1,Weather,SYNTHETIC
SIM-01984,20260519,7,2,8,Sea,Sea,2419.36,2026-06-12,2026-06-12,79755.20,13271.27,1849.07,0.00,94875.54,28.80,8361.31,1800.00,79838.88,0,None,SYNTHETIC
SIM-01985,20260520,3,5,4,Road,Road,5553.66,2026-05-25,2026-05-23,83625.96,13907.00,1230.22,5970.89,104734.07,14.40,9596.72,1800.00,91369.42,1,None,SYNTHETIC
SIM-01986,20260520,2,1,6,Air,Air,680.45,2026-05-27,2026-05-26,227140.74,29619.15,1130.22,0.00,257890.11,336.00,27435.74,1800.00,257866.94,0,None,SYNTHETIC
SIM-01987,20260520,3,5,8,Air,Air,746.47,2026-05-24,2026-05-29,155416.64,17266.79,1740.05,0.00,174423.48,189.00,16929.94,1800.00,159812.77,0,Weather,SYNTHETIC
SIM-01988,20260520,2,1,4,Road,Road,1973.07,2026-05-25,2026-05-23,28488.05,4170.65,1402.81,3814.55,37876.06,14.40,3409.47,1800.00,33621.68,1,None,SYNTHETIC
SIM-01989,20260520,4,2,5,Sea,Air,452.30,2026-06-13,2026-05-25,113936.36,12920.38,1798.40,8135.06,136790.20,38.40,2084.20,1800.00,21252.52,1,None,SYNTHETIC
SIM-01990,20260521,9,1,7,Sea,Air,162.45,2026-06-14,2026-05-26,23490.57,3542.38,1407.82,3786.68,32227.45,25.60,499.05,1800.00,6457.77,1,None,SYNTHETIC
SIM-01991,20260521,4,3,8,Sea,Sea,4235.29,2026-06-14,2026-06-14,135642.33,11407.52,2736.94,0.00,149786.79,28.80,14637.16,1800.00,138413.51,0,None,SYNTHETIC
SIM-01992,20260521,4,2,7,Air,Air,563.37,2026-05-25,2026-05-24,103082.61,9205.28,1188.04,0.00,113475.93,168.00,11357.54,1800.00,107803.70,0,None,SYNTHETIC
SIM-01993,20260521,10,2,6,Sea,Sea,4197.68,2026-06-17,2026-06-18,194361.57,31894.73,2429.90,0.00,228686.20,51.20,25790.55,1800.00,242511.77,0,Weather,SYNTHETIC
SIM-01994,20260521,10,3,4,Road,Road,3974.46,2026-05-26,2026-05-26,59163.52,7223.87,2577.56,0.00,68964.95,14.40,6867.87,1800.00,65900.09,0,None,SYNTHETIC
SIM-01995,20260522,3,1,2,Road,Road,1588.22,2026-05-27,2026-05-27,43279.42,4362.57,1918.39,0.00,49560.38,25.20,4802.78,1800.00,46625.92,0,None,SYNTHETIC
SIM-01996,20260522,8,5,5,Air,Air,391.93,2026-05-26,2026-05-26,104341.73,14148.74,1981.61,0.00,120472.08,252.00,11851.96,1800.00,112418.32,0,None,SYNTHETIC
SIM-01997,20260522,2,3,4,Road,Road,5455.52,2026-05-27,2026-06-02,83871.88,11205.28,1215.74,0.00,96292.90,14.40,9427.14,1800.00,89786.63,0,Weather,SYNTHETIC
SIM-01998,20260522,5,5,8,Sea,Sea,968.89,2026-06-15,2026-06-22,26976.10,4383.62,1796.66,0.00,33156.38,28.80,3348.48,1800.00,33052.51,0,Documentation,SYNTHETIC
SIM-01999,20260522,8,1,2,Road,Road,3049.71,2026-05-27,2026-05-27,82455.73,12813.62,1120.40,0.00,96389.75,25.20,9222.32,1800.00,87875.01,0,None,SYNTHETIC
SIM-02000,20260522,5,5,3,Road,Road,4636.57,2026-05-27,2026-05-27,103122.61,12364.40,2267.30,0.00,117754.31,19.80,11016.49,1800.00,104620.58,0,None,SYNTHETIC
SIM-02001,20260523,4,1,2,Road,Road,5994.08,2026-05-28,2026-05-26,141862.95,22598.77,2708.86,23790.42,190961.00,25.20,18126.10,1800.00,170976.92,1,None,SYNTHETIC
SIM-02002,20260523,3,4,2,Road,Road,1877.81,2026-05-28,2026-05-27,57068.00,6853.87,2236.24,0.00,66158.11,25.20,5678.50,1800.00,54799.31,0,None,SYNTHETIC
SIM-02003,20260523,7,5,8,Air,Air,895.43,2026-05-27,2026-05-27,168030.58,17844.85,2673.25,0.00,188548.68,189.00,20308.35,1800.00,191344.62,0,None,SYNTHETIC
SIM-02004,20260523,7,5,4,Road,Road,5008.37,2026-05-28,2026-05-29,80693.22,7593.23,1538.24,0.00,89824.69,14.40,8654.46,1800.00,82574.99,0,Capacity constraint,SYNTHETIC
SIM-02005,20260524,7,1,3,Road,Road,3569.84,2026-05-29,2026-05-30,71825.14,6220.06,1776.90,0.00,79822.10,19.80,8481.94,1800.00,80964.77,0,Capacity constraint,SYNTHETIC
SIM-02006,20260524,3,5,1,Road,Road,604.63,2026-05-29,2026-05-28,10337.98,1538.29,1312.72,0.00,13188.99,18.00,1306.00,1800.00,13989.34,0,None,SYNTHETIC
SIM-02007,20260524,6,4,6,Sea,Sea,1403.72,2026-06-20,2026-06-21,70472.84,5708.30,1781.74,0.00,77962.88,51.20,8624.46,1800.00,82294.92,0,Documentation,SYNTHETIC
SIM-02008,20260524,1,2,5,Sea,Sea,576.82,2026-06-17,2026-06-17,22807.90,2210.09,1350.28,0.00,26368.27,38.40,2657.99,1800.00,26607.88,0,None,SYNTHETIC
SIM-02009,20260524,3,5,4,Road,Road,4872.63,2026-05-29,2026-05-29,78619.57,11447.01,2588.54,0.00,92655.12,14.40,8419.90,1800.00,80385.77,0,None,SYNTHETIC
SIM-02010,20260524,11,5,3,Road,Road,3949.79,2026-05-29,2026-05-29,85382.23,9793.34,1270.16,0.00,96445.73,19.80,9384.70,1800.00,89390.54,0,None,SYNTHETIC
SIM-02011,20260524,2,5,3,Road,Road,4429.68,2026-05-29,2026-05-29,81829.20,9737.67,1372.64,0.00,92939.51,19.80,10524.92,1800.00,100032.58,0,None,SYNTHETIC
SIM-02012,20260525,5,1,4,Road,Road,1933.82,2026-05-30,2026-05-30,29182.23,3968.78,2435.35,0.00,35586.36,14.40,3341.64,1800.00,32988.65,0,None,SYNTHETIC
SIM-02013,20260525,5,4,4,Road,Road,4116.03,2026-05-30,2026-05-30,57704.66,6913.02,1178.56,0.00,65796.24,14.40,7112.50,1800.00,68183.33,0,None,SYNTHETIC
SIM-02014,20260525,5,5,4,Road,Road,2254.35,2026-05-30,2026-06-05,35833.88,4070.73,2664.77,0.00,42569.38,14.40,3895.52,1800.00,38158.16,0,Documentation,SYNTHETIC
SIM-02015,20260526,12,3,6,Sea,Sea,1003.17,2026-06-22,2026-06-22,59710.30,6066.57,2737.30,0.00,68514.17,51.20,6163.48,1800.00,59325.78,0,None,SYNTHETIC
SIM-02016,20260526,6,1,5,Air,Air,852.46,2026-05-30,2026-06-06,197829.64,20752.33,1986.27,0.00,220568.24,252.00,25778.39,1800.00,242398.31,0,Weather,SYNTHETIC
SIM-02017,20260526,4,5,2,Road,Road,4016.72,2026-05-31,2026-05-30,98211.00,14397.73,1168.36,0.00,113777.09,25.20,12146.56,1800.00,115167.90,0,None,SYNTHETIC
SIM-02018,20260526,7,4,3,Road,Road,1699.56,2026-05-31,2026-05-31,41891.39,4377.65,2793.07,0.00,49062.11,19.80,4038.15,1800.00,39489.44,0,None,SYNTHETIC
SIM-02019,20260527,5,2,8,Air,Air,299.86,2026-05-31,2026-06-02,59675.69,6731.42,2396.70,0.00,68803.81,189.00,6800.82,1800.00,65274.36,0,Weather,SYNTHETIC
SIM-02020,20260527,5,1,8,Sea,Air,263.32,2026-06-20,2026-05-31,50782.10,8434.91,1993.68,4514.53,65725.22,28.80,910.03,1800.00,10293.65,1,None,SYNTHETIC
SIM-02021,20260527,12,3,5,Sea,Sea,1350.66,2026-06-20,2026-06-25,55328.22,6218.89,2293.61,0.00,63840.72,38.40,6223.84,1800.00,59889.18,0,Capacity constraint,SYNTHETIC
SIM-02022,20260527,1,5,4,Road,Road,1586.64,2026-06-01,2026-06-01,22065.02,2932.44,1157.30,0.00,26154.76,14.40,2741.71,1800.00,27389.33,0,None,SYNTHETIC
SIM-02023,20260527,11,5,5,Sea,Sea,1797.38,2026-06-20,2026-06-20,64501.29,7817.56,1366.89,0.00,73685.74,38.40,8282.33,1800.00,79101.72,0,None,SYNTHETIC
SIM-02024,20260528,11,3,1,Road,Road,3570.51,2026-06-02,2026-06-02,67389.31,10923.81,1111.27,0.00,79424.39,18.00,7712.30,1800.00,73781.48,0,None,SYNTHETIC
SIM-02025,20260528,1,1,3,Road,Road,1807.23,2026-06-02,2026-06-02,30853.19,4797.67,1504.73,0.00,37155.59,19.80,4293.98,1800.00,41877.13,0,None,SYNTHETIC
SIM-02026,20260528,12,2,1,Road,Road,3894.19,2026-06-02,2026-06-01,75844.42,6530.20,1423.70,0.00,83798.32,18.00,8411.45,1800.00,80306.87,0,None,SYNTHETIC
SIM-02027,20260529,5,3,7,Sea,Sea,2790.71,2026-06-22,2026-06-29,71750.51,8538.31,1979.20,0.00,82268.02,25.60,8573.06,1800.00,81815.24,0,Documentation,SYNTHETIC
SIM-02028,20260529,6,4,2,Road,Road,5154.15,2026-06-03,2026-06-03,157392.18,16778.01,1451.74,0.00,175621.93,25.20,15586.15,1800.00,147270.73,0,None,SYNTHETIC
SIM-02029,20260529,3,4,4,Road,Road,3494.05,2026-06-03,2026-06-09,60693.20,5553.43,1535.28,0.00,67781.91,14.40,6037.72,1800.00,58152.04,0,Capacity constraint,SYNTHETIC
SIM-02030,20260530,11,5,2,Road,Road,4560.29,2026-06-04,2026-06-09,105348.78,16571.36,2587.58,0.00,124507.72,25.20,13790.32,1800.00,130509.63,0,Weather,SYNTHETIC
SIM-02031,20260530,11,3,5,Sea,Sea,1708.61,2026-06-23,2026-06-22,69091.24,9638.23,2723.53,0.00,81453.00,38.40,7873.27,1800.00,75283.89,0,None,SYNTHETIC
SIM-02032,20260530,12,2,7,Sea,Air,598.75,2026-06-23,2026-06-02,102201.61,9709.15,2046.84,15994.55,129952.15,25.60,1839.36,1800.00,18967.36,1,None,SYNTHETIC
SIM-02033,20260530,6,1,4,Road,Road,1296.08,2026-06-04,2026-06-03,20305.02,1758.41,2744.37,0.00,24807.80,14.40,2239.63,1800.00,22703.18,0,None,SYNTHETIC
SIM-02034,20260530,7,1,5,Air,Air,127.09,2026-06-03,2026-06-03,28628.60,3152.01,1804.10,0.00,33584.71,252.00,3843.20,1800.00,37669.88,0,None,SYNTHETIC
SIM-02035,20260530,9,5,1,Road,Road,5822.85,2026-06-04,2026-06-06,115721.95,9662.78,1465.23,0.00,126849.96,18.00,12577.36,1800.00,119188.66,0,Weather,SYNTHETIC
SIM-02036,20260530,7,1,6,Sea,Air,201.75,2026-06-26,2026-06-06,68283.85,9477.80,2325.82,5974.84,86062.31,51.20,1239.55,1800.00,13369.15,1,None,SYNTHETIC
SIM-02037,20260530,6,2,1,Road,Road,3390.99,2026-06-04,2026-06-02,67387.77,10963.99,1793.59,6711.82,86857.17,18.00,7324.54,1800.00,70162.36,1,None,SYNTHETIC
SIM-02038,20260531,6,5,5,Sea,Air,696.96,2026-06-24,2026-06-03,176985.76,15539.35,1726.86,21326.78,215578.75,38.40,3211.59,1800.00,31774.85,1,None,SYNTHETIC
SIM-02039,20260531,12,3,1,Road,Road,1688.50,2026-06-05,2026-06-07,35535.79,5771.01,2739.94,0.00,44046.74,18.00,3647.16,1800.00,35840.16,0,Documentation,SYNTHETIC
SIM-02040,20260531,6,4,4,Road,Road,5511.32,2026-06-05,2026-06-05,92653.86,9024.49,1111.83,0.00,102790.18,14.40,9523.56,1800.00,90686.57,0,None,SYNTHETIC
SIM-02041,20260601,11,5,1,Road,Road,3943.81,2026-06-06,2026-06-12,63143.56,6270.16,2302.19,0.00,71715.91,18.00,8518.63,1800.00,81307.21,0,Weather,SYNTHETIC
SIM-02042,20260601,1,3,1,Road,Road,2014.92,2026-06-06,2026-06-05,37655.07,3844.58,2702.07,0.00,44201.72,18.00,4352.23,1800.00,42420.79,0,None,SYNTHETIC
SIM-02043,20260601,9,2,3,Road,Road,2810.35,2026-06-06,2026-06-06,64288.76,10479.07,2088.97,0.00,76856.80,19.80,6677.39,1800.00,64122.32,0,None,SYNTHETIC
SIM-02044,20260602,7,4,7,Sea,Sea,568.72,2026-06-26,2026-06-26,14370.03,2034.80,1414.18,0.00,17819.01,25.60,1747.11,1800.00,18106.34,0,None,SYNTHETIC
SIM-02045,20260602,1,5,4,Road,Road,2078.03,2026-06-07,2026-06-13,30760.35,4506.39,2334.59,0.00,37601.33,14.40,3590.84,1800.00,35314.47,0,Capacity constraint,SYNTHETIC
SIM-02046,20260602,7,3,1,Road,Road,1302.48,2026-06-07,2026-06-05,23845.46,2732.69,2729.11,1802.72,31109.98,18.00,2813.36,1800.00,28058.00,1,None,SYNTHETIC
SIM-02047,20260603,3,1,2,Road,Road,4368.80,2026-06-08,2026-06-07,110239.52,18112.35,2285.84,0.00,130637.71,25.20,13211.25,1800.00,125105.01,0,None,SYNTHETIC
SIM-02048,20260603,11,1,1,Road,Road,1889.58,2026-06-08,2026-06-08,37288.97,5052.66,1958.34,0.00,44299.97,18.00,4081.49,1800.00,39893.93,0,None,SYNTHETIC
SIM-02049,20260603,12,3,7,Sea,Sea,4920.45,2026-06-27,2026-06-26,134046.46,18270.53,2435.99,0.00,154752.98,25.60,15115.62,1800.00,142879.14,0,None,SYNTHETIC
SIM-02050,20260604,8,3,1,Road,Road,5292.20,2026-06-09,2026-06-09,93821.98,15827.77,2298.43,0.00,111948.18,18.00,11431.15,1800.00,108490.75,0,None,SYNTHETIC
SIM-02051,20260604,8,3,6,Sea,Sea,5580.48,2026-07-01,2026-07-08,341411.33,49368.08,2496.25,0.00,393275.66,51.20,34286.47,1800.00,321807.05,0,Documentation,SYNTHETIC
SIM-02052,20260605,4,4,3,Road,Road,5171.23,2026-06-10,2026-06-10,115534.46,13529.09,1538.25,0.00,130601.80,19.80,12286.84,1800.00,116477.19,0,None,SYNTHETIC
SIM-02053,20260605,6,2,7,Sea,Sea,1201.89,2026-06-29,2026-06-28,34710.82,3040.67,2558.98,0.00,40310.47,25.60,3692.21,1800.00,36260.59,0,None,SYNTHETIC
SIM-02054,20260605,3,5,7,Sea,Sea,4571.55,2026-06-29,2026-06-28,114690.09,10425.33,1594.14,0.00,126709.56,25.60,14043.80,1800.00,132875.48,0,None,SYNTHETIC
SIM-02055,20260605,5,5,7,Sea,Sea,5968.76,2026-06-29,2026-06-30,157714.34,21827.66,1811.46,0.00,181353.46,25.60,18336.03,1800.00,172936.29,0,Documentation,SYNTHETIC
SIM-02056,20260606,1,3,1,Road,Road,2803.72,2026-06-11,2026-06-12,55290.73,6325.26,2760.70,0.00,64376.69,18.00,6056.04,1800.00,58323.00,0,Documentation,SYNTHETIC
SIM-02057,20260606,7,3,8,Sea,Sea,1557.81,2026-06-30,2026-06-30,50460.09,5338.68,1890.73,0.00,57689.50,28.80,5383.79,1800.00,52048.72,0,None,SYNTHETIC
SIM-02058,20260606,2,5,6,Sea,Air,421.09,2026-07-03,2026-06-13,131019.93,16128.55,1749.99,14870.76,163769.23,51.20,2587.18,1800.00,25946.99,1,None,SYNTHETIC
SIM-02059,20260606,4,2,7,Sea,Sea,5282.73,2026-06-30,2026-06-29,153250.60,17271.34,1376.96,0.00,171898.90,25.60,16228.55,1800.00,153266.44,0,None,SYNTHETIC
SIM-02060,20260606,4,4,8,Sea,Sea,4452.15,2026-06-30,2026-06-29,139484.62,23001.01,1701.86,0.00,164187.49,28.80,15386.63,1800.00,145408.55,0,None,SYNTHETIC
SIM-02061,20260606,6,4,4,Road,Road,5220.73,2026-06-11,2026-06-10,90357.33,9839.91,2395.42,0.00,102592.66,14.40,9021.42,1800.00,85999.93,0,None,SYNTHETIC
SIM-02062,20260606,7,3,2,Road,Road,4203.45,2026-06-11,2026-06-11,101814.68,9692.76,1775.92,0.00,113283.36,25.20,12711.23,1800.00,120438.17,0,None,SYNTHETIC
SIM-02063,20260607,10,3,3,Road,Road,5206.90,2026-06-12,2026-06-11,108374.18,13069.93,2320.72,0.00,123764.83,19.80,12371.59,1800.00,117268.21,0,None,SYNTHETIC
SIM-02064,20260607,6,3,7,Air,Air,196.66,2026-06-11,2026-06-11,37988.77,5443.79,1494.78,0.00,44927.34,168.00,3964.67,1800.00,38803.55,0,None,SYNTHETIC
SIM-02065,20260607,5,4,3,Road,Road,4744.06,2026-06-12,2026-06-11,100101.46,10991.14,1369.91,0.00,112462.51,19.80,11271.89,1800.00,107004.28,0,None,SYNTHETIC
SIM-02066,20260608,2,3,2,Road,Road,1886.88,2026-06-13,2026-06-13,49724.48,8358.69,2144.26,0.00,60227.43,25.20,5705.93,1800.00,55055.31,0,None,SYNTHETIC
SIM-02067,20260608,4,5,5,Sea,Sea,5465.22,2026-07-02,2026-07-01,210278.84,34843.20,1674.24,0.00,246796.28,38.40,25183.73,1800.00,236848.18,0,None,SYNTHETIC
SIM-02068,20260608,3,4,2,Road,Road,1921.10,2026-06-13,2026-06-13,60389.36,8315.61,1110.63,0.00,69815.60,25.20,5809.41,1800.00,56021.13,0,None,SYNTHETIC
SIM-02069,20260608,3,3,6,Air,Air,167.46,2026-06-15,2026-06-12,57516.02,5492.78,1206.89,5579.05,69794.74,336.00,6751.99,1800.00,64818.55,1,None,SYNTHETIC
SIM-02070,20260609,1,2,7,Sea,Air,508.06,2026-07-03,2026-06-13,80287.39,7555.04,2075.06,9506.03,99423.52,25.60,1560.76,1800.00,16367.10,1,None,SYNTHETIC
SIM-02071,20260609,5,4,5,Sea,Sea,3787.35,2026-07-03,2026-07-03,160056.83,22968.16,2457.92,0.00,185482.91,38.40,17452.11,1800.00,164686.35,0,None,SYNTHETIC
SIM-02072,20260609,12,1,4,Road,Road,4872.18,2026-06-14,2026-06-12,62866.37,5048.17,1758.16,8562.40,78235.10,14.40,8419.13,1800.00,80378.52,1,None,SYNTHETIC
SIM-02073,20260609,1,5,2,Road,Road,5476.00,2026-06-14,2026-06-15,142767.52,18731.10,2535.22,0.00,164033.84,25.20,16559.42,1800.00,156354.62,0,Capacity constraint,SYNTHETIC
SIM-02074,20260609,1,2,4,Road,Road,3688.73,2026-06-14,2026-06-14,55472.78,8992.14,2239.67,0.00,66704.59,14.40,6374.13,1800.00,61291.84,0,None,SYNTHETIC
SIM-02075,20260609,2,3,7,Sea,Sea,4261.26,2026-07-03,2026-07-03,106622.94,9233.55,1205.48,0.00,117061.97,25.60,13090.59,1800.00,123978.85,0,None,SYNTHETIC
SIM-02076,20260610,1,2,7,Air,Air,431.44,2026-06-14,2026-06-13,70421.12,7457.60,1468.00,0.00,79346.72,168.00,8697.83,1800.00,82979.75,0,None,SYNTHETIC
SIM-02077,20260610,7,4,2,Road,Road,1856.52,2026-06-15,2026-06-21,48596.76,5126.96,2226.04,0.00,55949.76,25.20,5614.12,1800.00,54198.42,0,Weather,SYNTHETIC
SIM-02078,20260610,6,5,1,Road,Road,524.60,2026-06-15,2026-06-16,9163.03,1488.99,2402.76,0.00,13054.78,18.00,1133.14,1800.00,12375.94,0,Documentation,SYNTHETIC
SIM-02079,20260610,7,1,5,Sea,Sea,2985.12,2026-07-04,2026-07-04,123828.55,16605.41,1742.33,0.00,142176.29,38.40,13755.43,1800.00,130184.04,0,None,SYNTHETIC
SIM-02080,20260610,3,4,2,Road,Road,1460.39,2026-06-15,2026-06-21,41581.30,6382.73,2838.53,0.00,50802.56,25.20,4416.22,1800.00,43018.05,0,Capacity constraint,SYNTHETIC
SIM-02081,20260610,7,3,8,Sea,Air,782.31,2026-07-04,2026-06-15,168103.28,14978.00,1459.55,19079.72,203620.55,28.80,2703.66,1800.00,27034.19,1,None,SYNTHETIC
SIM-02082,20260610,3,5,1,Road,Road,2902.03,2026-06-15,2026-06-14,58104.83,8727.35,2000.01,0.00,68832.19,18.00,6268.38,1800.00,60304.92,0,None,SYNTHETIC
SIM-02083,20260611,11,5,3,Road,Road,2288.73,2026-06-16,2026-06-15,49860.91,5943.42,2044.25,0.00,57848.58,19.80,5438.02,1800.00,52554.87,0,None,SYNTHETIC
SIM-02084,20260611,8,4,1,Road,Road,2731.94,2026-06-16,2026-06-16,51436.47,6043.79,1626.94,0.00,59107.20,18.00,5900.99,1800.00,56875.91,0,None,SYNTHETIC
SIM-02085,20260612,8,1,4,Road,Road,1795.54,2026-06-17,2026-06-16,25281.58,3407.96,1640.88,0.00,30330.42,14.40,3102.69,1800.00,30758.47,0,None,SYNTHETIC
SIM-02086,20260612,11,4,6,Sea,Sea,3493.04,2026-07-09,2026-07-08,194827.95,16618.82,1761.03,0.00,213207.80,51.20,21461.24,1800.00,202104.89,0,None,SYNTHETIC
SIM-02087,20260612,9,4,8,Sea,Sea,3622.14,2026-07-06,2026-07-05,121198.40,15792.15,2374.65,0.00,139365.20,28.80,12518.12,1800.00,118635.75,0,None,SYNTHETIC
SIM-02088,20260614,11,4,8,Sea,Sea,3616.92,2026-07-08,2026-07-07,122331.56,14361.73,1424.90,0.00,138118.19,28.80,12500.08,1800.00,118467.38,0,None,SYNTHETIC
SIM-02089,20260614,9,3,8,Sea,Sea,1611.24,2026-07-08,2026-07-07,55675.87,6870.40,2032.36,0.00,64578.63,28.80,5568.45,1800.00,53772.16,0,None,SYNTHETIC
SIM-02090,20260614,11,1,2,Road,Road,1453.61,2026-06-19,2026-06-19,33707.31,4537.00,1897.41,0.00,40141.72,25.20,4395.72,1800.00,42826.69,0,None,SYNTHETIC
SIM-02091,20260614,10,5,7,Sea,Sea,5516.79,2026-07-08,2026-07-14,148242.53,14453.65,1223.59,0.00,163919.77,25.60,16947.58,1800.00,159977.40,0,Capacity constraint,SYNTHETIC
SIM-02092,20260614,1,1,7,Sea,Sea,5104.03,2026-07-08,2026-07-08,112389.25,15015.20,1553.98,0.00,128958.43,25.60,15679.58,1800.00,148142.75,0,None,SYNTHETIC
SIM-02093,20260614,8,3,3,Road,Road,2426.16,2026-06-19,2026-06-19,51774.32,7315.71,1106.65,0.00,60196.68,19.80,5764.56,1800.00,55602.53,0,None,SYNTHETIC
SIM-02094,20260615,7,5,3,Road,Road,3628.16,2026-06-20,2026-06-20,76160.26,10921.38,1834.93,0.00,88916.57,19.80,8620.51,1800.00,82258.08,0,None,SYNTHETIC
SIM-02095,20260615,3,4,8,Sea,Air,89.68,2026-07-09,2026-06-23,18379.34,1825.07,1429.84,2130.17,23764.42,28.80,309.93,1800.00,4692.71,1,None,SYNTHETIC
SIM-02096,20260615,11,2,4,Road,Road,2673.66,2026-06-20,2026-06-19,39539.43,4293.98,1224.71,0.00,45058.12,14.40,4620.08,1800.00,44920.78,0,None,SYNTHETIC
SIM-02097,20260615,9,4,2,Road,Road,3969.52,2026-06-20,2026-06-20,116331.35,17135.61,1715.84,0.00,135182.80,25.20,12003.83,1800.00,113835.73,0,None,SYNTHETIC
SIM-02098,20260616,12,5,2,Road,Road,2457.79,2026-06-21,2026-06-21,67299.54,10377.59,2563.43,0.00,80240.56,25.20,7432.36,1800.00,71168.67,0,None,SYNTHETIC
SIM-02099,20260616,1,2,8,Sea,Sea,3724.58,2026-07-10,2026-07-10,110239.35,12468.07,2024.88,0.00,124732.30,28.80,12872.15,1800.00,121940.05,0,None,SYNTHETIC
SIM-02100,20260616,12,1,2,Road,Road,3167.81,2026-06-21,2026-06-21,71777.94,10371.91,1263.78,0.00,83413.63,25.20,9579.46,1800.00,91208.27,0,None,SYNTHETIC
SIM-02101,20260616,12,4,5,Sea,Air,496.38,2026-07-10,2026-06-22,129801.47,12253.26,1671.06,20404.79,164130.58,38.40,2287.32,1800.00,23148.31,1,None,SYNTHETIC
SIM-02102,20260616,2,5,2,Road,Road,4611.47,2026-06-21,2026-06-21,126377.14,11790.99,2462.05,0.00,140630.18,25.20,13945.08,1800.00,131954.12,0,None,SYNTHETIC
SIM-02103,20260616,5,5,4,Road,Road,2520.37,2026-06-21,2026-06-21,35760.62,4023.07,1134.40,0.00,40918.09,14.40,4355.20,1800.00,42448.53,0,None,SYNTHETIC
SIM-02104,20260616,7,4,5,Sea,Sea,5622.28,2026-07-10,2026-07-09,219324.10,37109.64,2319.26,0.00,258753.00,38.40,25907.47,1800.00,243603.02,0,None,SYNTHETIC
SIM-02105,20260616,3,2,8,Sea,Sea,4509.61,2026-07-10,2026-07-10,137984.14,17703.37,1616.57,0.00,157304.08,28.80,15585.21,1800.00,147261.98,0,None,SYNTHETIC
SIM-02106,20260617,11,4,8,Sea,Sea,1230.99,2026-07-11,2026-07-10,40096.04,3716.90,2166.00,0.00,45978.94,28.80,4254.30,1800.00,41506.81,0,None,SYNTHETIC
SIM-02107,20260617,11,5,7,Sea,Sea,4167.10,2026-07-11,2026-07-11,97996.91,10083.88,1516.44,0.00,109597.23,25.60,12801.33,1800.00,121279.09,0,None,SYNTHETIC
SIM-02108,20260617,2,3,1,Road,Road,501.31,2026-06-22,2026-06-22,8682.98,1419.67,1301.72,0.00,11404.37,18.00,1082.83,1800.00,11906.41,0,None,SYNTHETIC
SIM-02109,20260617,2,3,2,Road,Road,769.21,2026-06-22,2026-06-22,22239.18,2339.56,2713.26,0.00,27292.00,25.20,2326.09,1800.00,23510.18,0,None,SYNTHETIC
SIM-02110,20260617,5,3,8,Sea,Sea,1908.21,2026-07-11,2026-07-11,61355.10,5791.92,1307.87,0.00,68454.89,28.80,6594.77,1800.00,63351.22,0,None,SYNTHETIC
SIM-02111,20260618,12,1,5,Sea,Sea,4956.76,2026-07-12,2026-07-11,179539.62,15404.50,1146.18,0.00,196090.30,38.40,22840.75,1800.00,214980.33,0,None,SYNTHETIC
SIM-02112,20260618,7,4,3,Road,Road,5521.30,2026-06-23,2026-06-23,122260.38,16297.31,2248.74,0.00,140806.43,19.80,13118.61,1800.00,124240.35,0,None,SYNTHETIC
SIM-02113,20260619,10,5,2,Road,Road,5673.81,2026-06-24,2026-06-24,152011.45,23166.54,2180.20,0.00,177358.19,25.20,17157.60,1800.00,161937.61,0,None,SYNTHETIC
SIM-02114,20260619,5,4,4,Road,Road,5966.20,2026-06-24,2026-06-22,88431.93,12787.26,1113.84,9939.75,112272.78,14.40,10309.59,1800.00,98022.87,1,None,SYNTHETIC
SIM-02115,20260619,7,1,6,Air,Air,509.49,2026-06-26,2026-06-30,161502.24,18185.15,2704.70,24661.39,207053.48,336.00,20542.64,1800.00,193531.28,1,Documentation,SYNTHETIC
SIM-02116,20260619,7,2,8,Sea,Sea,4697.02,2026-07-13,2026-07-18,141950.65,11668.34,2683.53,0.00,156302.52,28.80,16232.90,1800.00,153307.08,0,Weather,SYNTHETIC
SIM-02117,20260620,8,4,2,Road,Road,3606.19,2026-06-25,2026-06-25,98258.49,16586.03,2670.85,0.00,117515.37,25.20,10905.12,1800.00,103581.11,0,None,SYNTHETIC
SIM-02118,20260620,3,2,5,Sea,Sea,2795.51,2026-07-14,2026-07-14,101999.51,9220.76,2109.03,0.00,113329.30,38.40,12881.71,1800.00,122029.29,0,None,SYNTHETIC
SIM-02119,20260620,7,2,4,Road,Road,5693.65,2026-06-25,2026-06-24,80297.35,9491.15,2713.76,0.00,92502.26,14.40,9838.63,1800.00,93627.19,0,None,SYNTHETIC
SIM-02120,20260620,3,5,5,Sea,Air,801.92,2026-07-14,2026-06-24,205380.14,29964.96,2350.37,23249.03,260944.50,38.40,3695.25,1800.00,36288.98,1,None,SYNTHETIC
SIM-02121,20260620,12,5,2,Road,Road,3575.15,2026-06-25,2026-06-22,89031.54,12143.90,1714.73,7799.16,110689.33,25.20,10811.25,1800.00,102705.03,1,None,SYNTHETIC
SIM-02122,20260620,1,2,8,Sea,Sea,5936.14,2026-07-14,2026-07-13,187277.23,21986.35,1464.09,0.00,210727.67,28.80,20515.30,1800.00,193276.13,0,None,SYNTHETIC
SIM-02123,20260620,7,4,3,Road,Road,1613.13,2026-06-25,2026-06-24,31293.67,5316.79,2199.29,0.00,38809.75,19.80,3832.80,1800.00,37572.77,0,None,SYNTHETIC
SIM-02124,20260620,1,2,1,Road,Road,3169.77,2026-06-25,2026-06-26,59222.23,7385.01,1112.09,0.00,67719.33,18.00,6846.70,1800.00,65702.56,0,Documentation,SYNTHETIC
SIM-02125,20260621,7,5,8,Sea,Sea,5570.79,2026-07-15,2026-07-15,151797.51,15103.85,2083.43,0.00,168984.79,28.80,19252.65,1800.00,181491.40,0,None,SYNTHETIC
SIM-02126,20260621,2,1,5,Sea,Sea,4972.91,2026-07-15,2026-07-14,181085.65,26728.24,2243.04,0.00,210056.93,38.40,22915.17,1800.00,215674.91,0,None,SYNTHETIC
SIM-02127,20260621,1,1,3,Road,Road,5295.24,2026-06-26,2026-06-29,103319.16,16985.67,1197.08,0.00,121501.91,19.80,12581.49,1800.00,119227.24,0,Capacity constraint,SYNTHETIC
SIM-02128,20260622,7,2,7,Sea,Air,480.81,2026-07-16,2026-06-26,83629.75,7476.50,1605.92,10821.69,103533.86,25.60,1477.05,1800.00,15585.79,1,None,SYNTHETIC
SIM-02129,20260622,2,4,7,Sea,Sea,5638.92,2026-07-16,2026-07-16,151069.82,17176.64,1673.04,0.00,169919.50,25.60,17322.76,1800.00,163479.11,0,None,SYNTHETIC
SIM-02130,20260622,7,4,5,Sea,Sea,2778.96,2026-07-16,2026-07-16,115533.81,10871.73,1847.69,0.00,128253.23,38.40,12805.45,1800.00,121317.51,0,None,SYNTHETIC
SIM-02131,20260622,5,2,6,Sea,Sea,4634.02,2026-07-19,2026-07-19,220638.06,29278.67,2055.91,0.00,251972.64,51.20,28471.42,1800.00,267533.24,0,None,SYNTHETIC
SIM-02132,20260623,8,3,6,Sea,Sea,5079.53,2026-07-20,2026-07-23,300098.99,35081.57,1994.55,0.00,337175.11,51.20,31208.63,1800.00,293080.57,0,Documentation,SYNTHETIC
SIM-02133,20260623,1,3,7,Sea,Sea,2031.13,2026-07-17,2026-07-16,52232.29,4810.59,2594.35,0.00,59637.23,25.60,6239.63,1800.00,60036.56,0,None,SYNTHETIC
SIM-02134,20260623,12,3,5,Sea,Sea,830.41,2026-07-17,2026-07-16,34088.67,4700.83,1819.15,0.00,40608.65,38.40,3826.53,1800.00,37514.27,0,None,SYNTHETIC
SIM-02135,20260623,7,3,8,Sea,Sea,3364.17,2026-07-17,2026-07-17,103704.10,11739.30,2145.15,0.00,117588.55,28.80,11626.57,1800.00,110314.67,0,None,SYNTHETIC
SIM-02136,20260623,11,5,8,Sea,Sea,5838.49,2026-07-17,2026-07-17,154340.88,14322.83,2809.59,0.00,171473.30,28.80,20177.82,1800.00,190126.33,0,None,SYNTHETIC
SIM-02137,20260623,7,4,5,Sea,Sea,1157.69,2026-07-17,2026-07-17,54403.16,6104.03,1900.60,0.00,62407.79,38.40,5334.64,1800.00,51589.94,0,None,SYNTHETIC
SIM-02138,20260623,9,1,6,Sea,Air,545.62,2026-07-20,2026-06-30,198984.65,17590.24,1593.45,12794.71,230963.05,51.20,3352.29,1800.00,33088.03,1,None,SYNTHETIC
SIM-02139,20260624,2,2,7,Air,Air,516.97,2026-06-28,2026-06-28,97903.00,13951.18,2083.61,0.00,113937.79,168.00,10422.12,1800.00,99073.08,0,None,SYNTHETIC
SIM-02140,20260624,12,4,5,Sea,Air,98.32,2026-07-18,2026-06-27,28949.84,3167.11,1177.07,2119.13,35413.15,38.40,453.06,1800.00,6028.55,1,None,SYNTHETIC
SIM-02141,20260624,2,2,3,Road,Road,4521.50,2026-06-29,2026-06-28,83675.28,13111.92,1732.06,0.00,98519.26,19.80,10743.08,1800.00,102068.78,0,None,SYNTHETIC
SIM-02142,20260624,7,4,8,Sea,Sea,1314.43,2026-07-18,2026-07-19,39638.44,6532.41,2091.95,0.00,48262.80,28.80,4542.67,1800.00,44198.25,0,Documentation,SYNTHETIC
SIM-02143,20260624,11,3,3,Road,Road,2844.65,2026-06-29,2026-06-29,62096.56,8420.29,1744.59,0.00,72261.44,19.80,6758.89,1800.00,64882.96,0,None,SYNTHETIC
SIM-02144,20260624,10,5,2,Road,Road,5351.19,2026-06-29,2026-06-29,122465.99,20341.60,2451.33,0.00,145258.92,25.20,16182.00,1800.00,152831.99,0,None,SYNTHETIC
SIM-02145,20260624,10,3,2,Road,Road,1006.68,2026-06-29,2026-06-29,27369.75,4354.53,2136.43,0.00,33860.71,25.20,3044.20,1800.00,30212.54,0,None,SYNTHETIC
SIM-02146,20260625,6,4,6,Sea,Sea,3847.61,2026-07-22,2026-07-22,241744.95,28646.78,2464.09,0.00,272855.82,51.20,23639.72,1800.00,222437.35,0,None,SYNTHETIC
SIM-02147,20260625,11,3,7,Sea,Sea,1448.03,2026-07-19,2026-07-18,44439.63,6123.78,1592.12,0.00,52155.53,25.60,4448.35,1800.00,43317.92,0,None,SYNTHETIC
SIM-02148,20260625,5,3,5,Sea,Sea,2464.02,2026-07-19,2026-07-18,101176.55,14872.95,1119.38,0.00,117168.88,38.40,11354.20,1800.00,107772.57,0,None,SYNTHETIC
SIM-02149,20260625,12,5,7,Air,Air,817.88,2026-06-29,2026-06-29,125605.70,15135.49,1972.98,0.00,142714.17,168.00,16488.46,1800.00,155692.30,0,None,SYNTHETIC
SIM-02150,20260625,2,3,7,Sea,Sea,1237.29,2026-07-19,2026-07-19,34244.21,4530.51,2473.03,0.00,41247.75,25.60,3800.95,1800.00,37275.57,0,None,SYNTHETIC
SIM-02151,20260625,11,1,4,Road,Road,830.93,2026-06-30,2026-06-30,12414.84,1306.04,1345.02,0.00,15065.90,14.40,1435.85,1800.00,15201.24,0,None,SYNTHETIC
SIM-02152,20260625,1,5,2,Road,Road,4106.98,2026-06-30,2026-07-01,106732.87,12231.59,2464.12,0.00,121428.58,25.20,12419.51,1800.00,117715.41,0,Weather,SYNTHETIC
SIM-02153,20260626,3,4,5,Sea,Air,337.31,2026-07-20,2026-07-03,91360.96,10945.04,2668.08,9611.17,114585.25,38.40,1554.32,1800.00,16307.02,1,None,SYNTHETIC
SIM-02154,20260626,11,3,3,Road,Road,4748.72,2026-07-01,2026-07-01,100993.56,11553.66,2868.71,0.00,115415.93,19.80,11282.96,1800.00,107107.62,0,None,SYNTHETIC
SIM-02155,20260626,2,5,7,Sea,Sea,3770.78,2026-07-20,2026-07-25,103441.91,15133.55,2718.24,0.00,121293.70,25.60,11583.84,1800.00,109915.81,0,Weather,SYNTHETIC
SIM-02156,20260627,7,4,1,Road,Road,2360.52,2026-07-02,2026-07-02,45017.74,3975.07,2581.46,0.00,51574.27,18.00,5098.72,1800.00,49388.08,0,None,SYNTHETIC
SIM-02157,20260627,5,1,1,Road,Road,4962.80,2026-07-02,2026-07-02,84190.90,7602.44,1476.99,0.00,93270.33,18.00,10719.65,1800.00,101850.05,0,None,SYNTHETIC
SIM-02158,20260627,5,4,2,Road,Road,2323.70,2026-07-02,2026-07-01,63328.84,5249.96,2551.65,0.00,71130.45,25.20,7026.87,1800.00,67384.11,0,None,SYNTHETIC
SIM-02159,20260627,12,3,8,Sea,Sea,4302.86,2026-07-21,2026-07-22,136613.71,19180.56,2177.51,0.00,157971.78,28.80,14870.68,1800.00,140593.05,0,Documentation,SYNTHETIC
SIM-02160,20260627,11,5,3,Road,Road,5679.65,2026-07-02,2026-07-07,103643.33,11960.44,2782.97,0.00,118386.74,19.80,13494.85,1800.00,127751.92,0,Capacity constraint,SYNTHETIC
SIM-02161,20260628,5,3,1,Road,Road,1923.27,2026-07-03,2026-07-03,33615.66,3791.85,2631.45,0.00,40038.96,18.00,4154.26,1800.00,40573.12,0,None,SYNTHETIC
SIM-02162,20260628,1,5,2,Road,Road,3377.33,2026-07-03,2026-07-01,96162.49,11674.13,2205.63,15520.63,125562.88,25.20,10213.05,1800.00,97121.77,1,None,SYNTHETIC
SIM-02163,20260628,1,1,2,Road,Road,2464.66,2026-07-03,2026-07-07,66265.10,7123.50,1467.77,0.00,74856.37,25.20,7453.13,1800.00,71362.56,0,Weather,SYNTHETIC
SIM-02164,20260628,8,1,1,Road,Road,4723.18,2026-07-03,2026-07-02,84864.44,11533.08,1177.60,0.00,97575.12,18.00,10202.07,1800.00,97019.31,0,None,SYNTHETIC
SIM-02165,20260628,7,1,4,Road,Road,1994.26,2026-07-03,2026-07-02,30788.83,5175.60,1663.55,0.00,37627.98,14.40,3446.08,1800.00,33963.42,0,None,SYNTHETIC
SIM-02166,20260628,7,3,2,Road,Road,5831.61,2026-07-03,2026-07-03,139348.60,12652.85,1764.39,0.00,153765.84,25.20,17634.79,1800.00,166391.36,0,None,SYNTHETIC
SIM-02167,20260629,9,4,5,Sea,Sea,2452.23,2026-07-23,2026-07-22,109342.18,14312.89,2053.56,0.00,125708.63,38.40,11299.88,1800.00,107265.51,0,None,SYNTHETIC
SIM-02168,20260629,7,1,4,Road,Road,4025.00,2026-07-04,2026-07-08,62159.98,5843.04,1437.76,0.00,69440.78,14.40,6955.20,1800.00,66715.20,0,Documentation,SYNTHETIC
SIM-02169,20260630,11,1,1,Road,Road,5379.63,2026-07-05,2026-07-07,87278.98,10211.64,2165.09,0.00,99655.71,18.00,11620.00,1800.00,110253.34,0,Documentation,SYNTHETIC
SIM-02170,20260630,9,1,6,Sea,Sea,877.97,2026-07-27,2026-07-27,46828.28,6490.40,2022.51,0.00,55341.19,51.20,5394.25,1800.00,52146.31,0,None,SYNTHETIC
SIM-02171,20260630,3,2,6,Air,Air,336.36,2026-07-07,2026-07-13,118161.54,13895.80,1962.92,0.00,134020.26,336.00,13562.04,1800.00,128379.00,0,Capacity constraint,SYNTHETIC
SIM-02172,20260701,10,2,8,Air,Air,309.89,2026-07-05,2026-07-12,62251.01,6679.53,1222.99,0.00,70153.53,189.00,7028.31,1800.00,67397.52,0,Documentation,SYNTHETIC
SIM-02173,20260701,4,3,6,Sea,Sea,5507.07,2026-07-28,2026-07-27,320387.90,30500.93,1782.98,0.00,352671.81,51.20,33835.44,1800.00,317597.42,0,None,SYNTHETIC
SIM-02174,20260701,10,1,2,Road,Road,4826.92,2026-07-06,2026-07-08,126183.41,10119.91,1744.50,0.00,138047.82,25.20,14596.61,1800.00,138034.99,0,Capacity constraint,SYNTHETIC
SIM-02175,20260701,5,4,2,Road,Road,5828.72,2026-07-06,2026-07-06,185219.94,27468.12,1798.93,0.00,214486.99,25.20,17626.05,1800.00,166309.79,0,None,SYNTHETIC
SIM-02176,20260702,7,4,1,Road,Road,5336.81,2026-07-07,2026-07-09,112540.96,13696.23,1922.35,0.00,128159.54,18.00,11527.51,1800.00,109390.09,0,Capacity constraint,SYNTHETIC
SIM-02177,20260702,1,1,1,Road,Road,562.98,2026-07-07,2026-07-06,10139.11,866.89,2797.45,0.00,13803.45,18.00,1216.04,1800.00,13149.68,0,None,SYNTHETIC
SIM-02178,20260703,11,3,1,Road,Road,670.97,2026-07-08,2026-07-08,14161.81,1603.12,1111.10,0.00,16876.03,18.00,1449.30,1800.00,15326.76,0,None,SYNTHETIC
SIM-02179,20260704,8,1,1,Road,Road,2551.07,2026-07-09,2026-07-13,52842.24,8576.30,2071.01,0.00,63489.55,18.00,5510.31,1800.00,53229.57,0,Documentation,SYNTHETIC
SIM-02180,20260704,7,2,2,Road,Road,4213.34,2026-07-09,2026-07-13,108005.22,9698.87,2746.98,0.00,120451.07,25.20,12741.14,1800.00,120717.31,0,Capacity constraint,SYNTHETIC
SIM-02181,20260704,7,2,3,Road,Road,5929.51,2026-07-09,2026-07-15,123671.92,16102.08,2231.20,0.00,142005.20,19.80,14088.52,1800.00,133292.82,0,Weather,SYNTHETIC
SIM-02182,20260705,4,3,7,Sea,Sea,4743.05,2026-07-29,2026-07-29,126845.79,20257.27,2596.78,0.00,149699.84,25.60,14570.65,1800.00,137792.73,0,None,SYNTHETIC
SIM-02183,20260705,12,5,1,Road,Road,5235.62,2026-07-10,2026-07-08,108469.19,10825.23,1838.85,17528.62,138661.89,18.00,11308.94,1800.00,107350.10,1,None,SYNTHETIC
SIM-02184,20260705,8,4,3,Road,Road,3144.10,2026-07-10,2026-07-10,74064.10,11124.43,2322.10,0.00,87510.63,19.80,7470.38,1800.00,71523.56,0,None,SYNTHETIC
SIM-02185,20260705,12,2,4,Road,Road,1578.87,2026-07-10,2026-07-17,24187.94,2781.61,1330.88,0.00,28300.43,14.40,2728.29,1800.00,27264.02,0,Capacity constraint,SYNTHETIC
SIM-02186,20260705,6,2,2,Road,Road,2524.85,2026-07-10,2026-07-15,71659.11,11522.78,1957.20,0.00,85139.09,25.20,7635.15,1800.00,73061.37,0,Documentation,SYNTHETIC
SIM-02187,20260705,6,2,5,Air,Air,406.60,2026-07-09,2026-07-15,102016.61,13517.20,2632.00,0.00,118165.81,252.00,12295.58,1800.00,116558.78,0,Documentation,SYNTHETIC
SIM-02188,20260706,7,5,8,Sea,Sea,1305.67,2026-07-30,2026-08-04,42224.73,5218.98,1394.50,0.00,48838.21,28.80,4512.40,1800.00,43915.70,0,Documentation,SYNTHETIC
SIM-02189,20260707,5,3,5,Air,Air,379.54,2026-07-11,2026-07-15,122203.86,16864.13,2049.77,12208.17,153325.93,252.00,11477.29,1800.00,108921.37,1,Capacity constraint,SYNTHETIC
SIM-02190,20260707,10,1,8,Sea,Sea,5281.38,2026-07-31,2026-08-02,160865.99,20993.01,1696.40,0.00,183555.40,28.80,18252.45,1800.00,172156.19,0,Documentation,SYNTHETIC
SIM-02191,20260707,8,1,7,Sea,Air,93.00,2026-07-31,2026-07-14,15084.20,1496.35,2491.96,2511.52,21584.03,25.60,285.70,1800.00,4466.50,1,None,SYNTHETIC
SIM-02192,20260707,6,5,3,Road,Road,1693.95,2026-07-12,2026-07-19,38714.14,5714.21,2419.07,0.00,46847.42,19.80,4024.83,1800.00,39365.04,0,Weather,SYNTHETIC
SIM-02193,20260708,1,5,7,Sea,Air,302.76,2026-08-01,2026-07-12,54513.28,8193.35,1148.62,5211.47,69066.72,25.60,930.08,1800.00,10480.74,1,None,SYNTHETIC
SIM-02194,20260708,9,5,7,Sea,Sea,3753.33,2026-08-01,2026-08-04,106169.16,17581.61,1962.01,0.00,125712.78,25.60,11530.23,1800.00,109415.48,0,Documentation,SYNTHETIC
SIM-02195,20260708,11,4,8,Sea,Sea,3323.40,2026-08-01,2026-07-31,115522.32,17836.65,1149.13,0.00,134508.10,28.80,11485.67,1800.00,108999.59,0,None,SYNTHETIC
SIM-02196,20260708,7,3,8,Sea,Sea,5052.90,2026-08-01,2026-07-31,159153.79,16902.13,1484.84,0.00,177540.76,28.80,17462.82,1800.00,164786.34,0,None,SYNTHETIC
SIM-02197,20260708,4,4,2,Road,Road,666.12,2026-07-13,2026-07-12,21492.31,2755.31,1850.88,0.00,26098.50,25.20,2014.35,1800.00,20600.57,0,None,SYNTHETIC
SIM-02198,20260709,9,4,3,Road,Road,5087.48,2026-07-14,2026-07-12,131668.52,19908.28,1678.18,8505.79,161760.77,19.80,12087.85,1800.00,114619.95,1,None,SYNTHETIC
SIM-02199,20260709,7,1,2,Road,Road,5927.15,2026-07-14,2026-07-21,143300.86,21065.23,2357.08,0.00,166723.17,25.20,17923.70,1800.00,169087.88,0,Documentation,SYNTHETIC
SIM-02200,20260709,7,2,1,Road,Road,4757.33,2026-07-14,2026-07-17,94772.35,12301.45,1974.98,0.00,109048.78,18.00,10275.83,1800.00,97707.77,0,Documentation,SYNTHETIC
SIM-02201,20260709,7,1,2,Road,Road,3518.00,2026-07-14,2026-07-14,101881.75,16453.90,2204.94,0.00,120540.59,25.20,10638.43,1800.00,101092.03,0,None,SYNTHETIC
SIM-02202,20260709,4,1,3,Road,Road,2748.92,2026-07-14,2026-07-12,63480.10,8868.17,2381.98,10137.77,84868.02,19.80,6531.43,1800.00,62760.05,1,None,SYNTHETIC
SIM-02203,20260709,5,3,7,Sea,Sea,3762.47,2026-08-02,2026-08-02,99260.81,10342.98,2730.51,0.00,112334.30,25.60,11558.31,1800.00,109677.54,0,None,SYNTHETIC
SIM-02204,20260710,6,5,1,Road,Road,5047.19,2026-07-15,2026-07-15,93554.24,8850.23,1327.07,0.00,103731.54,18.00,10901.93,1800.00,103551.35,0,None,SYNTHETIC
SIM-02205,20260710,1,3,2,Road,Road,784.43,2026-07-15,2026-07-15,21544.99,2867.64,2210.57,0.00,26623.20,25.20,2372.12,1800.00,23939.76,0,None,SYNTHETIC
SIM-02206,20260710,7,5,1,Road,Road,3099.29,2026-07-15,2026-07-16,55077.51,8002.76,2886.23,8735.29,74701.79,18.00,6694.47,1800.00,64281.69,1,Weather,SYNTHETIC
SIM-02207,20260711,12,3,3,Road,Road,2546.90,2026-07-16,2026-07-15,54204.85,7621.20,1518.29,0.00,63344.34,19.80,6051.43,1800.00,58280.05,0,None,SYNTHETIC
SIM-02208,20260711,11,5,4,Road,Road,4018.41,2026-07-16,2026-07-22,58773.14,6529.70,1706.13,0.00,67008.97,14.40,6943.81,1800.00,66608.91,0,Documentation,SYNTHETIC
SIM-02209,20260711,10,3,8,Sea,Sea,1038.41,2026-08-04,2026-08-03,31269.90,4258.96,2871.18,0.00,38400.04,28.80,3588.75,1800.00,35294.96,0,None,SYNTHETIC
SIM-02210,20260711,3,3,4,Road,Road,5478.60,2026-07-16,2026-07-13,96658.87,13416.25,2447.07,13841.55,126363.74,14.40,9467.02,1800.00,90158.86,1,None,SYNTHETIC
SIM-02211,20260712,7,4,3,Road,Road,768.77,2026-07-17,2026-07-23,19307.85,1924.99,2203.31,0.00,23436.15,19.80,1826.60,1800.00,18848.25,0,Capacity constraint,SYNTHETIC
SIM-02212,20260713,6,3,8,Sea,Sea,2194.22,2026-08-06,2026-08-07,66096.88,6609.69,2252.05,0.00,74958.62,28.80,7583.22,1800.00,72576.76,0,Capacity constraint,SYNTHETIC
SIM-02213,20260713,8,5,3,Road,Road,2717.30,2026-07-18,2026-07-18,57329.18,7189.08,1187.89,0.00,65706.15,19.80,6456.30,1800.00,62058.84,0,None,SYNTHETIC
SIM-02214,20260713,8,5,2,Road,Road,2535.53,2026-07-18,2026-07-19,73487.27,6687.34,1704.09,0.00,81878.70,25.20,7667.44,1800.00,73362.80,0,Documentation,SYNTHETIC
SIM-02215,20260713,1,1,3,Road,Road,4633.94,2026-07-18,2026-07-17,100941.25,9074.62,1317.20,0.00,111333.07,19.80,11010.24,1800.00,104562.25,0,None,SYNTHETIC
SIM-02216,20260714,7,3,5,Sea,Air,884.45,2026-08-07,2026-07-25,247523.75,20074.18,2320.33,40643.40,310561.66,38.40,4075.55,1800.00,39838.43,1,None,SYNTHETIC
SIM-02217,20260714,5,3,4,Road,Road,3712.80,2026-07-19,2026-07-24,66463.14,11092.70,2567.38,0.00,80123.22,14.40,6415.72,1800.00,61680.04,0,Capacity constraint,SYNTHETIC
SIM-02218,20260714,6,3,7,Air,Air,727.14,2026-07-18,2026-07-18,144125.28,17136.50,1855.69,0.00,163117.47,168.00,14659.14,1800.00,138618.66,0,None,SYNTHETIC
SIM-02219,20260714,2,2,4,Road,Road,4277.55,2026-07-19,2026-07-23,66495.20,6569.73,1709.46,0.00,74774.39,14.40,7391.61,1800.00,70788.33,0,Capacity constraint,SYNTHETIC
SIM-02220,20260714,9,1,5,Air,Air,782.85,2026-07-18,2026-07-25,197658.28,33542.61,1237.58,0.00,232438.47,252.00,23673.38,1800.00,222751.58,0,Documentation,SYNTHETIC
SIM-02221,20260714,12,4,4,Road,Road,4217.14,2026-07-19,2026-07-22,71386.95,9551.57,1262.98,12107.23,94308.73,14.40,7287.22,1800.00,69814.04,1,Documentation,SYNTHETIC
SIM-02222,20260715,10,2,5,Sea,Sea,5067.77,2026-08-08,2026-08-07,202532.71,33316.63,2563.96,0.00,238413.30,38.40,23352.28,1800.00,219754.65,0,None,SYNTHETIC
SIM-02223,20260715,7,1,1,Road,Road,2466.05,2026-07-20,2026-07-24,42410.86,5687.30,2364.57,0.00,50462.73,18.00,5326.67,1800.00,51515.57,0,Documentation,SYNTHETIC
SIM-02224,20260715,5,3,5,Sea,Sea,2752.03,2026-08-08,2026-08-14,116589.79,14352.20,2249.17,0.00,133191.16,38.40,12681.35,1800.00,120159.30,0,Weather,SYNTHETIC
SIM-02225,20260715,2,5,6,Sea,Sea,723.34,2026-08-11,2026-08-11,35780.42,3685.38,2511.05,0.00,41976.85,51.20,4444.20,1800.00,43279.21,0,None,SYNTHETIC
SIM-02226,20260716,7,1,3,Road,Road,1866.52,2026-07-21,2026-07-26,34568.01,4891.37,2423.60,0.00,41882.98,19.80,4434.85,1800.00,43191.95,0,Capacity constraint,SYNTHETIC
SIM-02227,20260716,7,2,6,Air,Air,795.70,2026-07-23,2026-07-28,309271.04,25483.93,1573.14,0.00,336328.11,336.00,32082.62,1800.00,301237.82,0,Documentation,SYNTHETIC
SIM-02228,20260716,9,2,1,Road,Road,2041.70,2026-07-21,2026-07-21,39939.74,5032.41,2524.84,0.00,47496.99,18.00,4410.07,1800.00,42960.67,0,None,SYNTHETIC
SIM-02229,20260717,7,4,1,Road,Road,3962.76,2026-07-22,2026-07-21,89108.21,12742.47,1402.34,0.00,103253.02,18.00,8559.56,1800.00,81689.24,0,None,SYNTHETIC
SIM-02230,20260718,9,1,5,Sea,Sea,2626.41,2026-08-11,2026-08-11,100389.02,11655.17,1151.37,0.00,113195.56,38.40,12102.50,1800.00,114756.64,0,None,SYNTHETIC
SIM-02231,20260718,7,4,6,Sea,Air,328.05,2026-08-14,2026-07-25,144810.07,18825.31,1292.23,21909.76,186837.37,51.20,2015.54,1800.00,20611.70,1,None,SYNTHETIC
SIM-02232,20260718,8,4,2,Road,Road,1548.65,2026-07-23,2026-07-22,52030.80,4906.50,2722.46,0.00,59659.76,25.20,4683.12,1800.00,45509.10,0,None,SYNTHETIC
SIM-02233,20260718,12,3,1,Road,Road,5965.81,2026-07-23,2026-07-30,113235.34,15694.42,1611.14,0.00,130540.90,18.00,12886.15,1800.00,122070.73,0,Documentation,SYNTHETIC
SIM-02234,20260718,8,1,6,Sea,Sea,2695.19,2026-08-14,2026-08-13,151989.68,17129.24,2267.27,0.00,171386.19,51.20,16559.25,1800.00,156352.98,0,None,SYNTHETIC
SIM-02235,20260719,8,5,7,Sea,Air,891.96,2026-08-12,2026-07-26,152454.72,13461.75,1651.71,14025.83,181594.01,25.60,2740.10,1800.00,27374.28,1,None,SYNTHETIC
SIM-02236,20260719,1,2,7,Sea,Sea,4525.27,2026-08-12,2026-08-19,138465.34,13569.60,1950.12,0.00,153985.06,25.60,13901.63,1800.00,131548.54,0,Capacity constraint,SYNTHETIC
SIM-02237,20260719,4,5,8,Sea,Sea,5817.48,2026-08-12,2026-08-11,165959.09,21441.91,1264.64,0.00,188665.64,28.80,20105.21,1800.00,189448.63,0,None,SYNTHETIC
SIM-02238,20260719,3,5,5,Sea,Sea,5507.23,2026-08-12,2026-08-12,239876.12,40155.26,2123.20,0.00,282154.58,38.40,25377.32,1800.00,238654.95,0,None,SYNTHETIC
SIM-02239,20260719,10,2,5,Sea,Air,837.19,2026-08-12,2026-07-22,258445.32,32796.71,1536.34,18401.31,311179.68,38.40,3857.77,1800.00,37805.87,1,None,SYNTHETIC
SIM-02240,20260720,7,5,7,Sea,Sea,4658.99,2026-08-13,2026-08-12,128795.56,18662.48,1656.98,0.00,149115.02,25.60,14312.42,1800.00,135382.56,0,None,SYNTHETIC
SIM-02241,20260721,10,5,7,Sea,Sea,1358.54,2026-08-14,2026-08-13,37847.27,5404.59,1531.96,0.00,44783.82,25.60,4173.43,1800.00,40752.05,0,None,SYNTHETIC
SIM-02242,20260721,2,2,3,Road,Road,1854.99,2026-07-26,2026-07-29,40085.36,6786.45,2862.56,0.00,49734.37,19.80,4407.46,1800.00,42936.26,0,Capacity constraint,SYNTHETIC
SIM-02243,20260721,11,4,4,Road,Road,5086.86,2026-07-26,2026-07-26,98621.15,13146.20,1233.69,0.00,113001.04,14.40,8790.09,1800.00,83840.87,0,None,SYNTHETIC
SIM-02244,20260721,5,5,4,Road,Road,910.06,2026-07-26,2026-07-26,13995.21,1773.19,2725.53,0.00,18493.93,14.40,1572.58,1800.00,16477.44,0,None,SYNTHETIC
SIM-02245,20260722,12,4,5,Sea,Sea,2884.00,2026-08-15,2026-08-21,137717.49,11485.64,2759.86,0.00,151962.99,38.40,13289.47,1800.00,125835.07,0,Capacity constraint,SYNTHETIC
SIM-02246,20260722,7,3,6,Sea,Sea,2738.55,2026-08-18,2026-08-20,164743.76,23130.02,2278.34,0.00,190152.12,51.20,16825.65,1800.00,158839.41,0,Documentation,SYNTHETIC
SIM-02247,20260722,3,4,6,Air,Air,580.66,2026-07-29,2026-08-03,226162.96,24086.36,2472.65,37045.49,289767.46,336.00,23412.21,1800.00,220313.97,1,Capacity constraint,SYNTHETIC
SIM-02248,20260722,12,2,1,Road,Road,1702.52,2026-07-27,2026-07-26,33941.72,5569.84,2678.24,0.00,42189.80,18.00,3677.44,1800.00,36122.80,0,None,SYNTHETIC
SIM-02249,20260722,8,1,7,Air,Air,366.22,2026-07-26,2026-07-25,72803.43,10498.25,1975.72,0.00,85277.40,168.00,7383.00,1800.00,70707.96,0,None,SYNTHETIC
SIM-02250,20260723,11,3,8,Air,Air,330.39,2026-07-27,2026-07-27,79966.60,9627.98,2702.48,0.00,92297.06,189.00,7493.25,1800.00,71736.96,0,None,SYNTHETIC
SIM-02251,20260723,10,4,6,Sea,Sea,4434.21,2026-08-19,2026-08-22,254505.91,37081.51,2420.04,0.00,294007.46,51.20,27243.79,1800.00,256075.34,0,Weather,SYNTHETIC
SIM-02252,20260724,7,5,8,Sea,Sea,2519.07,2026-08-17,2026-08-20,72490.12,6350.13,2069.45,0.00,80909.70,28.80,8705.91,1800.00,83055.13,0,Capacity constraint,SYNTHETIC
SIM-02253,20260724,9,5,2,Road,Road,1104.50,2026-07-29,2026-07-28,33586.86,3019.46,1799.77,0.00,38406.09,25.20,3340.01,1800.00,32973.41,0,None,SYNTHETIC
SIM-02254,20260724,8,4,6,Air,Air,183.92,2026-07-31,2026-08-06,75243.95,7878.04,1117.49,0.00,84239.48,336.00,7415.65,1800.00,71012.77,0,Documentation,SYNTHETIC
SIM-02255,20260724,12,3,4,Road,Road,2287.79,2026-07-29,2026-07-27,34488.98,5549.28,2448.82,5949.35,48436.43,14.40,3953.30,1800.00,38697.48,1,None,SYNTHETIC
SIM-02256,20260725,10,4,6,Sea,Air,827.64,2026-08-21,2026-08-07,302835.58,27982.01,2235.13,44213.99,377266.71,51.20,5085.02,1800.00,49260.19,1,None,SYNTHETIC
SIM-02257,20260725,7,2,5,Sea,Air,372.04,2026-08-18,2026-08-03,94669.90,14153.15,2590.03,7157.04,118570.12,38.40,1714.36,1800.00,17800.70,1,None,SYNTHETIC
SIM-02258,20260725,4,3,6,Air,Air,168.21,2026-08-01,2026-07-31,60088.14,7703.30,1421.37,0.00,69212.81,336.00,6782.23,1800.00,65100.79,0,None,SYNTHETIC
SIM-02259,20260725,8,4,4,Road,Road,2079.91,2026-07-30,2026-07-29,39386.65,5132.08,2681.47,0.00,47200.20,14.40,3594.08,1800.00,35344.78,0,None,SYNTHETIC
SIM-02260,20260726,11,1,6,Sea,Air,298.55,2026-08-22,2026-08-01,95868.31,15799.10,2816.88,11552.13,126036.42,51.20,1834.29,1800.00,18920.05,1,None,SYNTHETIC
SIM-02261,20260726,3,1,3,Road,Road,1173.14,2026-07-31,2026-07-31,27163.31,2773.37,1852.63,0.00,31789.31,19.80,2787.38,1800.00,27815.55,0,None,SYNTHETIC
SIM-02262,20260726,4,2,3,Road,Road,2517.34,2026-07-31,2026-08-05,49543.96,6257.40,1963.91,0.00,57765.27,19.80,5981.20,1800.00,57624.53,0,Documentation,SYNTHETIC
SIM-02263,20260726,9,2,5,Sea,Sea,2124.33,2026-08-19,2026-08-19,82950.56,12907.11,2744.93,0.00,98602.60,38.40,9788.91,1800.00,93163.18,0,None,SYNTHETIC
SIM-02264,20260727,1,3,6,Sea,Sea,942.79,2026-08-23,2026-08-23,50483.67,5886.40,1612.55,0.00,57982.62,51.20,5792.50,1800.00,55863.35,0,None,SYNTHETIC
SIM-02265,20260727,1,2,4,Road,Road,3994.41,2026-08-01,2026-07-31,59903.78,9806.25,1722.75,0.00,71432.78,14.40,6902.34,1800.00,66221.84,0,None,SYNTHETIC
SIM-02266,20260727,4,1,3,Road,Road,4860.02,2026-08-01,2026-08-01,91524.92,13371.79,2776.18,0.00,107672.89,19.80,11547.41,1800.00,109575.81,0,None,SYNTHETIC
SIM-02267,20260727,12,3,4,Road,Road,4537.87,2026-08-01,2026-07-31,69554.70,8172.68,2614.04,0.00,80341.42,14.40,7841.44,1800.00,74986.77,0,None,SYNTHETIC
SIM-02268,20260728,4,1,8,Air,Air,202.60,2026-08-01,2026-08-02,44147.85,5032.85,2501.21,0.00,51681.91,189.00,4594.97,1800.00,44686.37,0,Documentation,SYNTHETIC
SIM-02269,20260729,1,4,8,Air,Air,149.09,2026-08-02,2026-08-02,31354.65,4364.57,1815.80,0.00,37535.02,189.00,3381.36,1800.00,33359.37,0,None,SYNTHETIC
SIM-02270,20260729,1,2,5,Air,Air,763.78,2026-08-02,2026-08-02,213090.28,28426.24,1243.30,0.00,242759.82,252.00,23096.71,1800.00,217369.27,0,None,SYNTHETIC
SIM-02271,20260730,1,4,2,Road,Road,3297.53,2026-08-04,2026-08-03,89429.89,9595.83,1488.75,0.00,100514.47,25.20,9971.73,1800.00,94869.49,0,None,SYNTHETIC
SIM-02272,20260730,12,5,7,Sea,Sea,2707.10,2026-08-23,2026-08-22,83163.79,9979.65,2757.40,0.00,95900.84,25.60,8316.21,1800.00,79417.97,0,None,SYNTHETIC
SIM-02273,20260730,11,1,6,Sea,Sea,990.08,2026-08-26,2026-08-26,59851.11,8630.53,2402.02,0.00,70883.66,51.20,6083.05,1800.00,58575.15,0,None,SYNTHETIC
SIM-02274,20260730,7,5,4,Road,Road,755.83,2026-08-04,2026-08-03,10974.80,1797.67,1541.62,0.00,14314.09,14.40,1306.07,1800.00,13990.02,0,None,SYNTHETIC
SIM-02275,20260731,2,3,1,Road,Road,2222.94,2026-08-05,2026-08-06,47300.62,4200.30,2282.84,0.00,53783.76,18.00,4801.55,1800.00,46614.47,0,Documentation,SYNTHETIC
SIM-02276,20260731,11,5,4,Road,Road,2503.11,2026-08-05,2026-08-06,41897.51,5995.53,2029.90,0.00,49922.94,14.40,4325.37,1800.00,42170.15,0,Capacity constraint,SYNTHETIC
SIM-02277,20260731,5,4,8,Sea,Air,426.21,2026-08-24,2026-08-04,85328.64,9300.82,1851.20,14941.04,111421.70,28.80,1472.98,1800.00,15547.83,1,None,SYNTHETIC
SIM-02278,20260731,5,2,2,Road,Road,1566.35,2026-08-05,2026-08-05,41101.36,6954.35,1893.46,0.00,49949.17,25.20,4736.64,1800.00,46008.66,0,None,SYNTHETIC
SIM-02279,20260731,5,4,1,Road,Road,1255.73,2026-08-05,2026-08-04,24198.84,2073.84,1482.51,0.00,27755.19,18.00,2712.38,1800.00,27115.52,0,None,SYNTHETIC
SIM-02280,20260801,1,1,7,Air,Air,795.51,2026-08-05,2026-08-07,148574.43,21231.29,1795.56,0.00,171601.28,168.00,16037.48,1800.00,151483.16,0,Weather,SYNTHETIC
SIM-02281,20260801,10,1,2,Road,Road,2656.22,2026-08-06,2026-08-10,73925.36,11251.44,1183.55,0.00,86360.35,25.20,8032.41,1800.00,76769.15,0,Weather,SYNTHETIC
SIM-02282,20260801,12,5,2,Road,Road,565.78,2026-08-06,2026-08-13,16178.26,2362.03,2641.07,0.00,21181.36,25.20,1710.92,1800.00,17768.58,0,Capacity constraint,SYNTHETIC
SIM-02283,20260801,11,3,3,Road,Road,716.93,2026-08-06,2026-08-10,17944.28,2756.24,2888.33,0.00,23588.85,19.80,1703.43,1800.00,17698.64,0,Capacity constraint,SYNTHETIC
SIM-02284,20260802,2,3,2,Road,Road,3653.91,2026-08-07,2026-08-07,115070.65,11725.70,2381.74,0.00,129178.09,25.20,11049.42,1800.00,104927.95,0,None,SYNTHETIC
SIM-02285,20260802,1,3,6,Sea,Sea,3052.93,2026-08-29,2026-08-30,198940.85,25902.10,1102.28,0.00,225945.23,51.20,18757.20,1800.00,176867.22,0,Documentation,SYNTHETIC
SIM-02286,20260802,6,3,5,Sea,Sea,4361.46,2026-08-26,2026-09-02,177204.02,26102.15,2432.32,0.00,205738.49,38.40,20097.61,1800.00,189377.67,0,Weather,SYNTHETIC
SIM-02287,20260802,6,1,6,Air,Air,485.58,2026-08-09,2026-08-13,175670.87,15687.41,2599.20,0.00,193957.48,336.00,19578.59,1800.00,184533.47,0,Documentation,SYNTHETIC
SIM-02288,20260802,1,2,2,Road,Road,829.34,2026-08-07,2026-08-09,20591.04,2217.66,2874.38,0.00,25683.08,25.20,2507.92,1800.00,25207.29,0,Documentation,SYNTHETIC
SIM-02289,20260802,2,5,6,Sea,Sea,5289.87,2026-08-29,2026-08-29,309113.60,42132.18,2597.16,0.00,353842.94,51.20,32500.96,1800.00,305142.30,0,None,SYNTHETIC
SIM-02290,20260803,2,1,5,Sea,Air,548.06,2026-08-27,2026-08-08,163773.16,27366.50,2864.21,28152.61,222156.48,38.40,2525.46,1800.00,25370.96,1,None,SYNTHETIC
SIM-02291,20260803,2,2,5,Sea,Sea,1830.69,2026-08-27,2026-08-31,74104.66,6965.84,1165.87,0.00,82236.37,38.40,8435.82,1800.00,80534.32,0,Capacity constraint,SYNTHETIC
SIM-02292,20260803,5,3,4,Road,Road,4035.25,2026-08-08,2026-08-07,60923.88,5653.74,1624.70,0.00,68202.32,14.40,6972.91,1800.00,66880.51,0,None,SYNTHETIC
SIM-02293,20260803,8,5,7,Sea,Air,270.96,2026-08-27,2026-08-06,45158.67,4190.72,2076.18,8056.31,59481.88,25.60,832.39,1800.00,9568.97,1,None,SYNTHETIC
SIM-02294,20260803,2,3,7,Sea,Air,181.69,2026-08-27,2026-08-07,33234.73,3941.64,1510.72,5510.32,44197.41,25.60,558.15,1800.00,7009.41,1,None,SYNTHETIC
SIM-02295,20260803,10,5,5,Sea,Air,618.73,2026-08-27,2026-08-08,162796.41,15888.93,1356.06,28994.04,209035.44,38.40,2851.11,1800.00,28410.34,1,None,SYNTHETIC
SIM-02296,20260803,5,5,6,Air,Air,491.45,2026-08-10,2026-08-08,198188.84,22573.71,1395.98,13239.01,235397.54,336.00,19815.26,1800.00,186742.46,1,None,SYNTHETIC
SIM-02297,20260804,1,3,5,Sea,Sea,5533.25,2026-08-28,2026-08-27,253290.85,21859.00,2367.22,0.00,277517.07,38.40,25497.22,1800.00,239774.02,0,None,SYNTHETIC
SIM-02298,20260804,12,5,4,Road,Road,4414.57,2026-08-09,2026-08-09,76782.88,10488.54,2718.37,0.00,89989.79,14.40,7628.38,1800.00,72998.19,0,None,SYNTHETIC
SIM-02299,20260804,3,4,6,Air,Air,651.83,2026-08-11,2026-08-10,252350.33,21399.31,1165.93,0.00,274915.57,336.00,26281.79,1800.00,247096.67,0,None,SYNTHETIC
SIM-02300,20260804,10,5,1,Road,Road,1727.58,2026-08-09,2026-08-09,37370.06,6252.01,2431.69,0.00,46053.76,18.00,3731.57,1800.00,36628.01,0,None,SYNTHETIC
SIM-02301,20260804,12,5,1,Road,Road,5571.89,2026-08-09,2026-08-16,115150.48,10939.30,1179.47,0.00,127269.25,18.00,12035.28,1800.00,114129.30,0,Documentation,SYNTHETIC
SIM-02302,20260804,11,4,7,Sea,Sea,1573.72,2026-08-28,2026-09-03,49690.55,7200.16,2208.95,0.00,59099.66,25.60,4834.47,1800.00,46921.70,0,Capacity constraint,SYNTHETIC
SIM-02303,20260804,4,4,5,Sea,Air,246.74,2026-08-28,2026-08-14,72146.65,8592.67,1911.93,10807.57,93458.82,38.40,1136.98,1800.00,12411.80,1,None,SYNTHETIC
SIM-02304,20260804,1,1,5,Sea,Air,863.35,2026-08-28,2026-08-07,227805.72,20753.10,1448.46,40594.98,290602.26,38.40,3978.32,1800.00,38930.96,1,None,SYNTHETIC
SIM-02305,20260805,2,4,8,Sea,Air,624.19,2026-08-29,2026-08-14,148053.06,21438.08,2068.10,10541.38,182100.62,28.80,2157.20,1800.00,21933.87,1,None,SYNTHETIC
SIM-02306,20260805,7,4,3,Road,Road,2329.32,2026-08-10,2026-08-09,49170.68,6947.82,2637.91,4735.14,63491.55,19.80,5534.46,1800.00,53455.00,1,None,SYNTHETIC
SIM-02307,20260805,1,2,8,Sea,Sea,4165.36,2026-08-29,2026-08-29,131469.48,19418.04,2823.41,0.00,153710.93,28.80,14395.48,1800.00,136157.85,0,None,SYNTHETIC
SIM-02308,20260805,4,2,8,Air,Air,246.73,2026-08-09,2026-08-08,48829.74,5713.08,2654.19,0.00,57197.01,189.00,5595.84,1800.00,54027.81,0,None,SYNTHETIC
SIM-02309,20260805,4,5,6,Sea,Sea,4165.45,2026-09-01,2026-09-01,218548.50,35951.23,1309.26,0.00,255808.99,51.20,25592.52,1800.00,240663.56,0,None,SYNTHETIC
SIM-02310,20260805,11,1,7,Air,Air,605.20,2026-08-09,2026-08-09,120685.54,20371.72,1537.23,0.00,142594.49,168.00,12200.83,1800.00,115674.43,0,None,SYNTHETIC
SIM-02311,20260805,6,2,8,Sea,Sea,3182.26,2026-08-29,2026-08-29,96549.95,16278.32,2674.53,0.00,115502.80,28.80,10997.89,1800.00,104446.98,0,None,SYNTHETIC
SIM-02312,20260805,7,1,2,Road,Road,2002.56,2026-08-10,2026-08-15,56183.44,5820.60,1344.59,0.00,63348.63,25.20,6055.74,1800.00,58320.25,0,Documentation,SYNTHETIC
SIM-02313,20260806,12,3,7,Sea,Sea,3013.32,2026-08-30,2026-09-06,95920.51,8728.77,1337.22,0.00,105986.50,25.60,9256.92,1800.00,88197.91,0,Capacity constraint,SYNTHETIC
SIM-02314,20260806,1,1,4,Road,Road,3412.97,2026-08-11,2026-08-18,47685.29,5798.53,2855.79,0.00,56339.61,14.40,5897.61,1800.00,56844.38,0,Capacity constraint,SYNTHETIC
SIM-02315,20260806,1,3,1,Road,Road,1465.18,2026-08-11,2026-08-13,30974.75,3131.55,2293.99,0.00,36400.29,18.00,3164.79,1800.00,31338.03,0,Capacity constraint,SYNTHETIC
SIM-02316,20260806,2,1,6,Sea,Air,670.22,2026-09-02,2026-08-13,256864.29,26508.39,2699.78,40610.24,326682.70,51.20,4117.83,1800.00,40233.09,1,None,SYNTHETIC
SIM-02317,20260806,2,5,6,Sea,Sea,3848.94,2026-09-02,2026-09-02,231761.92,22388.20,2236.44,0.00,256386.56,51.20,23647.89,1800.00,222513.62,0,None,SYNTHETIC
SIM-02318,20260806,11,4,7,Sea,Sea,3199.28,2026-08-30,2026-09-04,92484.43,9775.60,2685.67,0.00,104945.70,25.60,9828.19,1800.00,93529.76,0,Capacity constraint,SYNTHETIC
SIM-02319,20260807,9,2,6,Air,Air,167.20,2026-08-14,2026-08-12,59572.47,6642.33,1891.02,7601.45,75707.27,336.00,6741.50,1800.00,64720.70,1,None,SYNTHETIC
SIM-02320,20260807,6,5,7,Sea,Sea,5499.68,2026-08-31,2026-08-31,160831.98,22838.14,1422.76,0.00,185092.88,25.60,16895.02,1800.00,159486.83,0,None,SYNTHETIC
SIM-02321,20260807,10,3,1,Road,Road,2899.81,2026-08-12,2026-08-18,61194.82,5458.58,1781.32,0.00,68434.72,18.00,6263.59,1800.00,60260.17,0,Documentation,SYNTHETIC
SIM-02322,20260807,8,2,5,Sea,Sea,5215.67,2026-08-31,2026-08-31,204250.96,31904.00,2222.80,0.00,238377.76,38.40,24033.81,1800.00,226115.54,0,None,SYNTHETIC
SIM-02323,20260807,10,1,3,Road,Road,1801.31,2026-08-12,2026-08-13,35178.58,5684.86,1575.07,0.00,42438.51,19.80,4279.91,1800.00,41745.85,0,Capacity constraint,SYNTHETIC
SIM-02324,20260808,4,3,5,Sea,Sea,3835.71,2026-09-01,2026-09-01,187261.51,25542.47,2245.78,0.00,215049.76,38.40,17674.95,1800.00,166766.21,0,None,SYNTHETIC
SIM-02325,20260808,6,3,1,Road,Road,3475.18,2026-08-13,2026-08-12,71399.18,7139.92,1527.17,0.00,80066.27,18.00,7506.39,1800.00,71859.63,0,None,SYNTHETIC
SIM-02326,20260808,8,2,1,Road,Road,1517.03,2026-08-13,2026-08-17,27432.07,4649.74,1239.95,0.00,33321.76,18.00,3276.78,1800.00,32383.32,0,Capacity constraint,SYNTHETIC
SIM-02327,20260808,12,5,7,Air,Air,897.94,2026-08-12,2026-08-11,180672.61,19946.26,2823.21,0.00,203442.08,168.00,18102.47,1800.00,170756.39,0,None,SYNTHETIC
SIM-02328,20260808,12,2,2,Road,Road,1601.70,2026-08-13,2026-08-13,48044.99,7797.70,2785.06,0.00,58627.75,25.20,4843.54,1800.00,47006.38,0,None,SYNTHETIC
SIM-02329,20260808,3,3,8,Sea,Sea,5357.89,2026-09-01,2026-08-31,172632.86,14138.63,1862.15,0.00,188633.64,28.80,18516.87,1800.00,174624.10,0,None,SYNTHETIC
SIM-02330,20260808,11,3,7,Sea,Sea,1948.08,2026-09-01,2026-09-01,50909.56,4938.23,2507.76,0.00,58355.55,25.60,5984.50,1800.00,57655.35,0,None,SYNTHETIC
SIM-02331,20260808,5,5,2,Road,Road,4772.61,2026-08-13,2026-08-18,119468.69,9605.28,1281.37,0.00,130355.34,25.20,14432.37,1800.00,136502.14,0,Documentation,SYNTHETIC
SIM-02332,20260808,7,2,7,Sea,Sea,4360.33,2026-09-01,2026-09-01,110157.43,15565.24,1904.08,0.00,127626.75,25.60,13394.93,1800.00,126819.38,0,None,SYNTHETIC
SIM-02333,20260809,9,3,2,Road,Road,4884.61,2026-08-14,2026-08-11,139507.52,18401.04,2285.46,23186.15,183380.17,25.20,14771.06,1800.00,139663.23,1,None,SYNTHETIC
SIM-02334,20260810,3,2,8,Sea,Sea,2232.49,2026-09-03,2026-09-03,74834.65,7214.06,2577.95,0.00,84626.66,28.80,7715.49,1800.00,73811.20,0,None,SYNTHETIC
SIM-02335,20260810,12,5,5,Sea,Sea,560.51,2026-09-03,2026-09-07,23245.17,3040.47,1536.52,0.00,27822.16,38.40,2582.83,1800.00,25906.41,0,Capacity constraint,SYNTHETIC
SIM-02336,20260810,11,3,3,Road,Road,5950.23,2026-08-15,2026-08-15,150112.79,23192.43,1683.58,0.00,174988.80,19.80,14137.75,1800.00,133752.30,0,None,SYNTHETIC
SIM-02337,20260810,7,4,3,Road,Road,2027.20,2026-08-15,2026-08-15,53991.99,4907.87,2794.34,0.00,61694.20,19.80,4816.63,1800.00,46755.19,0,None,SYNTHETIC
SIM-02338,20260810,7,1,4,Road,Road,4812.83,2026-08-15,2026-08-14,70594.36,6642.93,2887.02,0.00,80124.31,14.40,8316.57,1800.00,79421.32,0,None,SYNTHETIC
SIM-02339,20260810,6,5,1,Road,Road,1639.08,2026-08-15,2026-08-14,35225.80,5118.31,1546.31,0.00,41890.42,18.00,3540.41,1800.00,34843.85,0,None,SYNTHETIC
SIM-02340,20260810,4,2,7,Sea,Sea,2167.17,2026-09-03,2026-09-07,61113.06,5255.72,2170.65,0.00,68539.43,25.60,6657.55,1800.00,63937.10,0,Weather,SYNTHETIC
SIM-02341,20260810,5,1,7,Sea,Air,853.95,2026-09-03,2026-08-15,153930.17,23520.53,1586.99,23736.03,202773.72,25.60,2623.33,1800.00,26284.45,1,None,SYNTHETIC
SIM-02342,20260810,6,1,5,Sea,Sea,3248.65,2026-09-03,2026-09-10,130340.09,19316.40,1909.99,0.00,151566.48,38.40,14969.78,1800.00,141517.94,0,Capacity constraint,SYNTHETIC
SIM-02343,20260810,5,5,4,Road,Road,3785.59,2026-08-15,2026-08-15,54696.29,5814.22,2751.00,0.00,63261.51,14.40,6541.50,1800.00,62854.00,0,None,SYNTHETIC
SIM-02344,20260811,9,3,5,Air,Air,625.50,2026-08-15,2026-08-15,194539.49,32643.73,2684.82,0.00,229868.04,252.00,18915.12,1800.00,178341.12,0,None,SYNTHETIC
SIM-02345,20260811,5,2,6,Sea,Sea,4179.86,2026-09-07,2026-09-06,244104.39,27486.15,1611.81,0.00,273202.35,51.20,25681.06,1800.00,241489.89,0,None,SYNTHETIC
SIM-02346,20260811,6,4,8,Air,Air,531.38,2026-08-15,2026-08-18,120920.54,18404.11,2475.79,0.00,141800.44,189.00,12051.70,1800.00,114282.52,0,Capacity constraint,SYNTHETIC
SIM-02347,20260811,3,4,6,Sea,Air,235.22,2026-09-07,2026-08-18,86279.31,12337.94,2032.49,12165.38,112815.12,51.20,1445.19,1800.00,15288.45,1,None,SYNTHETIC
SIM-02348,20260811,1,2,4,Road,Road,3972.44,2026-08-16,2026-08-13,63929.28,5210.24,2151.56,5414.81,76705.89,14.40,6864.38,1800.00,65867.52,1,None,SYNTHETIC
SIM-02349,20260811,10,4,5,Sea,Sea,5308.72,2026-09-04,2026-09-04,239987.44,38421.99,2820.85,0.00,281230.28,38.40,24462.58,1800.00,230117.43,0,None,SYNTHETIC
SIM-02350,20260811,10,2,6,Air,Air,145.09,2026-08-18,2026-08-16,47920.56,4408.69,2608.95,2980.66,57918.86,336.00,5850.03,1800.00,56400.27,1,None,SYNTHETIC
SIM-02351,20260811,9,5,7,Sea,Sea,3249.34,2026-09-04,2026-09-09,98397.69,8137.49,2113.18,0.00,108648.36,25.60,9981.97,1800.00,94965.07,0,Weather,SYNTHETIC
SIM-02352,20260811,6,1,3,Road,Road,5205.76,2026-08-16,2026-08-14,116921.08,13878.53,1441.45,17538.16,149779.22,19.80,12368.89,1800.00,117242.94,1,None,SYNTHETIC
SIM-02353,20260812,7,2,3,Road,Road,4668.96,2026-08-17,2026-08-23,101400.77,16355.94,2683.84,0.00,120440.55,19.80,11093.45,1800.00,105338.86,0,Capacity constraint,SYNTHETIC
SIM-02354,20260812,11,4,1,Road,Road,2166.72,2026-08-17,2026-08-15,41698.40,5149.75,1366.54,5395.77,53610.46,18.00,4680.12,1800.00,45481.08,1,None,SYNTHETIC
SIM-02355,20260812,2,1,2,Road,Road,4885.46,2026-08-17,2026-08-16,137004.64,20646.60,1347.94,0.00,158999.18,25.20,14773.63,1800.00,139687.22,0,None,SYNTHETIC
SIM-02356,20260812,7,4,7,Sea,Sea,1045.41,2026-09-05,2026-09-04,29019.79,3108.02,1846.42,0.00,33974.23,25.60,3211.50,1800.00,31774.00,0,None,SYNTHETIC
SIM-02357,20260812,5,3,7,Air,Air,858.12,2026-08-16,2026-08-22,167018.19,23516.16,2314.19,0.00,192848.54,168.00,17299.70,1800.00,163263.86,0,Weather,SYNTHETIC
SIM-02358,20260813,10,4,8,Sea,Sea,3060.73,2026-09-06,2026-09-05,108130.53,15916.81,1206.78,0.00,125254.12,28.80,10577.88,1800.00,100526.90,0,None,SYNTHETIC
SIM-02359,20260813,6,5,5,Sea,Sea,5857.00,2026-09-06,2026-09-06,269680.37,25215.11,1637.13,0.00,296532.61,38.40,26989.06,1800.00,253697.86,0,None,SYNTHETIC
SIM-02360,20260813,5,2,5,Sea,Sea,4821.17,2026-09-06,2026-09-06,188545.36,20023.52,1267.49,0.00,209836.37,38.40,22215.95,1800.00,209148.88,0,None,SYNTHETIC
SIM-02361,20260813,7,1,1,Road,Road,1203.03,2026-08-18,2026-08-18,25052.31,4015.89,1203.36,0.00,30271.56,18.00,2598.54,1800.00,26053.08,0,None,SYNTHETIC
SIM-02362,20260814,1,5,5,Air,Air,148.80,2026-08-18,2026-08-21,40300.91,4807.90,2117.91,0.00,47226.72,252.00,4499.71,1800.00,43797.31,0,Weather,SYNTHETIC
SIM-02363,20260814,11,4,2,Road,Road,5972.83,2026-08-19,2026-08-25,182461.04,18647.52,1206.16,0.00,202314.72,25.20,18061.84,1800.00,170377.16,0,Documentation,SYNTHETIC
SIM-02364,20260814,7,2,3,Road,Road,4686.17,2026-08-19,2026-08-18,96505.96,14553.10,2214.54,0.00,113273.60,19.80,11134.34,1800.00,105720.51,0,None,SYNTHETIC
SIM-02365,20260814,3,4,1,Road,Road,4884.19,2026-08-19,2026-08-19,111626.16,18005.30,2570.21,0.00,132201.67,18.00,10549.85,1800.00,100265.27,0,None,SYNTHETIC
SIM-02366,20260814,5,3,1,Road,Road,5913.59,2026-08-19,2026-08-18,122076.82,12000.15,1799.95,0.00,135876.92,18.00,12773.35,1800.00,121017.97,0,None,SYNTHETIC
SIM-02367,20260814,4,1,7,Air,Air,264.96,2026-08-18,2026-08-18,49202.22,5894.43,1796.61,0.00,56893.26,168.00,5341.59,1800.00,51654.87,0,None,SYNTHETIC
SIM-02368,20260814,1,3,2,Road,Road,5346.60,2026-08-19,2026-08-16,145440.11,11867.91,2457.99,17801.87,177567.88,25.20,16168.12,1800.00,152702.44,1,None,SYNTHETIC
SIM-02369,20260814,1,2,5,Sea,Sea,4121.22,2026-09-07,2026-09-07,169108.16,19413.62,2114.37,0.00,190636.15,38.40,18990.58,1800.00,179045.43,0,None,SYNTHETIC
SIM-02370,20260815,7,4,6,Sea,Sea,4918.21,2026-09-11,2026-09-14,298405.99,33391.63,1742.64,0.00,333540.26,51.20,30217.48,1800.00,283829.83,0,Weather,SYNTHETIC
SIM-02371,20260815,9,1,4,Road,Road,3964.95,2026-08-20,2026-08-24,66527.32,8954.58,2030.11,0.00,77512.01,14.40,6851.43,1800.00,65746.71,0,Capacity constraint,SYNTHETIC
SIM-02372,20260816,7,1,4,Road,Road,4009.46,2026-08-21,2026-08-21,61860.24,10145.08,2562.14,0.00,74567.46,14.40,6928.35,1800.00,66464.57,0,None,SYNTHETIC
SIM-02373,20260816,8,5,4,Road,Road,5590.16,2026-08-21,2026-08-26,81902.58,13079.84,1930.14,0.00,96912.56,14.40,9659.80,1800.00,91958.10,0,Documentation,SYNTHETIC
SIM-02374,20260816,5,2,2,Road,Road,1341.99,2026-08-21,2026-08-24,38466.70,4323.66,1421.43,0.00,44211.79,25.20,4058.18,1800.00,39676.33,0,Documentation,SYNTHETIC
SIM-02375,20260816,3,5,5,Sea,Sea,835.21,2026-09-09,2026-09-15,36708.36,4845.50,1880.54,0.00,43434.40,38.40,3848.65,1800.00,37720.71,0,Documentation,SYNTHETIC
SIM-02376,20260816,11,5,4,Road,Road,3726.14,2026-08-21,2026-08-21,59898.24,7044.03,2519.52,0.00,69461.79,14.40,6438.77,1800.00,61895.19,0,None,SYNTHETIC
SIM-02377,20260816,9,2,7,Sea,Sea,3525.93,2026-09-09,2026-09-08,108298.95,14988.57,2603.85,0.00,125891.37,25.60,10831.66,1800.00,102895.47,0,None,SYNTHETIC
SIM-02378,20260816,5,5,2,Road,Road,2104.81,2026-08-21,2026-08-21,62714.83,8497.86,1711.79,0.00,72924.48,25.20,6364.95,1800.00,61206.16,0,None,SYNTHETIC
SIM-02379,20260817,3,3,6,Sea,Sea,2461.94,2026-09-13,2026-09-15,136464.14,17167.19,1497.12,0.00,155128.45,51.20,15126.16,1800.00,142977.49,0,Capacity constraint,SYNTHETIC
SIM-02380,20260817,8,5,2,Road,Road,3428.18,2026-08-22,2026-08-22,95015.74,9463.57,1377.87,0.00,105857.18,25.20,10366.82,1800.00,98556.96,0,None,SYNTHETIC
SIM-02381,20260817,12,2,4,Road,Road,4627.34,2026-08-22,2026-08-29,80426.62,11879.01,1373.81,0.00,93679.44,14.40,7996.04,1800.00,76429.74,0,Weather,SYNTHETIC
SIM-02382,20260817,5,4,3,Road,Road,4347.27,2026-08-22,2026-08-22,105712.56,13214.07,1424.76,0.00,120351.39,19.80,10329.11,1800.00,98205.06,0,None,SYNTHETIC
SIM-02383,20260817,11,5,1,Road,Road,2034.78,2026-08-22,2026-08-22,44831.56,6599.21,2608.02,0.00,54038.79,18.00,4395.12,1800.00,42821.16,0,None,SYNTHETIC
SIM-02384,20260817,4,3,1,Road,Road,3083.34,2026-08-22,2026-08-21,65765.39,10410.66,1968.02,0.00,78144.07,18.00,6660.01,1800.00,63960.13,0,None,SYNTHETIC
SIM-02385,20260817,12,4,3,Road,Road,5882.71,2026-08-22,2026-08-21,148237.06,13474.75,2873.00,0.00,164584.81,19.80,13977.32,1800.00,132254.98,0,None,SYNTHETIC
SIM-02386,20260817,6,3,4,Road,Road,4921.73,2026-08-22,2026-08-22,86701.88,7621.10,1392.25,0.00,95715.23,14.40,8504.75,1800.00,81177.66,0,None,SYNTHETIC
SIM-02387,20260818,12,2,6,Sea,Sea,3215.31,2026-09-14,2026-09-14,201530.43,16606.11,2283.20,0.00,220419.74,51.20,19754.86,1800.00,186178.73,0,None,SYNTHETIC
SIM-02388,20260818,9,5,2,Road,Road,1382.63,2026-08-23,2026-08-21,35736.92,4913.83,2037.42,5464.18,48152.35,25.20,4181.07,1800.00,40823.35,1,None,SYNTHETIC
SIM-02389,20260818,6,2,2,Road,Road,2826.68,2026-08-23,2026-08-20,88847.64,7987.40,2621.73,11798.97,111255.74,25.20,8547.88,1800.00,81580.22,1,None,SYNTHETIC
SIM-02390,20260818,2,4,2,Road,Road,3364.69,2026-08-23,2026-08-23,92036.96,11274.53,1744.09,0.00,105055.58,25.20,10174.82,1800.00,96765.01,0,None,SYNTHETIC
SIM-02391,20260819,2,2,8,Sea,Sea,4172.73,2026-09-12,2026-09-15,129112.74,21626.38,2431.81,0.00,153170.93,28.80,14420.95,1800.00,136395.57,0,Capacity constraint,SYNTHETIC
SIM-02392,20260819,5,3,2,Road,Road,1793.58,2026-08-24,2026-08-22,57472.74,8195.61,2512.35,4781.73,72962.43,25.20,5423.79,1800.00,52422.01,1,None,SYNTHETIC
SIM-02393,20260819,3,2,3,Road,Road,2627.07,2026-08-24,2026-08-24,61029.95,8287.87,1820.76,0.00,71138.58,19.80,6241.92,1800.00,60057.91,0,None,SYNTHETIC
SIM-02394,20260819,9,2,7,Sea,Sea,1379.20,2026-09-12,2026-09-12,41495.37,4572.79,1332.26,0.00,47400.42,25.60,4236.90,1800.00,41344.42,0,None,SYNTHETIC
SIM-02395,20260819,12,4,1,Road,Road,3596.44,2026-08-24,2026-08-23,72415.76,7466.06,2173.70,6930.19,88985.71,18.00,7768.31,1800.00,74304.23,1,None,SYNTHETIC
SIM-02396,20260820,4,4,6,Sea,Sea,5616.70,2026-09-16,2026-09-16,347539.50,42052.28,1370.84,0.00,390962.62,51.20,34509.00,1800.00,323884.04,0,None,SYNTHETIC
SIM-02397,20260820,7,3,3,Road,Road,5394.79,2026-08-25,2026-08-25,121321.91,10712.72,2475.95,0.00,134510.58,19.80,12818.02,1800.00,121434.86,0,None,SYNTHETIC
SIM-02398,20260820,12,4,2,Road,Road,4442.28,2026-08-25,2026-08-27,128837.33,19480.20,2434.52,0.00,150752.05,25.20,13433.46,1800.00,127178.92,0,Weather,SYNTHETIC
SIM-02399,20260820,7,2,4,Road,Road,1548.36,2026-08-25,2026-08-25,24601.85,2657.00,2083.34,0.00,29342.19,14.40,2675.57,1800.00,26771.95,0,None,SYNTHETIC
SIM-02400,20260820,1,3,1,Road,Road,5149.94,2026-08-25,2026-08-25,111377.91,11806.06,1993.49,0.00,125177.46,18.00,11123.87,1800.00,105622.79,0,None,SYNTHETIC
